seller_id,seller_order_count,seller_items_sold,seller_total_sales,seller_avg_item_value,seller_product_count,seller_total_freight,seller_avg_freight,seller_category_count,seller_average_review,seller_reviewed_order_count,seller_late_delivery_rate,seller_delivery_order_count,seller_zip_code_prefix,seller_city,seller_state
0015a82c2db000af6aaaf3ae2ecb0532,3,3,2685.0,895.0,1,63.06,21.02,1,3.6666666666666665,3,0.0,3,09080,santo andre,SP
001cca7ae9ae17fb1caed9dfb1094831,200,239,25080.03,104.9373640167364,11,8854.14,37.046610878661085,2,4.0,196,0.06701030927835051,194,29156,cariacica,ES
001e6ad469a905060d959994f1b41e4f,1,1,250.0,250.0,1,17.94,17.94,1,1.0,1,,0,24754,sao goncalo,RJ
002100f778ceb8431b7a1020ff7ab48f,51,55,1234.5,22.445454545454545,24,793.66,14.430181818181818,1,3.938775510204082,49,0.1875,48,14405,franca,SP
003554e2dce176b5555353e4f3555ac8,1,1,120.0,120.0,1,19.38,19.38,0,5.0,1,0.0,1,74565,goiania,GO
004c9cd9d87a3c30c522c48c4fc07416,158,170,19712.71,115.95711764705882,88,3551.23,20.889588235294116,1,4.142857142857143,154,0.08387096774193549,155,14940,ibitinga,SP
00720abe85ba0859807595bbf045a33b,13,26,1007.5,38.75,9,315.98,12.153076923076924,1,3.6666666666666665,12,0.16666666666666666,12,07070,guarulhos,SP
00ab3eff1b5192e5f1a63bcecfee11c8,1,1,98.0,98.0,1,12.08,12.08,1,5.0,1,0.0,1,04164,sao paulo,SP
00d8b143d12632bad99c0ad66ad52825,1,1,86.0,86.0,1,51.1,51.1,1,5.0,1,0.0,1,30170,belo horizonte,MG
00ee68308b45bc5e2660cd833c3f81cc,135,172,20260.0,117.79069767441861,23,3180.66,18.49220930232558,2,4.333333333333333,129,0.09230769230769231,130,03333,sao paulo,SP
00fc707aaaad2d31347cf883cd2dfe10,103,135,12684.9,93.96222222222222,19,2285.09,16.926592592592595,1,4.076530612244898,98,0.05102040816326531,98,87025,maringa,PR
010543a62bd80aa422851e79a3bc7540,2,2,1416.0,708.0,1,31.950000000000003,15.975000000000001,1,4.5,2,0.0,2,01212,sao paulo,SP
010da0602d7774602cd1b3f5fb7b709e,1,5,849.5,169.9,1,230.25,46.05,1,1.0,1,0.0,1,09710,sao bernardo do campo,SP
011b0eaba87386a2ae96a7d32bb531d1,1,2,99.98,49.99,1,29.18,14.59,1,4.0,1,0.0,1,17580,pompeia,SP
01266d4c46afa519678d16a8b683d325,3,3,90.25,30.083333333333332,3,47.230000000000004,15.743333333333334,1,5.0,3,0.0,3,80250,curitiba,PR
013900e863eace745d3ec7614cab5b1a,23,26,1619.7,62.29615384615385,19,469.67,18.064230769230768,3,4.695652173913044,23,0.0,23,80740,curitiba,PR
014c0679dd340a0e338872e7ec85666a,14,15,7058.0,470.53333333333336,10,628.3100000000001,41.88733333333334,3,3.857142857142857,14,0.14285714285714285,14,35180,timoteo,MG
014d9a685fd57276679edd00e07089e5,11,12,729.88,60.82333333333333,3,146.93,12.244166666666667,2,4.5,8,0.0,8,87015,maringa,PR
0176f73cc1195f367f7b32db1e5b3aa8,38,39,4733.1,121.36153846153847,18,1287.01,33.00025641025641,1,4.138888888888889,36,0.11428571428571428,35,14940,ibitinga,SP
01bcc9d254a0143f0ce9791b960b2a47,11,11,1521.21,138.29181818181817,3,277.65999999999997,25.24181818181818,1,4.4,10,0.0,10,76400,uruacu,GO
01c97ebb5cdac52891c0ed1c37ba0012,9,12,577.5,48.125,3,178.5,14.875,1,4.222222222222222,9,0.0,9,15804,catanduva,SP
01cf7e3d21494c41fb86034f2e714fa1,61,67,9729.36,145.21432835820897,21,2008.82,29.982388059701492,8,4.15,60,0.05084745762711865,59,85603,francisco beltrao,PR
01ed254b9ff8407dfb9d99ba1e17d923,5,5,1465.99,293.198,2,67.72,13.544,1,5.0,5,0.0,5,08710,mogi das cruzes,SP
01fd077212124329bac32490e8ef80d9,31,39,1208.0,30.974358974358974,12,575.36,14.752820512820513,7,4.344827586206897,29,0.034482758620689655,29,14079,ribeirao preto / sao paulo,SP
01fdefa7697d26ad920e9e0346d4bd1b,129,131,14921.43,113.90404580152672,21,2768.64,21.134656488549616,1,4.346456692913386,127,0.06299212598425197,127,86050,londrina,PR
0241d4d5d36f10f80c644447315af0bd,238,246,31397.7,127.6329268292683,56,6853.91,27.86142276422764,1,4.457399103139013,223,0.0625,224,80330,curitiba,PR
0249d282d911d23cb8b869ab49c99f53,11,11,393.0,35.72727272727273,4,138.88,12.625454545454545,1,4.5,10,0.2,10,05676,sao paulo,SP
024b564ae893ce8e9bfa02c10a401ece,2,8,706.4000000000001,88.30000000000001,2,212.0,26.5,2,4.5,2,0.0,2,03280,sao paulo,SP
028872bfa080090a9d0abd4f1af168f8,1,3,70.5,23.5,1,47.37,15.79,0,5.0,1,0.0,1,33940,ribeirao das neves,MG
02a2272692e13558373c66db98f05e2e,2,2,54.98,27.49,2,38.870000000000005,19.435000000000002,1,3.0,2,,0,20040,rio de janeiro,RJ
02b72cdeb9cfcc429f1af6f4e3f3b737,4,4,522.65,130.6625,3,225.99,56.4975,1,4.75,4,0.0,4,14940,ibitinga,SP
02c988090b766852e088c69d7fb3b551,13,17,1618.65,95.21470588235294,11,218.3,12.841176470588236,2,4.583333333333333,12,0.0,12,13473,americana,SP
02d35243ea2e497335cd0f076b45675d,14,16,5794.0,362.125,3,605.95,37.871875,1,2.6666666666666665,12,0.4166666666666667,12,59077,natal,RN
02dcd3e8e25bee036e32512bcf175493,14,17,1491.9,87.75882352941177,7,312.17,18.36294117647059,1,3.857142857142857,14,0.3076923076923077,13,32310,contagem,MG
02ecc2a19303f05e59ce133fd923fff7,21,24,5264.19,219.34124999999997,17,478.21,19.925416666666667,3,4.7,20,0.0,20,09121,santo andre,SP
02f5837340d7eb4f653d676c7256523a,30,30,3883.05,129.435,3,580.83,19.361,1,4.833333333333333,30,0.03333333333333333,30,80620,curitiba,PR
02f623a8eb246f3c5f7c2f96462654e6,44,44,6378.0,144.95454545454547,23,829.63,18.855227272727273,2,4.558139534883721,43,0.09090909090909091,44,18611,botucatu,SP
0307f7565ff85b299b6e5ef162b1b1a9,7,7,4728.8,675.5428571428572,6,274.77,39.25285714285714,3,3.142857142857143,7,0.0,6,15085,sao jose do rio preto,SP
0336182e1b3e92f029d5354832045fdf,1,2,29.8,14.9,2,17.57,8.785,1,,0,,0,14940,ibitinga,SP
034b9387752bfa309f350a70cd45ffa3,8,8,96.0,12.0,2,144.26,18.0325,1,4.5,8,0.0,8,89036,blumenau,SC
038b75b729c8a9a04b0d07cba7eabe86,2,2,467.0,233.5,1,90.85,45.425,1,3.5,2,0.5,2,12231,sao jose dos campos,SP
039b29ff3b3473435d0cd59040575de9,9,9,114.9,12.766666666666667,7,100.65,11.183333333333334,2,4.444444444444445,9,0.0,9,09443,ribeirao pires,SP
039e6ad9dae79614493083e241147386,5,5,12925.0,2585.0,4,348.42,69.684,1,4.0,5,0.2,5,03560,sao paulo,SP
03a2a6dcbe45d639c4dc2a0d24769c40,9,9,1078.41,119.82333333333334,7,172.25,19.13888888888889,1,4.111111111111111,9,0.1111111111111111,9,09340,maua,SP
03bd479e1d9484cdb14104d3023f7321,3,3,359.70000000000005,119.90000000000002,3,57.72,19.24,1,5.0,2,0.5,2,38401,uberlandia,MG
0417b067eeab773d2f7061a726dc477f,13,13,1859.18,143.01384615384615,11,642.57,49.42846153846154,1,3.923076923076923,13,0.3076923076923077,13,89288,sao bento do sul,SC
042573af89b6d931f672efaf789d8358,3,3,413.48,137.82666666666668,3,65.09,21.69666666666667,2,3.6666666666666665,3,0.3333333333333333,3,18015,sorocaba,SP
04308b1ee57b6625f47df1d56f00eedf,94,94,60130.6,639.6872340425532,20,3054.39,32.49351063829787,1,3.882978723404255,94,0.11956521739130435,92,88215,bombinhas,SC
0432ead42b6c8a0bdf68154add917fdf,85,90,7792.1,86.5788888888889,56,1207.52,13.416888888888888,3,4.530864197530864,81,0.038461538461538464,78,09320,maua,SP
044668ccd5316b12a7cf0d54a156e3e9,3,4,137.8,34.45,1,53.55,13.3875,1,5.0,3,0.0,3,06016,osasco,SP
04843805947f0fc584fc1969b6e50fe7,1,2,1400.0,700.0,1,74.76,37.38,1,5.0,1,1.0,1,93900,ivoti,RS
048c2757535328e0d7dac690ad3c0aae,51,51,9264.78,181.6623529411765,20,1286.28,25.221176470588233,1,4.18,50,0.14,50,14406,franca,SP
04aa0a1c5ce6b222003403a3e11c3cc0,11,17,5518.0,324.5882352941176,8,821.51,48.32411764705882,2,4.090909090909091,11,0.18181818181818182,11,13150,cosmopolis,SP
04aba03279157f6d4e0fe8ccaf21963c,16,16,2575.9,160.99375,12,346.43,21.651875,1,4.3125,16,0.06666666666666667,15,28470,santo antonio de padua,RJ
04e38a233f726ef161074ab1c9b0399a,23,28,1352.2,48.292857142857144,11,459.07,16.395357142857144,3,3.652173913043478,23,0.15789473684210525,19,01239,sao paulo,SP
04ee0ec01589969663ba5967c0e0bdc0,1,1,289.49,289.49,1,24.83,24.83,1,5.0,1,0.0,1,95910,lajeado,RS
04fdea0c111866e6cf812f1570d6b5bd,10,10,1055.0,105.5,2,206.95,20.695,2,3.2,10,0.125,8,08411,sao paulo,SP
0509040ea3fe50071181bbc359eb7738,89,98,3737.95,38.14234693877551,34,1445.1499999999999,14.74642857142857,3,4.482758620689655,87,0.06896551724137931,87,31710,belo horizonte,MG
052577151711aec5c744fe12e66db3e1,4,4,2748.0,687.0,1,222.42,55.605,1,2.25,4,0.0,1,89136,rodeio,SC
054694fa03fe82cec4b7551487331d74,21,22,9983.1,453.77727272727276,15,720.65,32.75681818181818,4,3.4761904761904763,21,0.3,20,15840,itajobi,SP
056b4ada5bbc2c50cc7842547dda6b51,65,66,12333.390000000001,186.86954545454546,23,1306.02,19.78818181818182,2,4.171875,64,0.109375,64,26379,queimados,RJ
0570350b23eda5444f8d1d9544932058,6,11,626.9,56.99090909090909,3,124.86,11.350909090909092,2,5.0,6,0.0,6,05104,sao paulo,SP
05730013efda596306417c3b09302475,4,4,952.0,238.0,4,216.67,54.1675,2,5.0,4,0.0,4,88813,criciuma,SC
058cb5aeb36d7c0fcae20fc85d5e0a59,12,13,1328.0,102.15384615384616,8,779.42,59.95538461538461,1,3.5833333333333335,12,0.09090909090909091,11,21635,rio de janeiro,RJ
058fd0aa2bfdb2274e05e1ae971dabb6,61,64,7667.9,119.8109375,11,887.9,13.8734375,2,4.45,60,0.06779661016949153,59,09020,santo andre,SP
05a48cc8859962767935ab9087417fbb,1,1,42.9,42.9,1,16.49,16.49,1,5.0,1,0.0,1,05372,sao paulo,SP
05a940b4ecae36cadfd8e93bd9c43257,10,10,952.0,95.2,9,196.94,19.694,3,3.9,10,0.0,9,74305,goiania,GO
05aebce0b5c8f0d41b29b686f2d05fd3,2,2,74.99000000000001,37.495000000000005,2,45.89,22.945,2,5.0,2,0.5,2,03962,sao paulo,SP
05ca864204d09595ae591b93ea9cf93d,1,1,179.9,179.9,1,8.52,8.52,1,5.0,1,1.0,1,06465,barueri,SP
05d2173d43ea568aa0540eba70d2ca76,62,66,5759.66,87.26757575757576,48,1679.27,25.443484848484847,3,4.183333333333334,60,0.06451612903225806,62,37135,alfenas,MG
05e107217c7266362fd44b75b2cd4cc4,5,8,193.38,24.1725,3,82.00999999999999,10.251249999999999,1,4.2,5,0.4,5,05353,sao paulo - sp,SP
05f51e13da97139648b8125c31e5f51b,60,63,13769.01,218.5557142857143,21,2019.29,32.05222222222222,3,4.066666666666666,60,0.15789473684210525,57,31910,belo horizonte,MG
05feb94f19d094d4b0f9281f0b1d4c99,6,6,9353.0,1558.8333333333333,2,697.04,116.17333333333333,2,4.5,6,0.0,6,08752,mogi das cruzes,SP
05ff92fedb5be47920fea08e501238b9,59,62,21992.78,354.7222580645161,16,1815.39,29.280483870967743,3,4.237288135593221,59,0.05263157894736842,57,98803,santo angelo,RS
062c325cd6a2b87845fab56b4ec2eeae,2,2,133.22,66.61,2,23.86,11.93,2,5.0,2,0.0,2,08150,sao paulo,SP
062ce95fa2ad4dfaedfc79260130565f,55,60,7521.0,125.35,14,1200.44,20.007333333333335,5,4.037735849056604,53,0.038461538461538464,52,95913,lajeado,RS
06532f10282704ef4c69168b914b77be,8,9,10220.5,1135.611111111111,8,698.24,77.58222222222223,2,4.25,8,0.0,7,87140,paincandu,PR
06579cb253ecd5a3a12a9e6eb6bf8f47,62,72,4727.2,65.65555555555555,11,1499.41,20.82513888888889,3,4.114754098360656,61,0.13333333333333333,60,04007,sao paulo - sp,SP
066a6914e1ebf3ea95a216c73a986b91,68,74,9410.380000000001,127.16729729729731,44,1705.57,23.048243243243242,7,4.138461538461539,65,0.03125,64,85863,foz do iguacu,PR
0691148aee60ca47977c187804f935ae,47,53,5868.51,110.72660377358491,37,1490.94,28.130943396226417,6,4.25,46,0.021739130434782608,46,86010,londrina,PR
0692610d8abe24f287e9fae90ea0bbee,4,4,173.99,43.4975,3,31.73,7.9325,2,4.0,4,0.25,4,02310,sao paulo,SP
06a2c3af7b3aee5d69171b0e14f0ee87,392,405,36408.95,89.89864197530864,44,12141.29,29.978493827160495,1,3.994832041343669,387,0.23195876288659795,388,65072,sao luis,MA
06bb3a2fe5e7b7a845b13e8fb91bd944,17,18,1536.19,85.3438888888889,14,326.14,18.11888888888889,1,4.588235294117647,17,0.0,17,31844,belo horizonte,MG
06df0c10d34e459d9672bc77388742eb,26,30,9070.0,302.3333333333333,1,525.77,17.525666666666666,1,4.346153846153846,26,0.11538461538461539,26,87045,maringa,PR
06e5eefc71ec47ae763c5c6f8db7064f,92,95,22188.56,233.56378947368424,35,2193.28,23.087157894736844,6,3.897727272727273,88,0.022727272727272728,88,91350,porto alegre,RS
07017df32dc5f2f1d2801e579548d620,8,9,946.49,105.16555555555556,3,181.75,20.194444444444443,1,4.0,8,0.0,8,58030,joao pessoa,PB
070d165398b553f3b4b851c216b8a358,32,39,3393.16,87.00410256410257,11,1003.5899999999999,25.733076923076922,1,3.2666666666666666,30,0.1724137931034483,29,03916,sao paulo,SP
0725b8c0f3f906e58f70cbe76b7c748c,17,37,2190.3,59.197297297297304,15,715.69,19.342972972972973,5,3.65625,16,0.4,15,07023,guarulhos,SP
0743a0239d764b9a0f959a57d07e36ab,4,4,336.96,84.24,2,66.26,16.565,2,4.75,4,0.0,4,03138,sao paulo,SP
0747d5bb69f0586cc869d8af4c50f93e,14,15,346.59999999999997,23.106666666666666,10,208.89,13.925999999999998,2,3.357142857142857,14,0.08333333333333333,12,28990,saquarema,RJ
0761743cbffb25d7148189e9f1a5f03a,3,7,241.2,34.457142857142856,3,86.2,12.314285714285715,2,4.666666666666667,3,0.0,3,14096,ribeirao preto,SP
077c5fae4bea9500e3737b16f71b9d3a,4,6,106.80000000000001,17.8,3,70.44,11.74,1,4.5,4,0.0,4,18052,sorocaba,SP
0791d9fc1e30678ecf03d3e55fa108d3,5,11,842.0,76.54545454545455,5,186.99,16.99909090909091,1,4.0,5,0.0,5,30775,belo horizonte,MG
079d295dcbf06ee8bb1b65ba964eb2b6,5,10,349.3,34.93,3,190.79,19.079,1,4.6,5,0.0,5,02124,sao paulo,SP
07a9bc7f61396b658ddf3ac534efe44c,1,1,119.9,119.9,1,15.59,15.59,1,3.5,1,0.0,1,02925,sao paulo,SP
07bf9669d84d1f11be443a9dd938f698,18,24,1776.0,74.0,11,646.22,26.925833333333333,2,3.7222222222222223,18,0.0,18,04761,sao paulo,SP
07d75e33f2750d97d467fb57e4dfdd8a,2,2,722.4,361.2,2,37.19,18.595,2,2.5,2,0.0,2,02117,sao paulo,SP
07de60b03d150fb3ea09eab5da5e4c8b,9,9,719.1,79.9,4,169.9,18.87777777777778,1,4.75,8,0.125,8,14940,ibitinga,SP
07e8e8fc5222bb358e6f259da3197074,2,2,51.8,25.9,2,23.06,11.53,0,4.0,2,0.0,2,04216,sao paulo,SP
080102cd0a76b09e0dcf55fcacc60e05,124,130,5716.78,43.97523076923077,43,2195.93,16.891769230769228,5,4.5,122,0.041666666666666664,120,31140,belo horizonte,MG
080199a181c46c657dc5aa235411be3b,79,83,14504.2,174.74939759036147,40,1040.68,12.53831325301205,1,4.615384615384615,78,0.02531645569620253,79,06097,osasco,SP
08061dc0fc165ed41288cc7acde738ee,4,4,123.80000000000001,30.950000000000003,3,58.42,14.605,1,4.5,4,0.25,4,06036,osasco,SP
08084d990eb3f53af056ccbc1730c8a7,12,12,372.5,31.041666666666668,3,234.29,19.524166666666666,1,4.4,10,0.0,11,03612,sao paulo,SP
081acf3de680d554796c9cf041be7bc2,4,8,1597.3,199.6625,4,205.5,25.6875,2,4.0,3,0.3333333333333333,3,33200,vespasiano,MG
082e0bf4cb865a6533b1e8e498cc0255,11,23,2073.3,90.14347826086957,17,991.03,43.08826086956522,2,3.272727272727273,11,0.18181818181818182,11,18608,botucatu,SP
085f6f7e049c996695fb2074fe38d45e,6,8,305.4,38.175,6,130.56,16.32,4,4.0,6,0.0,6,12020,taubate,SP
08633c14ef2db992c11f840f04fad4cd,74,97,7644.3,78.80721649484536,16,1424.52,14.685773195876289,5,4.394366197183099,71,0.07042253521126761,71,09416,ribeirao pires,SP
0873d9f8f36123f8d910f4760e788cfb,6,6,7265.59,1210.9316666666666,6,161.06,26.843333333333334,2,3.6,5,0.4,5,06465,barueri,SP
0885aaf116795758dfeb5f1032487bcd,28,30,2648.0,88.26666666666667,20,514.32,17.144000000000002,2,4.541666666666667,24,0.043478260869565216,23,08541,ferraz de vasconcelos,SP
0887a9f087bcd5d9f6642b52f897fc6c,12,12,1642.0,136.83333333333334,3,220.35,18.3625,3,4.416666666666667,12,0.08333333333333333,12,11990,cananeia,SP
08ad4ac1388e4420ca531c3edfc46198,6,7,221.61999999999998,31.659999999999997,5,89.05,12.721428571428572,1,3.2,5,0.0,5,06663,itapevi,SP
08cdbae123ff67ca4e36d9d641ce0119,4,6,3098.99,516.4983333333333,3,1096.47,182.745,1,3.25,4,0.5,4,36504,uba,MG
08d0949a9a17c027262db1f3c450c26c,12,12,324.8,27.066666666666666,9,233.04000000000002,19.42,1,4.0,10,0.0,10,85804,cascavel,PR
08d1c9478fb0d7d7fcac9c0da4e82fc7,1,1,538.0,538.0,1,67.57,67.57,1,5.0,1,0.0,1,31110,belo horizonte,MG
08d2d642cf72b622b14dde1d2f5eb2f5,17,21,914.0,43.523809523809526,8,321.26,15.298095238095238,5,4.3125,16,0.1875,16,17512,marilia,SP
08f5819815f3d06545011850bd70f0a8,3,3,452.0,150.66666666666666,3,70.83,23.61,1,4.666666666666667,3,0.0,3,11075,santos,SP
091065b789659bc3cd9af9cb3a6253ff,2,2,1359.0,679.5,1,85.37,42.685,1,3.5,2,0.0,2,92120,canoas,RS
0936e1837d0c79253456bbb2ffaaef10,1,2,38.9,19.45,1,31.12,15.56,1,5.0,1,0.0,1,02050,sao paulo,SP
093805f8f2aeb63881444571e1f48f30,22,27,1215.79,45.029259259259256,18,343.94,12.738518518518518,1,4.181818181818182,22,0.045454545454545456,22,06236,osasco,SP
094ced053e257ae8cae57205592d6712,19,19,1519.2,79.9578947368421,13,459.03,24.159473684210525,2,4.111111111111111,18,0.0,18,14095,ribeirao preto,SP
0951a6e282947e09cd47969f4ed0b47f,7,7,492.3,70.32857142857144,2,88.02,12.574285714285713,2,4.857142857142857,7,0.0,7,06763,taboao da serra,SP
09883d9ab71c8fe8a9bfc7fc3075b07e,5,5,329.5,65.9,5,76.67,15.334,1,3.4,5,0.25,4,08180,sao paulo,SP
099095b050cfe8eb1ddff5317587e96e,17,20,5193.83,259.6915,11,715.3199999999999,35.766,8,3.235294117647059,17,0.1875,16,03322,sao paulo,SP
09bad886111255c5b5030314fc7f1a4a,5,5,487.5,97.5,1,72.86,14.572,1,5.0,5,0.0,5,01022,sao paulo,SP
09f952a5f58d2285b0372551ae8f9b01,50,56,11821.5,211.09821428571428,11,1524.96,27.231428571428573,2,4.068181818181818,44,0.06818181818181818,44,09725,sao bernardo do campo,SP
0a198e95d32b1be2da9424c962a6ebfa,1,1,69.99,69.99,1,16.68,16.68,1,5.0,1,0.0,1,32260,contagem,MG
0a82f5fb06a4fe4ac2cf7cb412ec71b8,2,2,462.0,231.0,2,22.799999999999997,11.399999999999999,1,5.0,2,0.0,2,05524,sao paulo,SP
0a85ebe4e328db81ac9109781205e2f7,12,12,667.9,55.65833333333333,8,137.75,11.479166666666666,2,4.636363636363637,11,0.09090909090909091,11,13205,jundiai,SP
0aa124728afc1131dff5655f4c6f487b,2,2,850.92,425.46,2,107.86,53.93,2,1.0,2,,0,37135,alfenas,MG
0aa2205ca24f113f4658a5c536667426,4,11,815.62,74.14727272727272,3,172.48,15.68,1,4.0,4,0.0,4,04281,sao paulo,SP
0ac4201fda2c68ebc0e47cb9423cf3c9,13,14,1676.88,119.77714285714286,4,233.99,16.71357142857143,3,4.230769230769231,13,0.07692307692307693,13,03345,sao paulo,SP
0ad80de75c811326389cfb1daba7d45e,6,6,1449.3999999999999,241.56666666666663,6,115.32,19.22,1,5.0,5,0.0,6,20261,rio de janeiro,RJ
0adac9fbd9a2b63cccaac4f8756c1ca8,110,142,15960.95,112.40105633802817,66,2499.27,17.60049295774648,5,4.09433962264151,106,0.06796116504854369,103,13290,louveira,SP
0ade5cc4a305ed7093a23f68ca47519c,2,2,158.88,79.44,2,42.39,21.195,1,5.0,2,0.0,2,81030,curitiba,PR
0aea4c6ae1505b3228ddf3dd7822ee5b,8,8,1427.91,178.48875,8,151.75,18.96875,1,3.875,8,0.25,8,18080,sorocaba,SP
0af2ab31141893d26aca5a404a537dab,1,1,59.0,59.0,1,15.51,15.51,1,5.0,1,0.0,1,03431,sao paulo,SP
0af977692321d895349eded183341d28,2,2,257.75,128.875,2,19.47,9.735,1,4.5,2,0.0,2,11070,santos,SP
0afccdb8a34ee5c79f7c06faf2b4d56e,25,25,1225.5,49.02,10,388.28,15.531199999999998,1,4.041666666666667,24,0.08333333333333333,24,38400,uberlandia,MG
0b09101900100c0e9d312861fad5a1b9,1,1,153.75,153.75,1,14.61,14.61,1,,0,,0,03168,sao paulo,SP
0b0ddbc7b9d9584f442c7ac92b0ff6c9,3,3,1416.76,472.25333333333333,3,133.88,44.626666666666665,1,4.666666666666667,3,0.0,3,07052,guarulhos,SP
0b18d63d0cd1d723567903fd34a07df2,9,14,1678.1399999999999,119.86714285714285,9,265.89,18.992142857142856,2,4.777777777777778,9,0.0,9,05141,sp,SP
0b1ca3ef18a63d7eb0c8897fa0849c08,1,1,55.0,55.0,1,7.87,7.87,1,5.0,1,0.0,1,18131,sao roque,SP
0b35c634521043bf4b47e21547b99ab5,51,78,13533.65,173.50833333333333,39,1475.09,18.911410256410257,1,3.4186046511627906,43,0.18604651162790697,43,84530,teixeira soares,PR
0b36063d5818f81ccb94b54adfaebbf5,1,15,765.0,51.0,1,18.0,1.2,1,5.0,1,0.0,1,89255,jaragua do sul,SC
0b3f27369a4d8df98f7eb91077e438ac,2,2,146.51,73.255,2,24.88,12.44,1,4.0,2,0.0,2,07412,aruja,SP
0b46f784306be7200ca1700aa55d819f,1,1,19.9,19.9,1,10.96,10.96,1,5.0,1,0.0,1,31210,belo horizonte,MG
0b64bcdb0784abc139af04077d49a20e,4,4,137.6,34.4,2,68.21000000000001,17.052500000000002,1,4.75,4,0.0,4,92420,canoas,RS
0b90b6df587eb83608a64ea8b390cf07,164,210,28592.32,136.15390476190476,46,3615.32,17.215809523809526,1,4.0474683544303796,158,0.0379746835443038,158,87025,maringa,PR
0bae85eb84b9fb3bd773911e89288d54,137,146,7482.21,51.24801369863014,45,2924.19,20.028698630136986,13,4.297709923664122,131,0.007692307692307693,130,88301,itajai,SP
0bb27263628258b8111a0262769fa9db,1,1,22.2,22.2,1,10.96,10.96,1,5.0,1,0.0,1,03077,sao paulo,SP
0bb738e4d789e63e2267697c42d35a2d,30,31,2388.3,77.04193548387097,4,642.34,20.720645161290324,2,4.6,30,0.03571428571428571,28,18130,sao roque,SP
0be8ff43f22e456b4e0371b2245e4d01,161,180,11805.5,65.58611111111111,121,2579.15,14.328611111111112,13,4.006451612903226,155,0.06666666666666667,150,04461,sao paulo,SP
0bebbb2cea103a4a020c95d43fd7d754,9,9,1367.2,151.91111111111113,9,147.14000000000001,16.34888888888889,2,4.888888888888889,9,0.0,9,02515,sao paulo,SP
0bf0150d5b9d60d9cd2906003332f085,39,62,5774.6,93.13870967741936,15,1097.74,17.705483870967743,2,3.789473684210526,38,0.20512820512820512,39,01547,sao paulo,SP
0bfd0b434243adc5c2e1aa6baf19c6aa,6,6,371.20000000000005,61.866666666666674,6,65.78999999999999,10.964999999999998,4,4.0,5,0.0,5,22745,rio de janeiro,RJ
0c7533c71df861ec58ad7ff999ed0e8d,61,73,2989.2999999999997,40.94931506849315,29,874.21,11.975479452054795,1,4.206896551724138,58,0.05172413793103448,58,13270,valinhos,SP
0c7f30ae9b147eca07affbef92832a6a,5,5,479.5,95.9,4,87.61,17.522,3,5.0,5,0.0,5,84020,ponta grossa,PR
0c8380b62e38e8a1e6adbeba7eb9688c,182,220,17348.79,78.85813636363636,93,4107.04,18.668363636363637,3,4.081871345029239,171,0.058823529411764705,170,37410,tres coracoes,MG
0cab2da43793a6f3c5ed8514c5f54627,3,3,309.70000000000005,103.23333333333335,2,57.2,19.066666666666666,2,5.0,3,0.0,3,80060,curitiba,PR
0cbcee27c791afa0cdcb08587a2013a8,39,41,5324.15,129.85731707317072,13,817.16,19.930731707317072,3,3.8461538461538463,39,0.10526315789473684,38,37410,tres coracoes,MG
0d33a55da925bbf1ff02af5f6059fc7f,22,24,547.3,22.804166666666664,8,385.61,16.067083333333333,4,4.4,20,0.05,20,05632,sao paulo,SP
0d4c8269e7f0401201794deef160edd6,3,4,792.64,198.16,4,99.39,24.8475,1,3.6666666666666665,3,0.0,3,14076,ribeirao preto,SP
0d83f8e03188682112cc0d93523705cc,4,8,696.26,87.0325,2,124.31,15.53875,1,3.75,4,0.25,4,91150,porto alegre,RS
0d85bbda9889ce1f7e63778d24f346eb,51,58,4845.2,83.53793103448275,17,1624.5,28.00862068965517,3,4.2,50,0.11764705882352941,51,38414,uberlandia,MG
0daf5180aa44356f60f8effa533b55a2,2,2,144.8,72.4,2,38.83,19.415,1,5.0,2,0.5,2,74043,goiania,GO
0db783cfcd3b73998abc6e10e59a102f,132,137,9077.4,66.25839416058393,14,1999.1499999999999,14.592335766423357,5,4.217054263565892,129,0.038461538461538464,130,11010,santos,SP
0dd184061fb0eaa7ca37932c68ab91c5,161,193,18446.92,95.57989637305698,11,5319.5,27.56217616580311,3,4.064516129032258,155,0.12179487179487179,156,07031,guarulhos,SP
0ddefe3c7a032b91f4e25b9c3a08fca1,9,10,402.9,40.29,7,150.0,15.0,4,4.555555555555555,9,0.0,9,09721,sao bernardo do campo,SP
0df3984f9dfb3d49ac6366acbd3bbb85,87,89,10021.49,112.60101123595506,25,1498.72,16.839550561797754,2,4.416666666666667,84,0.012048192771084338,83,32604,betim,MG
0dfbed20065e425d2eaefb101f9816c0,3,3,84.35,28.116666666666664,2,49.25,16.416666666666668,2,2.6666666666666665,3,0.3333333333333333,3,13660,porto ferreira,SP
0e44d110fa6a54e121cb2c095a77762f,6,6,223.32,37.22,5,70.06,11.676666666666668,1,4.333333333333333,6,0.16666666666666666,6,07901,francisco morato,SP
0e72c1a751b496722a6cb1f10653b62a,3,3,140.8,46.93333333333334,3,51.300000000000004,17.1,2,4.666666666666667,3,0.0,3,06280,sao paulo,SP
0e982cff76cc0579f632cea8a0e38c9d,7,12,1307.34,108.945,8,172.97,14.414166666666667,1,4.166666666666667,6,0.0,5,88316,itajai,SC
0ea22c1cfbdc755f86b9b54b39c16043,237,269,10711.7,39.82044609665428,152,4363.61,16.221598513011152,9,4.488584474885845,219,0.0182648401826484,219,35700,sete lagoas,MG
0eaa7e33d73809f1f925f7d07c506cbd,15,15,1552.0,103.46666666666667,12,194.9,12.993333333333334,2,4.714285714285714,14,0.0,15,09111,santo andre,SP
0ebd97a106433a45a4aebe57c1799778,31,32,3046.8,95.2125,10,614.88,19.215,1,4.75,28,0.0,28,32240,contagem,MG
0ec28cec4046a4a199b6de9b4c891d97,3,4,296.6,74.15,2,56.04,14.01,1,5.0,3,0.0,3,74110,goiania,GO
0ed6ce5d87fd9c69eaacaeb778d67235,43,43,2141.42,49.80046511627907,26,687.83,15.996046511627908,4,4.404761904761905,42,0.14285714285714285,42,13473,americana,SP
0ee4fb99ac55ffbbc98795aa01b7f8fa,1,1,59.9,59.9,1,11.03,11.03,1,5.0,1,0.0,1,06539,santana de parnaiba,SP
0ef83d7d83ed97cd2a0049ac8be5f88a,48,55,4421.01,80.382,14,1026.8,18.669090909090908,2,4.2444444444444445,45,0.021739130434782608,46,80230,curitiba,PR
0f0c984a4a955310903b6b6008660bad,4,4,369.81,92.4525,4,111.57,27.8925,2,3.75,4,0.25,4,14403,franca,SP
0f519b0d2e5eb2227c93dd25038bfc01,1,1,79.9,79.9,1,23.0,23.0,1,5.0,1,0.0,1,14940,ibitinga,SP
0f7eea709efdf942b5f95c7516dbacd7,3,3,195.74,65.24666666666667,2,44.32,14.773333333333333,1,4.0,3,0.0,3,19865,pedrinhas paulista,SP
0f80a40c312b2472dca482cf50f5186f,1,1,129.9,129.9,1,20.1,20.1,1,3.0,1,0.0,1,18681,lencois paulista,SP
0f94588695d71662beec8d883ffacf09,1,1,9.0,9.0,1,18.59,18.59,1,5.0,1,0.0,1,88037,florianopolis,SC
0fe2d9733ed841eb064503920015a8c0,3,3,389.64,129.88,3,108.71000000000001,36.23666666666667,1,4.666666666666667,3,0.0,3,19906,ourinhos,SP
0ff83046c3fa22efee8ecf291888b191,10,11,768.9000000000001,69.9,6,254.48000000000002,23.134545454545457,1,4.8,10,0.0,10,95110,caxias do sul,RS
0ffa40d54288e4f3499b8780dd0f144f,33,35,2162.8,61.79428571428572,21,583.67,16.67628571428571,2,4.484848484848484,33,0.15151515151515152,33,19013,presidente prudente,SP
10076e5788b8ee532724bcd460baf762,23,26,821.48,31.595384615384617,13,377.29999999999995,14.51153846153846,2,4.590909090909091,22,0.045454545454545456,22,14315,batatais,SP
10089e9f2fd0c668a8fd4e52e1698888,3,3,1139.9,379.9666666666667,3,59.41,19.80333333333333,1,4.333333333333333,3,0.0,3,15061,sao jose do rio preto,SP
101921376b577a4540dc30e9009133ca,1,1,373.0,373.0,1,21.49,21.49,1,2.0,1,,0,13505,rio claro,SP
101a3a003516bc11253298b2fad3cb65,5,6,450.0,75.0,2,74.0,12.333333333333334,2,4.8,5,0.0,5,13503,rio claro,SP
1025f0e2d44d7041d6cf58b6550e0bfa,915,1428,138968.55,97.31691176470588,154,33892.14,23.733991596638656,4,4.027366020524515,877,0.10466439135381114,879,03204,sao paulo,SP
10264f60a8f0a4d2f30810f5c661c673,4,4,284.6,71.15,2,41.86,10.465,1,5.0,4,0.0,4,13090,campinas,SP
1099a00e0ee3a50935e6c2447ca090c5,3,3,849.6999999999999,283.2333333333333,3,61.129999999999995,20.376666666666665,1,3.6666666666666665,3,0.3333333333333333,3,20921,rio de janeiro,RJ
10cdd491d1dbea8fb4ead97b19c334ce,3,3,208.9,69.63333333333334,2,78.86,26.286666666666665,1,5.0,3,0.0,3,37540,santa rita do sapucai,MG
10ff823eda2b032e2c93d17a7d294736,9,9,1294.97,143.88555555555556,6,164.56,18.284444444444446,2,3.888888888888889,9,0.0,8,17280,pederneiras,SP
112453736dbe3889cfb74e1aaa0ba0c1,7,14,1890.0,135.0,2,264.77,18.912142857142857,2,4.142857142857143,7,0.0,7,03520,sao paulo,SP
1127b7f2594683f2510f1c2c834a486b,114,132,6851.33,51.90401515151515,74,1821.71,13.800833333333333,4,4.133928571428571,112,0.027777777777777776,108,13087,campinas,SP
11305281b50fff20ae8bb473f8e11876,35,40,6528.7,163.2175,18,1444.51,36.11275,5,4.294117647058823,34,0.11764705882352941,34,36500,uba,MG
113e3a788b935f48aad63e1c41dac1bd,39,48,847.35,17.653125,28,686.6,14.304166666666667,1,4.315789473684211,38,0.05128205128205128,39,12570,aparecida,SP
116ccb1a1604bc88e4d234a8c23f33de,61,73,2004.89,27.464246575342468,27,943.4399999999999,12.923835616438355,5,4.694915254237288,59,0.05084745762711865,59,09850,sao bernardo do campo,SP
11742f81550ac064cc9a40f67151d9ad,2,2,781.9,390.95,2,49.11,24.555,1,5.0,2,0.0,2,15810,catanduva,SP
117cfc326c6d50da67ca858ff5c0c852,5,5,454.6,90.92,2,81.47999999999999,16.296,2,4.6,5,0.0,5,25530,sao joao de meriti,RJ
11938fcc75f6902fea1d0a6f72b54a57,2,2,594.98,297.49,2,142.16,71.08,1,3.0,2,0.0,2,89900,sao miguel d'oeste,SC
119c7f1a00ef43fad0e57604e76a747c,2,2,189.8,94.9,2,17.02,8.51,1,4.5,2,0.0,2,02614,sao paulo,SP
119d1aef1b4144adba89163f6cd9f5d4,4,4,1094.0,273.5,3,204.24,51.06,2,4.75,4,0.0,4,13920,pedreira,SP
11bfa66332777660bd0640ee84d47006,76,102,3925.87,38.48892156862745,40,1682.67,16.496764705882352,2,3.8947368421052633,76,0.15789473684210525,76,14085,ribeirao preto,SP
11d4c477d09821164bca4f70a2eae031,3,4,83.04,20.76,2,57.81999999999999,14.454999999999998,1,5.0,3,0.0,3,14075,ribeirao preto,SP
11eac105f3f90a9b87b19c89d91e24f3,5,5,802.89,160.578,4,124.94,24.988,2,3.6,5,0.0,5,07411,sao paulo,SP
11fb6f6d341adbe19e81733701704635,3,3,1197.0,399.0,1,399.65999999999997,133.22,1,5.0,3,0.0,3,04133,sao paulo,SP
120476eb7a04c149d14772edaf5d9bf2,4,6,2368.8,394.8,4,150.83,25.138333333333335,3,4.25,4,0.0,4,23954,angra dos reis,RJ
1284de4ae8aa26997e748c851557cf0e,3,3,1459.97,486.6566666666667,3,86.86999999999999,28.956666666666663,1,2.6666666666666665,3,0.0,3,85301,laranjeiras do sul,SP
128639473a139ac0f3e5f5ade55873a5,533,560,11908.849999999999,21.26580357142857,66,9785.6,17.474285714285713,6,4.201923076923077,520,0.06346153846153846,520,87050,maringa,PR
128f9bfbe4c7d5185033914b1de3d39a,14,16,1277.29,79.830625,9,373.2,23.325,1,4.714285714285714,14,0.07692307692307693,13,12940,atibaia,SP
12a8eb0f8d1cd3270695bf2a99f55966,2,2,397.0,198.5,2,39.67,19.835,1,3.5,2,0.5,2,04607,sao paulo,SP
12b9676b00f60f3b700e83af21824c0e,135,135,26774.0,198.32592592592593,37,3568.69,26.43474074074074,3,4.522388059701493,134,0.015037593984962405,133,95780,montenegro,RS
12c2ed9cded6138cf0c75f525f565fc7,4,4,314.96,78.74,4,51.05,12.7625,3,4.333333333333333,3,0.6666666666666666,3,11709,praia grande,SP
13074f016982ff2bd6c58ced8682f000,14,15,2116.0,141.06666666666666,5,995.7,66.38000000000001,2,3.9285714285714284,14,0.3076923076923077,13,95705,bento goncalves,RS
131fcb0a0c9a47bba4474aacff0f14b7,4,4,369.8,92.45,2,36.61,9.1525,1,4.0,4,0.0,4,01201,sao paulo,SP
1336efc61c316ddf92c899eb817f7cae,74,85,4837.31,56.90952941176471,50,1517.98,17.858588235294118,8,4.257575757575758,66,0.10606060606060606,66,19800,assis,SP
134285d1f41da5c13a756ee8142c8a4e,3,4,1572.6999999999998,393.17499999999995,2,80.93,20.2325,1,3.3333333333333335,3,0.0,3,02523,sao paulo,SP
134a288e7de827ec5ec62e3ec9c3a295,9,9,877.45,97.49444444444445,7,126.55,14.06111111111111,2,4.777777777777778,9,0.0,9,03168,sao paulo,SP
134b867a0f7f8bbe6abf10f91874891e,1,1,789.89,789.89,1,132.95,132.95,1,4.0,1,0.0,1,13272,valinhos,SP
13511db12ac61e2f89c53b72a944a60b,6,6,798.0,133.0,4,265.97,44.32833333333334,2,3.5,6,0.16666666666666666,6,95020,caxias do sul,RS
1352e06ae67b410cdae0b2a22361167b,4,4,696.0,174.0,2,69.22,17.305,1,2.3333333333333335,3,1.0,2,26051,rio de janeiro,RJ
1354d51653f645349064725ed204e85e,18,20,2410.0,120.5,13,284.72,14.236,3,3.888888888888889,18,0.05555555555555555,18,01230,sao paulo,SP
138dbe45fc62f1e244378131a6801526,49,58,1125.56,19.406206896551723,22,689.24,11.883448275862069,7,4.2727272727272725,44,0.045454545454545456,44,02215,sao paulo,SP
139157dd4daa45c25b0807ffff348363,1,1,29.9,29.9,1,7.78,7.78,1,4.0,1,0.0,1,03064,sao paulo,SP
13c2ed7698b3ca92dad49e849219da59,8,9,498.61,55.40111111111111,7,154.68,17.186666666666667,1,4.375,8,0.0,8,84010,ponta grossa,PR
13d058e4eeac2ce8217660b2f8a05812,23,23,3829.77,166.5117391304348,3,926.11,40.26565217391305,1,4.217391304347826,23,0.13636363636363635,22,06080,osasco,SP
13d95f0f6f73943d4ceffad0fc2cd32c,1,1,249.99,249.99,1,59.33,59.33,1,3.0,1,1.0,1,74473,goiania,GO
13dd308f81fea30cc670c656b2b46cc3,3,3,117.69999999999999,39.23333333333333,2,33.440000000000005,11.146666666666668,1,5.0,3,0.3333333333333333,3,13454,santa barbara d'oeste,SP
13e85aac53340018b40c2af68001b7e0,1,1,17.8,17.8,1,14.12,14.12,1,5.0,1,0.0,1,13920,pedreira,SP
13f57c12a00ed4610db646b913a7f5c6,7,13,645.2,49.63076923076923,6,175.95,13.534615384615384,1,4.857142857142857,7,0.14285714285714285,7,11015,santos,SP
13fa2a6c6b9d0f43cb588d7c82117a12,9,10,4528.0,452.8,4,191.44,19.144,1,4.111111111111111,9,0.3333333333333333,9,03567,sao paulo,SP
141440cad9341e553f8401c574a2aa38,11,12,1288.2,107.35000000000001,9,290.8,24.233333333333334,2,4.454545454545454,11,0.0,11,85200,pitanga,PR
1430239a858e7682bbc43b20758af153,18,23,660.79,28.729999999999997,10,268.75,11.684782608695652,3,4.111111111111111,18,0.0,17,04087,sao paulo,SP
1444c08e64d55fb3c25f0f09c07ffcf2,1,1,2749.0,2749.0,1,69.74,69.74,1,1.0,1,0.0,1,42738,lauro de freitas,BA
1464afc72f696af775557a821c2e253f,29,30,1059.36,35.312,8,454.42,15.147333333333334,2,4.241379310344827,29,0.034482758620689655,29,28630,nova friburgo,RJ
14a08204d03bb6b6bde8029f801ae0eb,28,38,2185.4,57.51052631578948,24,593.7,15.623684210526317,6,3.962962962962963,27,0.0,27,01026,sao paulo,SP
14d7985702e72162bbf13b6beb74ab2b,37,38,3887.0,102.28947368421052,26,554.0,14.578947368421053,1,4.361111111111111,36,0.1388888888888889,36,09131,santo andre,SP
14ee35374a7876217954b5fa08e50463,6,6,809.0,134.83333333333334,2,114.05,19.008333333333333,1,4.4,5,0.2,5,15015,sao jose do rio preto,SP
14f2b3587172b9db894c9bad8dab520b,2,2,244.0,122.0,1,86.06,43.03,1,2.5,2,0.0,2,95240,ipe,RS
152ee17e4c8aaf53dac99f3462e4999b,6,6,308.96000000000004,51.49333333333334,3,95.97,15.995,2,4.333333333333333,6,0.0,6,89248,garuva,SC
154bdf805377afea75a3bd158e9eab10,1,1,89.9,89.9,1,19.82,19.82,1,1.0,1,1.0,1,14940,ibitinga,SP
1554a68530182680ad5c8b042c3ab563,247,269,29052.53,108.00197026022305,70,6798.26,25.272342007434943,5,4.356846473029045,241,0.07024793388429752,242,37580,monte siao,MG
157c3e4b42f81ac4a44e8b1ca2fe9876,23,31,2548.5,82.20967741935483,13,583.32,18.81677419354839,2,3.9444444444444446,18,0.1111111111111111,18,03211,sao paulo,SP
1588ac4010787100dddef64568f0ae35,3,3,599.97,199.99,2,46.0,15.333333333333334,1,3.0,3,0.0,3,87045,maringa,PR
15aac934c58d886785ac1b17953ea898,25,26,4353.9,167.4576923076923,20,665.7,25.603846153846156,11,4.24,25,0.12,25,29480,muqui,ES
15ac3c501e2599e4917316fde5c5669a,1,1,144.2,144.2,1,51.61,51.61,1,1.0,1,,0,04911,sao paulo,SP
15aec03fe4cf30dfa574cf550f5ff5ff,1,1,28.9,28.9,1,10.96,10.96,1,1.0,1,,0,21862,rio de janeiro,RJ
15b3b1b81484422eb41df68ac87f1f50,2,2,78.35,39.175,2,24.54,12.27,1,1.0,2,0.0,1,17047,bauru,SP
15cd6eefe58588619aaed41dfa6621b1,16,18,1622.74,90.15222222222222,8,566.12,31.45111111111111,0,4.466666666666667,15,0.06666666666666667,15,35400,ouro preto,MG
15ead3a5037a918ddb520dfe39a3d2b9,7,8,275.5,34.4375,8,158.45,19.80625,1,4.285714285714286,7,0.16666666666666666,6,36401,conselheiro lafaiete,MG
15fa791d5e017f66402dc28c44480657,8,8,1802.0,225.25,4,181.29,22.66125,1,4.25,8,0.125,8,03307,sao paulo,SP
160851d3ece7aa1a510f8d1a4bb8a8af,2,2,102.05,51.025,2,39.099999999999994,19.549999999999997,1,5.0,2,0.0,2,17400,garca,SP
16090f2ca825584b5a147ab24aa30c86,402,410,25716.44,62.7230243902439,37,5456.67,13.308951219512196,7,4.057644110275689,399,0.10831234256926953,397,12940,atibaia,SP
160e4f13fd3a64b1b86807be88b5ffb0,4,4,886.0,221.5,2,94.45,23.6125,2,4.25,4,0.0,4,83409,colombo,PR
164a5a8794e6d42e14f55e447b12a3bc,1,1,73.99,73.99,1,62.77,62.77,1,5.0,1,0.0,1,85980,guaira,PR
165b1235e9e9942cb5fae67103576fb0,11,16,2085.15,130.321875,9,404.65,25.290625,3,4.363636363636363,11,0.09090909090909091,11,14020,ribeirao preto,SP
165fc07beebdcb6190fba8a06db2a449,50,64,17481.4,273.146875,27,1600.03,25.00046875,2,3.9565217391304346,46,0.13043478260869565,46,87015,maringa,PR
1660ad786c27fd935378b6192a90b417,12,13,1570.0,120.76923076923077,9,248.28,19.09846153846154,1,4.909090909090909,11,0.09090909090909091,11,09891,sao bernardo do campo,SP
166e8f1381e09651983c38b1f6f91c11,2,2,78.8,39.4,1,30.2,15.1,0,5.0,2,0.0,2,88780,imbituba,SC
167fd940acebc789debd6eb418c46e38,5,5,1077.58,215.516,3,100.9,20.18,1,3.0,5,0.2,5,14405,franca,SP
1690cada046eb7e92c12f98b1f8a8167,11,11,1959.0,178.0909090909091,3,252.38,22.94363636363636,1,4.545454545454546,11,0.1,10,01303,sao paulo,SP
16bdc8cefd0e32a6f0824d296c5ad14a,1,1,41.76,41.76,1,19.32,19.32,1,5.0,1,0.0,1,12903,sp,SP
1703bc09972dab9782e7a9194943b69f,1,1,249.9,249.9,1,106.21,106.21,1,5.0,1,0.0,1,37165,minas gerais,MG
1710c3aaa9c6b44ec3883ee0fe300e21,2,2,1188.9,594.45,2,37.650000000000006,18.825000000000003,2,5.0,2,0.0,2,09551,sao caetano do sul,SP
17306570e772e7718c92a562d33f5f1d,29,32,9669.8,302.18125,21,930.83,29.0884375,1,3.5714285714285716,28,0.07692307692307693,26,17250,bariri,SP
173d56ffbd4c56cb80fc3615487d712b,2,2,358.0,179.0,1,39.61,19.805,1,5.0,2,0.0,2,11370,sao vicente,SP
1746c1ae87ac63d530c7c943d0ac42e2,1,1,229.9,229.9,1,22.45,22.45,1,5.0,1,0.0,1,06501,santana de parnaiba,SP
1771297ac436903d1dd6b0e9279aa505,28,36,2881.27,80.03527777777778,9,585.16,16.254444444444445,3,4.62962962962963,27,0.03571428571428571,28,07025,guarulhos,SP
1782ce2db72c3dda627d5e7c898104e1,9,10,2010.8,201.07999999999998,7,207.37,20.737000000000002,2,4.333333333333333,9,0.1111111111111111,9,06766,taboao da serra,SP
17908cf9b444ee34047cadd5c0f4a516,11,11,1993.99,181.2718181818182,9,501.42,45.583636363636366,1,4.545454545454546,11,0.09090909090909091,11,75124,anapolis,GO
17998cf586426bf0f2c3726cb0a4b211,2,2,69.8,34.9,2,45.72,22.86,2,5.0,1,0.0,1,30710,belo horizonte,MG
179d859f51292aac5c10806a356f7af9,18,19,404.46999999999997,21.287894736842105,8,395.8,20.83157894736842,1,4.388888888888889,18,0.16666666666666666,18,09411,ribeirao pires,SP
17a053fcb14bd219540cbde0df490be0,125,149,40703.14,273.1754362416107,87,8828.43,59.25120805369128,1,4.2809917355371905,121,0.08196721311475409,122,13843,mogi guacu,SP
17adeba047385fb0c67d8e90b4296d21,1,3,809.6999999999999,269.9,1,287.61,95.87,1,1.0,1,,0,07052,guarulhos,SP
17ca9b9e9b9ef8fdb529001b49ebb50f,116,129,9754.83,75.61883720930233,46,2365.89,18.340232558139533,4,4.053097345132743,113,0.026785714285714284,112,32677,betim,MG
17e34d8224d27a541263c4c64b11a56b,255,268,56363.24,210.31059701492538,112,5239.96,19.552089552238805,12,4.194444444444445,252,0.08536585365853659,246,14085,riberao preto,SP
17eea220a40cc0d2c0c5346379682398,4,4,1414.98,353.745,3,98.01,24.5025,1,3.75,4,0.6666666666666666,3,03565,sao paulo,SP
17f51e7198701186712e53a39c564617,56,61,48019.0,787.1967213114754,27,9793.43,160.54803278688524,1,4.345454545454546,55,0.09090909090909091,55,03908,sao paulo,SP
180c3376aff0e43dd5788709df48a843,5,10,4513.0,451.3,3,209.97,20.997,2,4.4,5,0.2,5,09911,sao paulo,SP
1835b56ce799e6a4dc4eddc053f04066,423,558,33344.21,59.75664874551971,147,8741.95,15.666577060931901,2,3.732804232804233,378,0.13066666666666665,375,14940,ibitinga,SP
1838dd9b8977065acf51d95e0053ea7a,64,67,2820.3,42.094029850746274,14,1255.58,18.74,3,4.265625,64,0.04838709677419355,62,30882,belo horizonte,MG
184725737946a1a938bbbd1a9e978103,3,3,359.70000000000005,119.90000000000002,2,43.870000000000005,14.623333333333335,2,4.666666666666667,3,0.0,3,09370,maua,SP
184a67a8f9f63234d3a92340bbdb727f,8,11,268.66,24.423636363636366,7,208.34,18.94,1,4.142857142857143,7,0.0,6,89220,joinville,SC
186cdd1b2df32caa72cfb410bba768d3,6,6,1341.45,223.57500000000002,6,268.28000000000003,44.71333333333334,1,5.0,6,0.0,6,89295,rio negrinho,SC
189ca3538ce9f920cacf0f982cbe223b,4,5,419.0,83.8,4,62.67,12.534,1,4.25,4,0.0,4,03589,sao paulo,SP
18a349e75d307f4b4cc646a691ed4216,121,148,8711.53,58.86168918918919,42,2198.03,14.851554054054056,17,3.483050847457627,118,0.06542056074766354,107,01319,sao paulo,SP
18e694e0e48ed6f7aa3f24aade5fd697,31,34,701.54,20.633529411764705,4,504.23,14.830294117647059,3,4.67741935483871,31,0.03225806451612903,31,13224,varzea paulista,SP
1900267e848ceeba8fa32d80c1a5f5a8,411,529,24982.53,47.22595463137996,127,8138.06,15.383856332703214,3,3.945682451253482,359,0.116991643454039,359,14940,ibitinga,SP
191d55f7edb8524d525ed01b20fe32e8,3,3,747.0,249.0,3,65.8,21.933333333333334,1,2.3333333333333335,3,0.3333333333333333,3,73020,brasilia,DF
1927cdb9fa74f5270097f6250e8e8f34,1,1,120.0,120.0,1,58.92,58.92,1,5.0,1,0.0,1,17511,marilia,SP
19484c79cef6c062cb177aa4ef2fcc3c,1,1,201.9,201.9,1,10.16,10.16,1,1.0,1,1.0,1,13275,valinhos,SP
1961c3e1272bfeceb05d0b78b5bbfdaf,3,4,896.0,224.0,2,49.43,12.3575,1,3.3333333333333335,3,0.0,2,07241,guarulhos,SP
1967a9e2ad6f51802b093147d861df58,2,2,380.0,190.0,1,45.760000000000005,22.880000000000003,1,1.0,2,,0,01209,sao paulo,SP
1976a05ecf2996d6ffb7b5430e635fe7,8,9,1796.2,199.57777777777778,4,394.46000000000004,43.82888888888889,4,3.875,8,0.25,8,19806,assis,SP
1987cd4be10fe09ee50454f9c354d1c6,14,16,2877.7,179.85625,7,257.53000000000003,16.095625000000002,1,4.357142857142857,14,0.07142857142857142,14,37570,ouro fino,MG
198c7ea11960a9844b544d9bcdca860c,25,25,1733.75,69.35,4,491.63,19.6652,2,3.88,25,0.12,25,37590,jacutinga,MG
1992f8fb6b19fcccd97ca819811e7267,1,1,28.8,28.8,1,11.22,11.22,1,1.0,1,,0,01403,sao paulo,SP
1996942dc085d7773ba77a529b163cd0,10,10,2943.51,294.351,8,239.92,23.991999999999997,3,4.222222222222222,9,0.0,8,14850,pradopolis,SP
19a7c9f66ffa6452ff4b4c0cca71da27,1,1,279.0,279.0,1,59.74,59.74,1,5.0,1,0.0,1,85880,itaipulandia,PR
19d62d484cba71963c93f0f00ab42013,1,1,139.9,139.9,1,22.69,22.69,1,4.0,1,0.0,1,89114,gaspar,SC
19e0f40a907ec568c34bfac15de4f4a1,4,4,178.0,44.5,1,41.620000000000005,10.405000000000001,1,5.0,4,0.0,4,13478,americana,SP
1a3df491d1c4f1589fc2b934ada68bf2,167,178,23302.7,130.91404494382022,5,4291.42,24.109101123595504,1,4.188622754491018,167,0.05625,160,89224,joinville,SC
1a6245add4353f18ed55138808906979,1,1,30.0,30.0,1,9.34,9.34,0,3.0,1,,0,09694,sao bernardo do campo,SP
1a8e2d9c38b84a9702ac7922924b0573,1,1,80.0,80.0,1,17.0,17.0,0,5.0,1,0.0,1,89245,araquari,SC
1a932caad4f9d804097d7f8e615baed1,20,30,4661.0,155.36666666666667,4,1040.45,34.681666666666665,1,3.9,20,0.2,20,02976,sao paulo,SP
1acde099eb406aa220b1169b188b42da,9,10,311.1,31.110000000000003,9,147.4,14.74,1,4.222222222222222,9,0.0,9,02532,sao paulo,SP
1b0b0f4f95e962d6f32fe90c759d0479,2,2,139.8,69.9,2,23.37,11.685,1,5.0,2,0.0,2,02737,sao paulo,SP
1b1ae47a313a825a7ccceb8e2e30fa9d,11,11,2243.9,203.9909090909091,6,246.5,22.40909090909091,4,3.9,10,0.0,10,83450,bocaiuva do sul,PR
1b45169b635ef59425637e9a33eb5fb3,7,8,308.9,38.6125,6,110.45,13.80625,4,4.571428571428571,7,0.0,7,87050,maringa,PR
1b4b28463457a256e9a784ebe2a8f630,1,1,699.42,699.42,1,15.92,15.92,1,1.0,1,1.0,1,13418,piracicaba,SP
1b4c3a6f53068f0b6944d2d005c9fc89,113,117,14760.300000000001,126.15641025641027,31,3031.37,25.909145299145298,9,4.229357798165138,109,0.06481481481481481,108,88730,sao ludgero,SC
1b61fb1f0f2185d89e9a126c498e9cc7,1,1,49.7,49.7,1,16.11,16.11,1,5.0,1,0.0,1,87015,maringa,PR
1b65c144b17e607c0f37f10bb7dfec8d,5,5,1109.5,221.9,3,144.85,28.97,1,1.5,4,0.0,4,89160,rio do sul,SC
1b7e5006cb25dd23ce8686691013b121,11,11,2636.74,239.70363636363635,7,149.22,13.565454545454545,1,4.363636363636363,11,0.18181818181818182,11,02350,sao paulo,SP
1b8356dabde1d35e17cef975c3f82730,56,61,3426.39,56.17032786885245,14,987.22,16.18393442622951,4,4.160714285714286,56,0.01818181818181818,55,03477,sao paulo,SP
1b8b75e227c9a9c100d0c210fb6176ce,19,19,1914.8300000000002,100.78052631578949,15,280.78000000000003,14.777894736842107,1,3.3684210526315788,19,0.06666666666666667,15,05468,sao paulo,SP
1b938a7ec6ac5061a66a3766e0e75f90,30,33,3987.6,120.83636363636363,8,910.23,27.582727272727272,6,4.413793103448276,29,0.03571428571428571,28,16304,penapolis,SP
1bb2bdb95f4841f1bba2c0d2cd83d3c9,81,85,5002.71,58.855411764705885,23,1146.56,13.488941176470588,5,4.6375,80,0.0759493670886076,79,01257,sao paulo,SP
1bb3812d5f0747a3ab7348f199001a10,9,9,834.4000000000001,92.71111111111112,8,215.17,23.907777777777778,1,4.888888888888889,9,0.0,9,04708,sao paulo,SP
1bc2e21de46adfea6b98cc96b00f3b40,3,5,1039.95,207.99,2,102.60000000000001,20.520000000000003,1,3.3333333333333335,3,0.0,3,89228,joinville,SC
1c129092bf23f28a5930387c980c0dfc,201,220,9553.619999999999,43.42554545454545,15,3035.67,13.7985,2,4.345945945945946,185,0.05945945945945946,185,02972,sao paulo,SP
1c40343cc5d18c2d8248ac2f3366de34,21,22,2461.41,111.88227272727272,12,378.01,17.18227272727273,7,4.555555555555555,18,0.1111111111111111,18,13482,limeira,SP
1c56ffe0e9dea2657fc6e95b53f40b13,3,3,183.0,61.0,2,84.39,28.13,1,4.333333333333333,3,0.0,3,13575,sao carlos,SP
1c5e4e49b9079480255b49d50aac1aa9,12,12,10173.11,847.7591666666667,8,889.61,74.13416666666667,3,4.333333333333333,12,0.0,12,11030,santos,SP
1c68394e931a64f90ea236c5ea590300,142,171,24832.75,145.22076023391813,39,2896.41,16.938070175438597,2,4.003787878787879,132,0.03787878787878788,132,87114,sarandi,PR
1c742ac33582852aaf3bcfbf5893abcf,1,1,97.9,97.9,1,15.79,15.79,1,5.0,1,0.0,1,30668,belo horizonte,MG
1c83418358f249c9d6affa52d579db0e,1,1,24.9,24.9,1,14.52,14.52,1,5.0,1,0.0,1,01420,sao paulo,SP
1ca4bdb0cd7fc48e949bac066188ed26,4,4,1520.0,380.0,1,443.08,110.77,1,4.5,4,0.3333333333333333,3,36773,cataguases,MG
1ca7077d890b907f89be8c954a02686a,115,137,13341.57,97.38372262773723,21,1659.8600000000001,12.115766423357664,2,2.330357142857143,112,0.22641509433962265,106,06506,santana de parnaiba,SP
1caf283236cd69af44cbc09a0a1e7d32,33,37,917.6,24.8,22,612.65,16.558108108108108,4,4.606060606060606,33,0.09090909090909091,33,26020,nova iguacu,RJ
1cbcd2ee0afb3fc09963b87eb65e7e4f,1,3,90.0,30.0,1,40.650000000000006,13.550000000000002,1,5.0,1,0.0,1,82640,curitiba,PR
1cbd32d00d01bb8087a5eb088612fd9c,11,12,1045.47,87.1225,11,244.06,20.338333333333335,5,4.181818181818182,11,0.09090909090909091,11,03363,sp / sp,SP
1cbd50a8c52e6cf8e315c5709fab386f,9,9,785.97,87.33,7,220.69,24.52111111111111,5,3.7777777777777777,9,0.1111111111111111,9,83830,fazenda rio grande,PR
1cbdc7cf130a41fd13a3c2a7d2fcfda7,2,2,165.8,82.9,1,59.81,29.905,1,5.0,2,0.0,2,37480,lambari,MG
1cd9e0cc1839d55516843def5600816d,5,5,825.0,165.0,2,101.72,20.344,1,5.0,5,0.0,5,03951,sao paulo,SP
1ce3ae5a399804d1a87e706f8a813c3e,40,44,2563.0,58.25,19,853.69,19.402045454545455,1,3.8857142857142857,35,0.11428571428571428,35,88715,jaguaruna,SC
1d0646a72178a6fb37ee8082140e06ec,2,2,61.0,30.5,2,36.62,18.31,2,5.0,2,0.0,2,89203,joinville,SC
1d0997ff06b524ce9289ffd75114ecd3,3,3,3747.0,1249.0,3,126.57,42.19,2,3.6666666666666665,3,0.3333333333333333,3,52020,recife,PE
1d139e3a3b14025640d8df1b230aace0,2,2,36.49,18.245,2,34.69,17.345,1,3.5,2,0.0,2,14860,barrinha,SP
1d1bbb8ac1581824986f582583fff01d,4,4,166.88,41.72,3,59.589999999999996,14.897499999999999,2,3.5,4,0.25,4,89082,indaial,SC
1d2732ef8321502ee8488e8bed1ab8cd,4,5,1148.0,229.6,4,80.18,16.036,1,3.0,4,0.25,4,20031,rio de janeiro,RJ
1d29dfba02015238dfbe2449a5eaa361,12,12,612.8,51.06666666666666,3,177.12,14.76,1,4.5,12,0.08333333333333333,12,36576,vicosa,MG
1d4587203296c8f4ad134dc286fa6db0,42,43,2323.3,54.03023255813954,30,704.24,16.377674418604652,1,4.2926829268292686,41,0.05128205128205128,39,05101,sao paulo,SP
1d503743d2526f03f0c2c89540ee008c,12,17,516.04,30.355294117647055,7,204.49,12.028823529411765,5,3.9166666666666665,12,0.08333333333333333,12,01035,sao paulo,SP
1d8dbc4f32378d715c717c1c1fc57bae,92,98,11315.89,115.46826530612245,25,2105.16,21.481224489795917,1,4.127906976744186,86,0.10344827586206896,87,86706,arapongas,PR
1d953075c2f0dd990bacf27b83b330f1,1,1,59.0,59.0,1,19.32,19.32,1,5.0,1,0.0,1,30421,belo horizonte,MG
1da366cade6d8276e7d8beea7af5d4bf,43,49,6917.589999999999,141.17530612244897,15,1756.14,35.8395918367347,3,4.0,41,0.12195121951219512,41,36500,uba,MG
1da3aeb70d7989d1e6d9b0e887f97c23,265,328,8823.52,26.9009756097561,155,4231.84,12.901951219512195,21,4.171875,256,0.05905511811023622,254,04265,sao paulo,SP
1dc2de47ee26a0a5b12dc14fd6dc0dea,25,27,1670.3,61.86296296296296,11,617.1999999999999,22.859259259259257,1,4.541666666666667,24,0.125,24,14940,ibitinga,SP
1dcfa3835714681d4ba4a93bc1e0fd41,13,15,1278.5,85.23333333333333,4,323.6,21.573333333333334,1,4.0,12,0.0,12,16200,birigui,SP
1dd33b8119b3cb1056ed5dc88cd0aaf4,8,8,1513.0,189.125,2,128.74,16.0925,1,3.75,8,0.125,8,04710,sao paulo,SP
1de62b6f2fd96227629786db492433db,2,2,208.8,104.4,2,28.73,14.365,1,5.0,1,0.0,1,16021,sp,SP
1dfe5347016252a7884b694d4f10f5c4,21,27,1693.5,62.72222222222222,15,436.23,16.156666666666666,1,3.4444444444444446,18,0.2777777777777778,18,14940,ibitinga,SP
1e26c56af8d48424e1df0140a2401f83,2,2,258.9,129.45,2,33.49,16.745,2,5.0,2,0.0,2,13911,jaguariuna,SP
1e47d8b6546eb3a77b1acddcc9406242,1,1,149.9,149.9,1,16.81,16.81,1,1.0,1,0.0,1,13015,campinas,SP
1e47defeeadeca0e9a18fa5a9311e735,3,3,234.12,78.04,3,57.5,19.166666666666668,2,5.0,3,0.0,3,15800,catanduva,SP
1e483cc5c76fef08d3ca05f9a8af7d01,10,11,171.99,15.635454545454547,3,123.08000000000001,11.18909090909091,3,4.1,10,0.0,9,02929,sao paulo,SP
1e8b33f18b4f7598d87f5cbee2282cc2,123,140,17309.06,123.63614285714287,30,2702.24,19.301714285714283,1,4.439655172413793,116,0.05128205128205128,117,02066,sao paulo,SP
1e8c6a4c538f286aee9573239740a4b4,5,5,359.7,71.94,5,87.12,17.424,3,4.25,4,0.0,4,13251,itatiba,SP
1e9d5a33694bddb76316fd1f54734d20,2,2,318.0,159.0,2,150.94,75.47,1,4.5,2,0.0,2,78820,jaciara,MT
1eade46fba20122dc4aefb379f8c636b,58,75,3635.37,48.471599999999995,8,1038.34,13.844533333333333,1,4.431034482758621,58,0.13793103448275862,58,02066,sao paulo,SP
1f1bb1f0859883505541bdd6606193e5,27,29,16040.84,553.1324137931034,24,522.03,18.00103448275862,2,4.333333333333333,27,0.1111111111111111,27,02124,sao paulo,SP
1f2eebc0e970fd3c463e4f5d9652687a,1,1,44.99,44.99,1,8.48,8.48,1,5.0,1,1.0,1,01311,sao paulo,SP
1f50f920176fa81dab994f9023523100,1404,1931,106939.20999999999,55.380222682547895,23,35165.770000000004,18.211170378042468,3,4.17375366568915,1364,0.10850439882697947,1364,15025,sao jose do rio preto,SP
1f7dfad2cb384ea4d2d7e1ffbd78c407,1,1,49.0,49.0,1,8.29,8.29,1,1.0,1,0.0,1,01139,sao paulo,SP
1f7fd2a6fcd5a6fa5d8a4dabc72aaae0,3,3,531.8,177.26666666666665,2,100.88,33.626666666666665,1,5.0,3,0.0,3,95800,venancio aires,RS
1f867308a0ce13133a4e639ff4de0c02,7,13,875.1,67.31538461538462,6,209.82,16.14,1,4.666666666666667,6,0.0,6,82510,curitiba,PR
1f9ab4708f3056ede07124aad39a2554,78,79,13602.73,172.18645569620253,5,2440.78,30.895949367088612,1,4.118421052631579,76,0.05333333333333334,75,17602,tupa,SP
1fa2d3def6adfa70e58c276bb64fe5bb,1,1,6.9,6.9,1,9.0,9.0,1,,0,,0,04106,sao paulo,SP
1fbe10c70e30765ed1de86d9f7e98409,2,6,98.75,16.458333333333332,2,59.36,9.893333333333333,1,2.5,2,0.0,2,09320,maua,SP
1fdc574883ef3b33ad41562d93f3a74a,18,18,4251.0,236.16666666666666,14,273.27,15.181666666666665,1,4.444444444444445,18,0.05555555555555555,18,13480,limeira,SP
1fddcb7b326905d3ad5efe82187db347,1,1,92.0,92.0,1,13.22,13.22,1,1.0,1,,0,02279,sao paulo,SP
1fe5540d7c1c37a595fefbacd5570d9e,20,25,4537.6,181.50400000000002,2,581.15,23.246,1,4.3,20,0.05,20,25850,paraiba do sul,RJ
1fe61aa5494bd3ae92a2c13e067c810f,1,2,537.76,268.88,1,100.82,50.41,1,4.0,1,0.0,1,89540,santa cecilia,SC
2009a095de2a2a41626f6c6d7722678d,8,12,388.89,32.4075,4,193.54,16.128333333333334,2,4.285714285714286,7,0.0,7,15025,sao jose do rio preto,SP
2039c5e51785b5dde7cf93ccb3b7be2c,1,1,159.9,159.9,1,13.78,13.78,1,5.0,1,0.0,1,14790,guaira,SP
204b4e07bddef3c9b317f70189135b22,1,1,73.4,73.4,1,14.73,14.73,1,,0,,0,37564,borda da mata,MG
2059c39f76271d4ca3f15b5ffaccc8b8,12,12,604.9,50.40833333333333,2,186.39000000000001,15.5325,1,4.5,12,0.0,12,81930,curitiba,PR
20611af7866c6068fd5ae1f9dbe15c92,2,2,219.8,109.9,2,114.5,57.25,2,4.5,2,0.0,2,13660,porto ferreira,SP
2063dd1b9f568df1c16741ea7d3e6adb,3,3,763.1,254.36666666666667,3,57.17,19.05666666666667,1,5.0,3,0.0,3,85065,guarapuava,PR
2075d8cd4dd63ff12df0749a5866bb06,3,3,184.70000000000002,61.56666666666667,2,57.53,19.176666666666666,1,5.0,3,0.0,3,80010,curitiba,PR
2078fe5066350e7d220c0ad3a3bbc6c1,1,1,29.9,29.9,1,38.14,38.14,1,2.0,1,,0,86707,arapongas,PR
2089a6d640999f9b9141ac719b2af596,44,44,8830.82,200.70045454545453,25,695.12,15.798181818181819,3,3.7906976744186047,43,0.15,40,13566,sao carlos,SP
20a7efa9721046319bdde5d60b6b5365,3,6,501.20000000000005,83.53333333333335,2,95.39,15.898333333333333,1,5.0,3,0.0,3,88790,laguna,SP
20a8b0dc55da94fe74d112082427c84f,7,7,407.4,58.199999999999996,3,123.98,17.711428571428574,2,4.285714285714286,7,0.14285714285714285,7,13312,itu,SP
20b54c376b794ed028df09a3cd88e8dc,11,11,1342.95,122.08636363636364,8,163.6,14.872727272727273,5,3.0,11,0.2857142857142857,7,09560,sao caetano do sul,SP
20cb7c2fde3e5bf10f0bbe7394e1c6a9,32,51,861.9,16.9,2,798.38,15.654509803921568,1,4.0,32,0.0967741935483871,31,86385,andira-pr,PR
20d53aad4fe5ee93a64f8839609d3586,2,2,51.9,25.95,2,34.54,17.27,1,2.5,2,1.0,1,37540,santa rita do sapucai,MG
20d83f3ef0e6925fd74bfd59170babf7,40,54,2903.6,53.770370370370365,48,653.61,12.10388888888889,1,4.470588235294118,34,0.058823529411764705,34,02804,sao paulo,SP
20f0aeea30bc3b8c4420be8ced4226c0,1,1,14.9,14.9,1,14.52,14.52,1,,0,1.0,1,13456,santa barbara d'oeste,SP
20fd2d2080ed85fa67fad3fcbb2c1813,1,1,85.9,85.9,1,19.57,19.57,1,1.0,1,,0,83405,colombo,PR
2138ccb85b11a4ec1e37afbd1c8eda1f,396,429,12357.03,28.804265734265737,160,6069.22,14.147365967365968,7,3.9711286089238844,381,0.05614973262032086,374,08250,sao paulo,SP
213b25e6f54661939f11710a6fddb871,155,194,15379.5,79.27577319587628,81,3460.46,17.83742268041237,3,4.0510948905109485,137,0.0962962962962963,135,13321,salto,SP
213fafb0ca06fb3d5886579c2565791b,3,3,189.70000000000002,63.23333333333334,3,27.16,9.053333333333333,3,2.3333333333333335,3,0.0,3,35700,sete lagoas,MG
2156f2671501a81034d7d07f217609d0,22,22,2981.5,135.52272727272728,12,452.39,20.563181818181818,4,3.8636363636363638,22,0.14285714285714285,21,04776,sp,SP
217f005bb37ff3aeef5b2ae1788e75ba,3,3,74.97,24.99,1,45.25,15.083333333333334,1,3.3333333333333335,3,0.0,2,06038,osasco,SP
218d46b86c1881d022bce9c68a7d4b15,388,427,55093.28,129.024074941452,143,7644.26,17.90224824355972,3,4.18218085106383,376,0.09703504043126684,371,14070,ribeirao preto,SP
218f991754f360af9c2daa5e0b8e990c,14,17,3554.32,209.07764705882354,4,265.22,15.601176470588237,1,3.642857142857143,14,0.14285714285714285,14,01123,sao paulo,SP
2199e7fe213c16213bf5d6a7eadc9a5d,25,31,4078.29,131.55774193548388,13,569.49,18.370645161290323,8,4.24,25,0.041666666666666664,24,11900,registro,SP
21c62b998a043ebe31161d38f84929fc,4,4,750.49,187.6225,2,90.84,22.71,1,4.5,4,0.0,4,60110,fortaleza,CE
21d59342ba150175ca2aa4f8faddeca6,2,2,259.9,129.95,2,74.39,37.195,1,4.0,1,0.0,1,08593,itaquaquecetuba,SP
21e83881401b92b49fb09a16d3852291,14,15,3588.0499999999997,239.20333333333332,9,594.48,39.632,2,4.357142857142857,14,0.0,12,38405,uberlandia,MG
2235cf78d3e2073a88146a9cb60f0dd0,1,1,178.99,178.99,1,25.77,25.77,1,5.0,1,0.0,1,04547,sao paulo,SP
226b05fe067266c59c15dae208213d06,10,11,1056.9,96.08181818181819,8,188.68,17.152727272727272,1,4.5,10,0.0,10,81520,curitiba,PR
228e4c1a0be164f613d41c24345f9d2c,5,5,539.7,107.94000000000001,3,229.74,45.948,1,5.0,5,0.0,5,86360,bandeirantes,PR
229c3efbfb0ea2058de4ccdfbc3d784a,121,148,15744.0,106.37837837837837,24,2362.57,15.963310810810812,1,3.625,120,0.01694915254237288,118,30190,belo horizonte,MG
22a23e5ac7061fc538cc2a019afaaf16,1,1,95.0,95.0,1,14.42,14.42,1,3.0,1,0.0,1,30310,belo horizonte,MG
22c32ec35d0116ef02c281798a25bf8b,4,6,119.58,19.93,2,90.43,15.071666666666667,1,3.75,4,0.0,4,87043,maringa,PR
2305ab43e846518f58dd9d59f3f54e96,3,3,788.89,262.9633333333333,3,42.370000000000005,14.123333333333335,1,3.6666666666666665,3,0.0,3,08452,sao paulo,SP
232a6014e7b10cba61c6c2b2ea6bb4b0,33,36,3919.87,108.88527777777777,20,1213.4,33.705555555555556,1,4.15625,32,0.0625,32,16500,cafelandia,SP
23613d49c3ac2bd302259e55c06c050c,70,80,4293.0,53.6625,24,2167.7599999999998,27.096999999999998,1,3.9516129032258065,62,0.16129032258064516,62,13660,porto ferreira,SP
236585a4ddb5fea9fa40233e2249ed91,11,11,649.53,59.04818181818182,3,188.14,17.10363636363636,2,4.090909090909091,11,0.09090909090909091,11,95088,caxias do sul,RS
2379bdc3888025689a9deb7b141507d5,9,9,999.5,111.05555555555556,8,126.11,14.012222222222222,2,4.333333333333333,9,0.3333333333333333,9,13806,mogi mirim,SP
238fac594e170b59c6d228f5a4f4f1d9,29,30,3126.0,104.2,6,1419.52,47.31733333333333,1,4.111111111111111,27,0.10714285714285714,28,17300,dois corregos,SP
23a0ffca143a15b9b5bbdb7d552f626a,23,24,3718.51,154.93791666666667,12,585.77,24.407083333333333,2,3.9545454545454546,22,0.13636363636363635,22,13520,sao pedro,SP
23c38debaffe4a25a30fdbd9b586a13f,41,46,5382.18,117.00391304347826,12,834.38,18.13869565217391,6,4.35,40,0.15,40,18110,votorantim,SP
23ca5f678e0b3ea6c630b30fa8bf51ea,6,7,183.0,26.142857142857142,4,96.39,13.77,1,5.0,6,0.0,6,02839,sao paulo,SP
23d7c96d4a1160db1c726b248601b25a,53,55,11766.94,213.94436363636365,40,1379.58,25.083272727272725,11,3.81,50,0.12,50,13360,capivari,SP
23ff42c4bf1f8f16cddb19d8b972974a,2,3,174.70000000000002,58.23333333333334,2,52.97,17.656666666666666,1,4.0,2,0.0,2,37975,itau de minas,MG
240b9776d844d37535668549a396af32,36,36,13592.08,377.5577777777778,11,860.57,23.904722222222222,5,4.277777777777778,36,0.05714285714285714,35,24120,niteroi,RJ
244b04680fdbded0acf5aebd9c92b44a,3,3,3477.7000000000003,1159.2333333333333,3,138.81,46.27,1,1.0,2,0.5,2,13211,jundiai,SP
244c2f1bff6afe1f2eaf9bfe9b2aed38,23,27,2580.0,95.55555555555556,11,1214.87,44.99518518518518,1,3.782608695652174,23,0.08695652173913043,23,08832,mogi das cruzes,SP
247587846358bb1d2e4c6522020b36fe,1,1,99.0,99.0,1,22.51,22.51,1,5.0,1,0.0,1,15093,sao jose do rio preto,SP
2493dc3f20131696a0ecdb9948051a8d,4,4,504.38,126.095,3,70.69,17.6725,1,4.75,4,0.0,4,71065,brasilia,DF
249f0e9905a6e06ad6c6bea7547ab9f6,3,3,347.95,115.98333333333333,3,39.04,13.013333333333334,2,5.0,2,0.0,2,20950,rio de janeiro,RJ
24a6daf925d9d591870a66660416de31,2,2,60.0,30.0,2,30.08,15.04,1,4.5,2,0.0,2,14078,robeirao preto,SP
24c1de8d9551c0b4fbc53317d53efda8,1,1,355.0,355.0,1,57.12,57.12,1,5.0,1,0.0,1,58385,serra redonda,PB
2528513dd95219a6013d4d05176e391a,161,167,32689.1,195.74311377245508,84,3749.65,22.45299401197605,3,4.117241379310345,145,0.05442176870748299,147,06060,osasco,SP
2528744c5ef5d955adc318720a94d2e7,5,5,6245.0,1249.0,3,263.7,52.739999999999995,1,2.4,5,0.0,5,13202,jundiai,SP
252e76235acb79183cfca6e34f13337d,3,4,261.2,65.3,4,60.57,15.1425,2,2.5,2,0.0,2,13090,campinas,SP
253c025bab43881055aeecde5e2d8b77,2,2,94.82,47.41,1,29.509999999999998,14.754999999999999,1,4.5,2,0.5,2,80620,curitiba,PR
253f95b3a0e6983ae18aed49fbc2b845,5,5,799.5,159.9,2,91.44,18.288,1,4.4,5,0.0,5,04141,sao paulo,SP
257e61d3251fb5efb9daadddbc2cf7ca,12,12,7729.0,644.0833333333334,12,1077.18,89.765,2,4.75,12,0.0,12,86804,apucarana,PR
258447aad3f7b01e2643c89f64dc5647,1,1,51.9,51.9,1,19.55,19.55,1,5.0,1,0.0,1,87210,cianorte,PR
259f7b5e6e482c230e5bfaa670b6bb8f,138,165,8526.04,51.6729696969697,24,2739.21,16.60127272727273,2,4.368421052631579,133,0.022727272727272728,132,08550,poa,SP
25be943a321c8938947bdaabca979a90,5,5,769.0,153.8,2,138.55,27.71,1,3.0,5,0.0,3,09725,sao bernardo do campo,SP
25c5c91f63607446a97b143d2d535d31,158,269,54679.22,203.26847583643124,18,7000.11,26.02271375464684,1,3.9222972972972974,148,0.07482993197278912,147,35680,itauna,MG
25cf099de44674fde97473224f9d59ab,50,50,1654.36,33.087199999999996,30,705.19,14.103800000000001,1,4.326530612244898,49,0.04,50,06716,cotia,SP
25debeafbce801fdd479539350185eee,6,7,302.84000000000003,43.26285714285715,3,100.01,14.287142857142857,2,3.0,5,0.0,4,17350,igaracu do tiete,SP
25e47381a6c510ddeb36084e33b89f0c,16,17,1289.6000000000001,75.85882352941178,11,282.11,16.59470588235294,1,4.25,16,0.0,16,11720,praia grande,SP
25e6ffe976bd75618accfe16cefcbd0d,108,117,11691.61,99.9282905982906,54,1705.24,14.574700854700854,6,4.476190476190476,105,0.05825242718446602,103,05503,sao paulo,SP
262237171f48e85819065498cac80d7b,4,10,599.0,59.9,1,150.0,15.0,1,4.25,4,0.0,4,88352,brusque,SC
2646baaf662d4d92ac48f047e35db92d,15,18,1263.05,70.16944444444444,10,286.34,15.907777777777776,4,4.466666666666667,15,0.13333333333333333,15,03303,sao paulo,SP
26562f211dd1364af2a8596dc945e8ae,2,2,99.0,49.5,2,16.11,8.055,2,5.0,2,0.0,2,09785,sao bernardo do campo,SP
265fdc289dffa9f1ad801c74f7d0de47,1,1,495.0,495.0,1,51.55,51.55,1,5.0,1,0.0,1,15155,jaci,SP
26785a546900236d66f2e4197c211158,15,15,1019.2,67.94666666666667,12,225.45,15.03,1,4.666666666666667,15,0.0,15,08430,sao paulo,SP
269c5fc9fcadee614364c3620c30a1f9,3,6,209.6,34.93333333333333,2,45.12,7.52,1,5.0,3,0.3333333333333333,3,07140,guarulhos,SP
269cff2d3c8d205c11f37a52402ea93b,4,5,1281.59,256.318,3,133.41,26.682,2,4.5,4,0.0,4,15803,catanduva,SP
26af45f5dfd967225a832838aa4e24a3,10,11,573.1,52.1,7,198.51,18.046363636363637,1,3.875,8,0.0,8,81070,curitiba,PR
26b482dccfa29bd2e40703ba45523702,3,4,344.78,86.195,3,67.63,16.9075,2,5.0,3,0.0,3,13450,santa barbara d´oeste,SP
26bad72add1f86e08a776ce4ffdaf1ca,7,7,622.0,88.85714285714286,5,123.92,17.702857142857145,1,4.428571428571429,7,0.0,7,14470,pedregulho,SP
26d6bbee02420494d471c9f6436929c0,12,13,434.51,33.423846153846156,10,247.19,19.014615384615386,4,4.666666666666667,12,0.0,12,81530,curitiba,PR
26d8a1c7c75d513045798992ead43aa2,36,38,8244.12,216.9505263157895,21,701.66,18.464736842105264,3,4.305555555555555,36,0.08823529411764706,34,86800,apucarana,PR
26e13b6ff5b641b329e5524241ee2c93,4,4,119.69999999999999,29.924999999999997,4,69.97999999999999,17.494999999999997,2,5.0,3,0.0,3,14401,franca,SP
26e2c91ef821e1ff8985f408788fe35b,12,14,1649.4,117.81428571428572,10,274.47,19.605,1,3.0,12,0.4166666666666667,12,14940,ibitinga,SP
26e2e5033827d2ba53929f43e03d8ffe,1,1,139.49,139.49,1,15.29,15.29,1,5.0,1,0.0,1,02611,sao paulo,SP
26f6b7ab07be3e9e69ce82a6552efc19,2,2,54.8,27.4,2,25.95,12.975,2,3.0,2,0.5,2,21070,rio de janeiro,RJ
270297ead4c65a6cd2593960d2af6b21,18,20,9422.4,471.12,12,546.1,27.305,3,3.9375,16,0.0,16,04696,sao paulo,SP
270572bb714b00531be85e16e1550f26,1,1,96.99,96.99,1,14.77,14.77,1,5.0,1,0.0,1,09370,maua,SP
2709af9587499e95e803a6498a5a56e9,26,47,1279.56,27.22468085106383,15,579.46,12.328936170212767,2,3.7916666666666665,24,0.125,24,03813,sao paulo,SP
270d3ef21830ad0ecf3a6c53d08a533a,6,18,509.0,28.27777777777778,3,234.67,13.037222222222221,1,2.3333333333333335,6,0.0,5,06380,carapicuiba,SP
271b8923c6a549e02d3c9fd1f8c0422b,1,1,105.19,105.19,1,13.4,13.4,1,4.0,1,1.0,1,11704,praia grande,SP
271c58a1d139c45eaf3316107c6d3a3b,29,29,3897.52,134.39724137931034,6,671.19,23.14448275862069,1,4.068965517241379,29,0.07407407407407407,27,03632,sao paulo,SP
272f092de69afedd4d2969440b37f18f,26,40,1935.3300000000002,48.383250000000004,25,536.01,13.40025,4,3.8125,24,0.0,24,03265,sao paulo,SP
2745f798279e0ed033addcc1474776d7,32,32,3668.53,114.6415625,13,696.46,21.764375,1,3.933333333333333,30,0.0967741935483871,31,03106,sao paulo,SP
276677b5d08786d5dce7c2149dcce48b,33,47,3522.0,74.93617021276596,18,798.64,16.992340425531914,6,3.909090909090909,33,0.0967741935483871,31,31730,belo horizonte,MG
278b6e0b20c4f61fefaa0577943d7a35,1,2,1078.0,539.0,1,74.62,37.31,1,1.0,1,,0,88316,itajai,SC
27a56ff04b34c2ba34ce6ba4d3b9d616,8,8,349.28999999999996,43.661249999999995,7,102.98,12.8725,2,4.125,8,0.125,8,13033,campinas,SP
282c7480173bb9c01dd41cc739fec010,5,8,4274.2,534.275,4,192.11,24.01375,2,4.0,4,0.2,5,04795,sao paulo,SP
282f23a9769b2690c5dda22e316f9941,99,110,6505.08,59.13709090909091,41,1881.88,17.108,6,4.346938775510204,98,0.05154639175257732,97,31573,belo horizonte,MG
28405831a29823802aa22c084cfd0649,7,7,245.0,35.0,1,88.18,12.597142857142858,1,4.285714285714286,7,0.0,6,03644,sao paulo,SP
28872dc528e978a639754bc8c2ce5a4c,1,1,1009.9,1009.9,1,29.0,29.0,1,5.0,1,0.0,1,95070,caxias do sul,RS
289cdb325fb7e7f891c38608bf9e0962,110,126,13544.95,107.49960317460318,25,2094.34,16.62174603174603,4,4.625,104,0.019417475728155338,103,31570,belo horizonte,SP
28a26ebce31d5918b181ede016fd693b,1,1,29.9,29.9,1,17.14,17.14,1,5.0,1,0.0,1,31950,belo horizonte,MG
28c7d8743fbc8679f484868cc0fcaefb,3,3,201.5,67.16666666666667,2,68.86,22.953333333333333,1,5.0,3,0.0,3,18480,itaporanga,SP
28d162ab86bb49d719c32f0ee6186eaa,1,1,109.99,109.99,1,17.21,17.21,1,4.0,1,0.0,1,14079,ribeirao preto,SP
28ea411b354f14b1a494be4e79f0ce02,6,6,820.0,136.66666666666666,6,76.93,12.821666666666667,2,4.666666666666667,6,0.16666666666666666,6,05685,sao paulo,SP
28f10b1c5e5abb9d4857745bede6147c,28,28,835.0,29.821428571428573,4,350.42,12.515,3,4.0,28,0.21428571428571427,28,04250,sao paulo,SP
28fb0829fd777877cdc350d25cb5bd5b,4,4,499.6,124.9,2,69.66,17.415,1,3.75,4,0.0,2,15051,sao jose do rio pret,SP
293dee954235e4e4e43f129313625ebe,8,8,1778.92,222.365,6,240.3,30.0375,1,5.0,8,0.0,8,72125,brasilia,DF
2953ce3a88f5e3c3b696d77fc9e4c8eb,14,15,470.0,31.333333333333332,7,161.32,10.754666666666667,2,4.642857142857143,14,0.21428571428571427,14,04270,sao paulo,SP
296729ffb9b684050dd24836dac4494a,2,2,114.0,57.0,2,35.61,17.805,2,5.0,2,0.0,2,80240,curitiba,SP
297d5eccd19fa9a83b2630071ff105e4,8,8,834.97,104.37125,3,141.76,17.72,1,5.0,8,0.0,8,80710,curitiba,PR
299c89a525fee36c567f4fe72f038100,2,2,658.0,329.0,2,99.75,49.875,2,2.0,2,0.0,1,63540,varzea alegre,CE
29c322e3f09f886f8bacbe91dfbd979e,1,2,48.98,24.49,2,56.59,28.295,1,,0,,0,97110,santa maria,RS
29e6e05b65f93bc224c644319dc52ecf,4,4,475.6,118.9,3,83.32,20.83,1,4.75,4,0.0,4,36010,juiz de fora,MG
29fe9f200d3fa0c668d2aa1ec7e08dfb,5,5,400.0,80.0,4,114.16,22.832,1,4.0,5,0.0,5,88330,balneario camboriu,SC
2a1348e9addc1af5aaa619b1a3679d6b,52,55,2843.0,51.69090909090909,34,788.4,14.334545454545454,12,3.2083333333333335,48,0.28888888888888886,45,30494,belo horizonte,MG
2a167ca73899c85001a837d8fb4962f6,2,3,4097.0,1365.6666666666667,2,100.62,33.54,1,4.5,2,0.0,2,37540,sao paulo,SP
2a261b5b644fa05f4f2700eb93544f2c,51,82,5355.0,65.3048780487805,21,2041.73,24.899146341463414,1,4.0,46,0.21739130434782608,46,13660,porto ferreira,SP
2a50b7ee5aebecc6fd0ff9784a4747d6,1,2,199.8,99.9,1,64.44,32.22,1,1.0,1,1.0,1,72580,brasilia,DF
2a5b78b41cd05baeac8df54c6606b92c,49,60,19025.36,317.08933333333334,23,1107.47,18.457833333333333,1,4.3125,48,0.022222222222222223,45,35570,formiga,MG
2a61c271b1ac763450d846849783e922,18,23,1516.76,65.94608695652174,6,496.37,21.581304347826087,2,4.055555555555555,18,0.2222222222222222,18,09175,santo andre,SP
2a6fbeaa7ab9e5d59a35841a8da71ce4,30,30,1632.79,54.42633333333333,10,632.49,21.083000000000002,4,4.148148148148148,27,0.07142857142857142,28,89259,jaragua do sul,SC
2a73cba571d90c694b7caca072ccf6ce,1,2,342.78,171.39,1,38.7,19.35,1,5.0,1,1.0,1,09560,sao caetano do sul,SP
2a7c6c0b0d5efde2bf75ec1e1cec2d41,3,3,147.6,49.199999999999996,3,44.44,14.813333333333333,1,3.3333333333333335,3,0.0,3,87015,maringa,PR
2a7dc43cecabf23403078e2188437d1d,52,54,4795.91,88.81314814814814,14,833.71,15.439074074074075,5,4.18,50,0.08,50,04142,sao paulo,SP
2a84855fd20af891be03bc5924d2b453,164,168,15819.1,94.16130952380952,55,3451.51,20.544702380952383,8,4.246875,160,0.032679738562091505,153,30111,belo horizonte,MG
2aa3443d7bf9d9bb11133f420d75e083,10,10,647.0,64.7,7,134.12,13.412,3,3.0,10,0.2,10,22713,rio de janeiro,RJ
2aafae69bf4c41fbd94053d9413e87ee,2,2,94.0,47.0,2,29.869999999999997,14.934999999999999,1,5.0,1,0.0,1,91901,porto alegre,RS
2addf05f476d0637864454e93ba673d5,12,12,4552.0,379.3333333333333,8,325.64,27.136666666666667,1,5.0,12,0.0,12,70856,brasilia,DF
2b03ac196f5ed62ac483960fe0fa3b65,7,7,843.1,120.44285714285715,5,92.09,13.155714285714286,2,4.142857142857143,7,0.14285714285714285,7,02510,sao paulo,SP
2b1a40c1daabc6ca280c4b815c101841,23,35,12732.6,363.78857142857146,20,1902.28,54.350857142857144,1,3.6956521739130435,23,0.045454545454545456,22,35500,divinopolis,MG
2b2fed75b8e5ea3a052fc4c0825da485,3,4,510.9,127.725,3,59.93,14.9825,1,5.0,3,0.0,3,36015,juiz de fora,MG
2b3b9ce054da76a7428df143a567b156,5,6,301.0,50.166666666666664,3,62.28,10.38,1,4.333333333333333,3,0.0,3,03572,sao paulo,SP
2b3e4a2a3ea8e01938cabda2a3e5cc79,52,54,23629.15,437.57685185185187,13,905.95,16.776851851851852,1,4.431372549019608,51,0.0,51,04733,sao paulo,SP
2b402d5dc42554061f8ea98d1916f148,1,1,299.89,299.89,1,63.9,63.9,1,5.0,1,0.0,1,44900,irece,BA
2b5ed0c9139dae8883a200dfcb272ece,4,4,85.41,21.3525,1,59.34,14.835,1,4.25,4,0.25,4,04087,sao paulo,SP
2ba91c7ad80ff88b23b7db823b43c233,6,6,740.4,123.39999999999999,4,99.93,16.655,2,3.8333333333333335,6,0.3333333333333333,6,13310,itu,SP
2bd05d410a8fd26dc4184a15f4f2f588,6,7,1316.73,188.1042857142857,6,198.54,28.36285714285714,2,5.0,6,0.0,6,31130,belo horizonte,MG
2bdb95a56a36ebbc6640337ac5eac174,1,1,89.9,89.9,1,18.0,18.0,1,5.0,1,0.0,1,04054,sao paulo,SP
2be17df1c49978426251562096c3cc09,16,16,2165.0,135.3125,10,312.55,19.534375,3,4.2,15,0.06666666666666667,15,88704,tubarao,SC
2bf28e311bba65237358230cabac3f15,7,8,294.0,36.75,6,183.88,22.985,3,3.7142857142857144,7,0.2857142857142857,7,86047,londrina,PR
2bf6a2c1e71bbd29a4ad64e6d3c3629f,30,31,50628.9,1633.1903225806452,28,1000.59,32.27709677419355,2,4.166666666666667,30,0.1,30,28615,nova friburgo,RJ
2c00c85d30361cd2ced2969cffbbffa3,1,1,49.8,49.8,1,7.71,7.71,1,5.0,1,0.0,1,31160,belo horizonte,MG
2c2c9832d1bb38c5b0034a3b47d313ee,1,1,49.9,49.9,1,18.45,18.45,1,3.0,1,0.0,1,97050,santa maria,RS
2c3d56f92f360fb89d849b84e8f50eae,8,8,465.6,58.2,5,124.84,15.605,3,3.125,8,0.2857142857142857,7,06420,barueri,SP
2c43fb513632d29b3b58df74816f1b06,3,3,858.0,286.0,3,72.17,24.05666666666667,2,3.6666666666666665,3,0.0,3,30421,belo horizonte,MG
2c4c47cb51acd5ea5db5e0ae0e26542a,12,15,2575.9,171.72666666666666,4,341.47,22.764666666666667,1,4.636363636363637,11,0.0,11,15290,buritama,SP
2c538755f1ca9540af144f266e70df6c,1,1,334.99,334.99,1,24.92,24.92,1,5.0,1,0.0,1,39801,castro pires,MG
2c54051840f19eca309a5423cf22df36,2,2,23.7,11.85,2,28.57,14.285,1,4.5,2,0.0,2,81830,curitiba,PR
2c9005d8043aff18b8557ffb7b13cda4,1,1,109.9,109.9,1,19.74,19.74,1,5.0,1,0.0,1,29304,cachoeiro de itapemirim,ES
2c9e548be18521d1c43cde1c582c6de8,126,174,6109.44,35.111724137931034,15,2493.61,14.33109195402299,5,4.105691056910569,123,0.16260162601626016,123,08752,mogi das cruzes,SP
2cb4700db635baa1c0d4f90ed27b6669,2,2,199.8,99.9,2,28.92,14.46,1,2.0,2,0.0,2,81070,curitiba,PR
2cb6eb1b7185064167657fa09f541105,6,7,1217.9,173.9857142857143,6,164.78,23.54,4,4.5,6,0.0,6,34710,sabara,MG
2cb98e27ce1c18abdb42209b34c382a7,1,1,62.49,62.49,1,57.21,57.21,1,4.0,1,0.0,1,14085,ribeirao preto,SP
2d20f1cd18725c91147da0791d498022,1,1,99.8,99.8,1,19.89,19.89,1,5.0,1,0.0,1,86040,londrina,PR
2d22fc3089eb907b29ebff50581fb472,3,3,317.70000000000005,105.90000000000002,1,59.69,19.896666666666665,1,3.6666666666666665,3,0.0,3,27972,macae,RJ
2d2322d842118867781fc737e96d59a1,8,10,176.4,17.64,5,104.97,10.497,1,4.875,8,0.125,8,05879,sao paulo,SP
2d2c62bef4c8ba0dd74e0e228e808539,16,16,3749.0,234.3125,9,481.48,30.0925,4,4.125,16,0.125,16,14096,ribeirao preto,SP
2d34636518ba88f5349b732fcf8ba2e4,1,1,150.0,150.0,1,18.63,18.63,1,5.0,1,0.0,1,01039,sao paulo,SP
2d378dbb39815785238c0139c7647fb7,2,2,1154.0,577.0,1,300.44,150.22,1,5.0,2,0.0,2,89240,sao francisco do sul,SC
2d42ebcda99fd55f6f4bc2f1ca035d50,10,11,921.5,83.77272727272727,3,282.47,25.679090909090913,2,4.3,10,0.0,10,76400,uruacu,GO
2d50d6282f8aa2257819a77bfaa0efe0,44,45,3353.48,74.52177777777777,15,798.04,17.734222222222222,3,3.925,40,0.15384615384615385,39,14940,ibitinga,SP
2d518637f53161b973e01f56ea4bb88e,13,13,1219.8899999999999,93.8376923076923,2,319.81,24.60076923076923,1,4.923076923076923,13,0.0,13,02992,sao paulo,SP
2d8cfba3fcd3170555941605edaa196a,1,1,45.0,45.0,1,10.96,10.96,1,5.0,1,0.0,1,06080,osasco,SP
2d9e8987a2ea5cf88dce330249043ff1,2,2,239.8,119.9,2,104.37,52.185,1,4.5,2,0.0,2,15155,jaci,SP
2dcf93836ae3ce0d7c93e2f10876467a,9,12,1443.8,120.31666666666666,9,178.64,14.886666666666665,2,4.0,8,0.25,8,12240,sao jose dos campos,SP
2dd1fb6f0e42a2243b8a01e40cd41216,4,5,845.89,169.178,4,96.84,19.368000000000002,1,3.0,4,0.0,3,80240,curitiba,PR
2dee2ce60de9709b1a24083217181a1f,54,55,7784.5,141.53636363636363,8,2060.06,37.455636363636366,1,4.425925925925926,54,0.018518518518518517,54,78552,sinop,MT
2e0dba2da448400b1c11d7b4b22f32a4,7,13,235.87,18.143846153846155,5,171.83,13.217692307692309,1,3.142857142857143,7,0.0,7,09070,santo andre,SP
2e13c71026e1a39ba5cc1b86dcb679aa,24,28,3793.0,135.46428571428572,9,517.21,18.471785714285716,1,4.521739130434782,23,0.08695652173913043,23,02265,sao paulo,SP
2e1a7d075abe038c1b2743005fe42ff1,19,23,1396.7,60.72608695652174,13,353.85,15.384782608695653,2,4.222222222222222,18,0.17647058823529413,17,03461,sao paulo,SP
2e1c9f22be269ef4643f826c9e650a52,167,173,12687.68,73.33919075144509,72,2434.69,14.07335260115607,3,4.203703703703703,162,0.06918238993710692,159,04850,sao paulo,SP
2e2f44824ab87a0cb961f68bf4073e7f,1,1,48.0,48.0,1,17.93,17.93,0,2.0,1,0.0,1,82315,curitiba,PR
2e3be8a987a30d7544dbbda6861cc14e,18,19,4430.84,233.2021052631579,16,346.71000000000004,18.247894736842106,1,3.1666666666666665,18,0.07142857142857142,14,30620,belo horizonte,MG
2e7ea2aafec5835e781b21d6d1faf1f1,7,7,528.4,75.48571428571428,4,118.22,16.888571428571428,1,4.5,6,0.14285714285714285,7,02820,sao paulo,SP
2e90cb1677d35cfe24eef47d441b7c87,127,137,13894.710000000001,101.42124087591242,22,2887.4500000000003,21.076277372262776,3,4.111111111111111,126,0.1349206349206349,126,02285,sao paulo,SP
2ea0861cc19e94cad86438c984c52da4,6,6,165.6,27.599999999999998,5,62.449999999999996,10.408333333333333,5,3.8,5,0.0,5,03731,sao paulo,SP
2eb70248d66e0e3ef83659f71b244378,202,212,42628.61,201.07834905660377,33,3231.4900000000002,15.242877358490567,11,2.681122448979592,196,0.14054054054054055,185,13101,campinas,SP
2ec6e37d992a95eaddb3369dcbcc76d9,2,2,159.8,79.9,1,24.14,12.07,1,1.0,1,0.0,1,91310,porto alegre,RS
2ee0a0689f2f6a72f35a7cb6033f6e7e,4,4,272.0,68.0,2,52.84,13.21,1,4.0,4,0.0,4,19025,presidente prudente,SP
2eeb6531ee027a48d401e72bebdd87d3,3,3,38.7,12.9,3,40.0,13.333333333333334,1,4.333333333333333,3,0.0,3,12230,sao jose dos campos,SP
2ef086a599b597572aca4433b7ed6b3d,1,1,49.0,49.0,1,15.1,15.1,1,5.0,1,0.0,1,89256,jaragua do sul,SC
2f09f7d37a97956d11cc1a7cadd5262b,11,12,2005.0,167.08333333333334,5,463.41,38.6175,2,2.9,10,0.16666666666666666,6,14090,ribeirao preto,SP
2f1e7b90e01d9f086cbcb301c0c3d406,1,1,59.0,59.0,1,12.66,12.66,1,5.0,1,0.0,1,89022,blumenau,SC
2f3d8b4c9e2ee165075331fea3f3095a,1,1,130.0,130.0,1,17.35,17.35,0,5.0,1,0.0,1,88107,sao jose,SC
2f4b0d3b9634b647d4edee577d7ebb7e,10,11,337.9,30.718181818181815,3,84.41,7.673636363636363,1,4.9,10,0.0,10,02310,sao paulo,SP
2f4b9d112bfa44a214bc6cef085d17c8,5,6,293.99,48.998333333333335,3,119.27000000000001,19.878333333333334,3,4.4,5,0.0,5,29600,afonso claudio,ES
2f73e04d12cdf0c945ded66bb3fcf6c7,3,3,1359.0,453.0,3,101.85,33.949999999999996,1,3.3333333333333335,3,0.0,3,29313,cachoeiro de itapemirim,ES
2f74af7a0ee5636f12c2336f9fffed47,13,13,560.6999999999999,43.130769230769225,12,163.76999999999998,12.597692307692306,3,4.3076923076923075,13,0.0,13,02376,sao paulo,SP
2f9b7ce230a057a98a9f5df5893ee36c,2,2,141.82,70.91,2,30.03,15.015,1,4.5,2,0.0,2,06460,barueri,SP
2fa13c8bd5705d279f7ed5cc9ec61c68,2,4,87.4,21.85,2,61.3,15.325,2,5.0,2,0.0,2,04679,sao paulo,SP
2fb25ab44bdbeae6a4d816e0d0c9d500,5,5,683.08,136.616,2,78.21000000000001,15.642000000000001,2,4.8,5,0.0,5,27274,volta redonda,RJ
2fdde51ad3e12f297da656d4fbd5d0b5,10,10,6252.0,625.2,3,622.14,62.214,2,4.7,10,0.0,9,89228,joinville,SC
2ff6b7bff164ef05590a52734e1296da,7,7,1803.59,257.6557142857143,6,151.53,21.647142857142857,4,4.714285714285714,7,0.0,7,86060,londrina,PR
2ff97219cb8622eaf3cd89b7d9c09824,89,96,4476.9,46.634375,45,1389.13,14.470104166666667,14,4.540229885057471,87,0.058823529411764705,85,13320,salto,SP
3076499bbc033a927bf4a8a41bcf7fd4,7,9,359.33,39.925555555555555,7,124.3,13.81111111111111,2,4.166666666666667,6,0.0,6,15350,auriflama,SP
3078096983cf766a32a06257648502d1,59,64,8285.42,129.4596875,39,1415.48,22.116875,10,4.203389830508475,59,0.05357142857142857,56,13720,scao jose do rio pardo,SP
30829ded4523ab9224b93bc49a62c95f,18,31,6911.71,222.9583870967742,13,638.0,20.580645161290324,1,3.7777777777777777,18,0.05555555555555555,18,95360,parai,RS
3092c0b297aacfb4bb6e056ebe13b9b8,19,21,1623.9,77.32857142857144,17,360.09,17.147142857142857,7,3.823529411764706,17,0.0,14,07402,aruja,SP
30a2f535bb48308f991d0b9ad4a8c4bb,71,87,4731.3,54.38275862068966,20,1084.06,12.460459770114943,1,4.484848484848484,66,0.030303030303030304,66,13457,santa barbara d'oeste,SP
30a81d8cf85fb2ada1b1b094c9583a95,17,20,1245.42,62.271,7,168.1,8.405,1,4.823529411764706,17,0.0,17,03563,sao paulo,SP
30c7f28fd3a5897b2c82d152bb760c17,7,7,2178.27,311.18142857142857,5,324.89,46.41285714285714,4,1.6666666666666667,6,0.5,6,24020,niteroi,RJ
312ba1d77e9c332ef21f9598b7f64cd7,9,10,756.0,75.6,4,132.05,13.205000000000002,2,2.7777777777777777,9,0.5714285714285714,7,07179,guarulhos,SP
31344c16881c08a8a72c6d2eb29918c1,43,43,9615.7,223.62093023255815,10,2296.92,53.416744186046515,1,4.414634146341464,41,0.05,40,36500,uba,MG
31561f325664a8a7aba4c8d0c3a9b3db,36,38,2702.19,71.11026315789474,25,627.17,16.504473684210524,2,4.685714285714286,35,0.02857142857142857,35,03287,sao paulo,SP
318f287a62ab7ac10b703ac37435a231,52,62,2517.48,40.604516129032255,7,1117.12,18.01806451612903,2,3.8653846153846154,52,0.09803921568627451,51,04773,sao paulo,SP
31ae0774c17fabd06ff707cc5bde005f,11,11,6719.85,610.8954545454545,9,850.82,77.34727272727274,3,4.0,11,0.09090909090909091,11,13478,americana,SP
31be790e64fc99f8ff48ec2bd18a3104,6,6,241.39999999999998,40.23333333333333,3,72.28,12.046666666666667,1,4.333333333333333,6,0.3333333333333333,6,09690,sao bernardo do campo,SP
31da954dc0855f2495c6310f70a2f931,29,30,4583.0,152.76666666666668,14,449.71,14.990333333333332,2,4.321428571428571,28,0.10714285714285714,28,13601,araras,SP
31e60bf8d103ce47932a85f5562deb16,1,1,181.0,181.0,1,58.04,58.04,1,5.0,1,0.0,1,74590,goiania,GO
31eec405c9bb71dec8e2629a92e764fa,5,5,256.89,51.378,5,170.24,34.048,5,4.6,5,0.0,5,29300,cachoeiro de itapemirim,ES
323ce52b5b81df2cd804b017b7f09aa7,30,30,2554.2,85.14,14,401.47,13.382333333333333,1,4.310344827586207,29,0.1724137931034483,29,03306,sao paulo,SP
324583d68897f5ddbaf38f6248322176,2,3,84.0,28.0,1,43.989999999999995,14.663333333333332,1,1.0,1,1.0,1,15046,sao jose do rio preto,SP
325f3178fb58e2a9778334621eecdbf9,36,46,981.6999999999999,21.341304347826085,13,451.67,9.818913043478261,3,4.5625,32,0.0,32,06790,taboao da serra,SP
327b89b872c14d1c0be7235ef4871685,3,3,1177.0,392.3333333333333,3,81.8,27.266666666666666,1,2.3333333333333335,3,0.6666666666666666,3,69005,manaus,AM
3289d8c3eef4873f91ce0b1343c0dd58,1,1,199.99,199.99,1,19.28,19.28,1,5.0,1,0.0,1,11701,praia grande,SP
328acb143b4a73aad6bee8e734f5d20d,2,2,699.98,349.99,2,34.769999999999996,17.384999999999998,2,4.0,2,0.0,2,85865,foz do iguacu,PR
3296662b1331dea51e744505065ae889,1,1,517.8,517.8,1,27.71,27.71,1,5.0,1,0.0,1,15805,catanduva,SP
32b8764b4ef628b53608fc34011fcc13,36,38,8884.0,233.78947368421052,11,2970.42,78.16894736842106,1,4.228571428571429,35,0.08571428571428572,35,88504,lages,SC
32e5635e63cb374eb63afdd242fb6134,1,1,910.0,910.0,1,17.82,17.82,1,5.0,1,0.0,1,22451,rio de janeiro,RJ
32f1bb9dfa65bc7df5c0d9d95a616be4,5,6,276.39,46.065,5,55.78,9.296666666666667,3,4.0,4,0.25,4,04705,sao paulo,SP
32f83ffe11cd40f7adcf4eef171f52d9,1,1,29.99,29.99,1,15.1,15.1,1,5.0,1,0.0,1,97502,uruguaiana,RS
32fdd5d44ecb43dfd6a24b9369eca144,8,8,479.2,59.9,5,138.68,17.335,1,4.375,8,0.0,8,35557,carmo do cajuru,MG
3338e7a0710a195872be80e0d2423867,1,1,45.0,45.0,1,20.43,20.43,1,1.0,1,,0,13403,piracicaba,SP
333c4210e76a1aa2ab817b99437e3ff1,2,2,335.0,167.5,2,67.43,33.715,1,5.0,2,0.0,2,13880,vargem grande do sul,SP
3340ef1913fb70d28420f6ceb685c339,32,42,6731.15,160.2654761904762,15,750.4,17.866666666666667,1,4.4,30,0.1,30,87040,maringa,PR
334cab711dee080b079fa5779b584783,11,26,1069.7,41.142307692307696,10,351.66999999999996,13.52576923076923,1,4.9,10,0.0,10,09190,santo andre,SP
33576ec5412fb5905d876f12f33bfde6,31,32,2718.0,84.9375,1,569.98,17.811875,1,4.096774193548387,31,0.03225806451612903,31,80040,curitiba,PR
3361277dc30b7cccdb0c286b24219756,29,42,3905.05,92.97738095238095,18,635.85,15.139285714285714,3,4.344827586206897,29,0.06896551724137931,29,87015,maringa,PR
3364a91ec4d56c98e44174de954b94f6,6,6,3579.94,596.6566666666666,4,273.91,45.65166666666667,1,3.6,5,0.0,5,76804,porto velho,RO
33a17d60c64393351ebf1ef860f4e0f2,43,47,8152.4800000000005,173.45702127659575,11,1279.38,27.22085106382979,1,4.642857142857143,42,0.023809523809523808,42,91510,porto alegre,RS
33a6f4b1e7cdc205511e76ba1b6e0186,105,126,10295.01,81.70642857142857,15,1888.9,14.991269841269842,2,4.46,100,0.02,100,07084,guarulhos,SP
33ab10be054370c254ddfcf0a6253422,4,4,213.2,53.3,2,52.33,13.0825,1,5.0,4,0.0,4,22790,rio de janeiro,RJ
33ac3e28642ab8bda860a2f693000e78,34,35,3661.03,104.60085714285715,18,490.09000000000003,14.002571428571429,2,4.303030303030303,33,0.0,33,06717,cotia,SP
33c51922b6e3c16b24a8f28e5833c99d,18,20,6657.87,332.8935,11,368.01,18.4005,4,4.235294117647059,17,0.05555555555555555,18,86010,londrina,PR
33cbbec1e7e1044aaf11d152172c776f,15,16,730.67,45.666875,9,398.83,24.926875,1,4.733333333333333,15,0.0,15,95705,bento goncalves,RS
33cbda8716511e27e556dff9d8418bf2,5,6,507.40000000000003,84.56666666666668,5,108.17,18.028333333333332,3,4.8,5,0.0,5,89052,blumenau,SC
33d677f27a69b84051204ee4ae76eaca,9,10,165.0,16.5,5,173.49,17.349,3,4.555555555555555,9,0.0,9,89218,joinville,SC
33dd941c27854f7625b968cc6195a552,5,5,6787.5,1357.5,1,380.91,76.182,1,4.4,5,0.0,5,29107,vila velha,ES
33fd411ed63a7c2f9005e3f065d9f85d,1,1,24.9,24.9,1,18.23,18.23,1,4.0,1,0.0,1,98290,condor,RS
34056b8b55c1775a22af2331670a799c,78,78,6455.4,82.76153846153845,58,1774.49,22.749871794871794,1,4.0,78,0.11688311688311688,77,16304,penapolis,SP
340636a908b13bbe0f4fb63fbe1d0c03,5,6,823.2,137.20000000000002,4,169.95,28.325,1,3.4,5,0.0,3,12240,sao jose dos campos,SP
343e716476e3748b069f980efbaa294e,17,24,922.5999999999999,38.44166666666666,6,312.1,13.004166666666668,1,4.3125,16,0.0625,16,13033,campinas,SP
3442033154be05bac582e173ef54fd12,1,1,161.0,161.0,1,8.39,8.39,1,5.0,1,0.0,1,05413,sao paulo,SP
344223b2a90784f64136a8a5da012e7f,1,1,10.9,10.9,1,16.79,16.79,1,2.0,1,1.0,1,89117,gaspar,SC
3442f8959a84dea7ee197c632cb2df15,3,3,218.70000000000002,72.9,3,27.9,9.299999999999999,1,3.0,2,0.5,2,13023,campinas,SP
34675b28b826facfde119785bf287dc1,1,1,21.99,21.99,1,15.1,15.1,1,4.0,1,0.0,1,85802,cascavael,PR
3481aa57cd91f9f9d3fa1fa12d9a3bf7,25,25,1773.03,70.9212,7,774.14,30.9656,2,3.8333333333333335,24,0.0,24,13360,capivari,SP
3492e68f37fd1df87f4f2f2ea247f445,8,9,787.86,87.54,5,169.4,18.822222222222223,3,3.875,8,0.125,8,13322,salto,SP
34a557286ead8fe75c989e0afcf7d98c,4,4,414.9,103.725,2,58.56,14.64,1,4.75,4,0.0,4,14406,franca,SP
34aefe746cd81b7f3b23253ea28bef39,1,1,8.0,8.0,1,14.52,14.52,1,1.0,1,,0,81210,curitiba,PR
34d1ca11b242c0fee2c834ae8d788566,40,41,13422.24,327.3717073170732,4,982.04,23.95219512195122,1,4.333333333333333,39,0.0,40,36415,congonhas,MG
34f563c82a85b99ae9e6d60db5fc2e28,8,8,2332.3,291.5375,4,246.2,30.775,3,4.714285714285714,7,0.0,7,93700,campo bom,RS
3504c0cb71d7fa48d967e0e4c94d59d9,53,53,2349.94,44.338490566037734,14,687.37,12.969245283018868,6,4.480769230769231,52,0.0,52,09350,maua,SP
35281d148dcf7134bae913c57db4e6da,1,1,119.99,119.99,1,17.03,17.03,1,5.0,1,0.0,1,05171,sao paulo,SP
353e21e8bf8de2722b4fae1636664b76,4,4,208.0,52.0,2,91.89,22.9725,1,3.0,3,0.0,3,92120,canoas,RS
35857757f553273b1056c1cabdace7fb,6,6,454.6,75.76666666666667,6,118.74000000000001,19.790000000000003,1,4.0,6,0.3333333333333333,6,14020,ribeirao preto,SP
3586b8580d9c917874e053a1bb37b5ff,36,43,1524.7,35.45813953488372,5,827.65,19.24767441860465,2,4.416666666666667,36,0.027777777777777776,36,14802,araraquara,SP
35b96509602ec4b7da831b5cd73ff2c2,2,2,558.9,279.45,2,47.55,23.775,1,4.5,2,0.0,2,93040,sao leopoldo,RS
35ef5aa32949680f627efec3c23e705c,4,5,361.59999999999997,72.32,3,156.81,31.362000000000002,1,4.666666666666667,3,0.0,3,88960,sombrio,SC
35fb511489d9ee3ee27a76debce9df06,7,7,414.5,59.214285714285715,4,172.29000000000002,24.612857142857145,1,3.5714285714285716,7,0.14285714285714285,7,86061,londrina,PR
3606774ec64634822d78dc2db6d37045,2,2,299.8,149.9,2,45.400000000000006,22.700000000000003,1,3.0,2,0.0,1,09510,sao caetano do sul,SP
365e445f796710c3431557e85caa25db,4,5,1115.0,223.0,4,79.3,15.86,1,4.5,4,0.0,4,04083,sao paulo,SP
365e4bce19bda0082c3d15d83fdb8bcd,6,7,796.4,113.77142857142857,6,98.61999999999999,14.088571428571427,2,4.666666666666667,6,0.0,6,09570,sao caetano do sul,SP
36890be00bbfc1cdb9a4a38a6af05a69,13,13,1361.3,104.71538461538461,5,239.57999999999998,18.429230769230767,3,4.230769230769231,13,0.23076923076923078,13,06040,osasco,SP
36a968b544695394e4e9d7572688598f,154,162,9482.87,58.53623456790124,43,2146.0,13.246913580246913,10,3.6414473684210527,152,0.04794520547945205,146,11010,santos,SP
36f98ad67cc981f50ce8aed093d5783c,2,2,119.4,59.7,2,39.22,19.61,1,4.0,2,0.0,2,85904,toledo,PR
37303482a42fb700d8d127e70a9cd6c8,2,2,148.89,74.445,2,22.490000000000002,11.245000000000001,1,3.0,2,0.0,1,13070,campinas,SP
373ee4a3a775a733770ca3f790b8b9ac,13,22,2141.49,97.34045454545453,9,290.32,13.196363636363635,5,3.923076923076923,13,0.07692307692307693,13,22793,rio de janeiro,RJ
37515688008a7a40ac93e3b2e4ab203f,228,240,5986.6,24.944166666666668,3,3431.1,14.296249999999999,2,4.118181818181818,220,0.10407239819004525,221,17900,dracena,SP
376a891762bbdecbc02b4b6adec3fdda,57,58,6406.23,110.45224137931034,13,1287.4,22.196551724137933,5,4.666666666666667,57,0.03508771929824561,57,74323,goiania,GO
376d67b61dce0c990155286e7ae486a4,1,1,94.0,94.0,1,17.91,17.91,1,4.0,1,0.0,1,04815,sao paulo,SP
3771c85bac139d2344864ede5d9341e3,26,30,1433.3,47.776666666666664,7,408.96,13.632,1,3.8461538461538463,26,0.15384615384615385,26,18087,sorocaba,SP
377bc18334c78dd2f1535ef22a3ad225,1,1,135.98,135.98,1,88.46,88.46,1,5.0,1,0.0,1,83015,sao jose dos pinhais,PR
3785b653b1b82de85ab47dd139938091,21,24,1552.0,64.66666666666667,7,481.27,20.052916666666665,1,4.7,20,0.0,20,85640,ampere,PR
37be5a7c751166fbc5f8ccba4119e043,272,281,55350.55,196.97704626334522,9,6083.33,21.648861209964412,2,4.317164179104478,268,0.026022304832713755,269,04248,sao paulo,SP
37ceb404da208418c9032f0674e57804,1,3,204.93,68.31,1,69.17999999999999,23.06,1,1.0,1,,0,04615,sao paulo,SP
37dd29b36c458d82f74a953c40c43645,7,8,4536.99,567.12375,5,479.44,59.93,1,3.857142857142857,7,0.14285714285714285,7,13480,limeira,SP
38102b031c2a15e54623d711bfc753d3,9,11,457.0,41.54545454545455,5,352.41,32.03727272727273,3,3.857142857142857,7,0.0,6,62170,mucambo,CE
381c83fdca332ea6afd896da20bf6e4a,46,46,7355.8,159.90869565217392,37,999.21,21.72195652173913,2,4.391304347826087,46,0.043478260869565216,46,80010,curitiba,PR
3820c6537b3853be1a0687d5a60807ec,1,1,25.0,25.0,1,10.96,10.96,1,,0,,0,06717,cotia,SP
382229d1e840115ffe3dbf5ff460e417,46,49,4096.96,83.61142857142858,24,869.66,17.748163265306122,9,4.2,45,0.11363636363636363,44,23092,rio de janeiro,RJ
385799a1cddbd26dfeb9157356a42282,5,7,633.93,90.56142857142856,4,82.61,11.801428571428572,2,4.0,5,0.0,4,04676,sao paulo,SP
38874e327ce94d11390b96eb42d61928,6,6,3779.94,629.99,2,378.49,63.08166666666667,1,4.0,6,0.16666666666666666,6,08577,itaquaquecetuba,SP
389e45560e33d2d0747f949dcddbc08e,1,1,39.0,39.0,1,8.43,8.43,1,5.0,1,0.0,1,12238,sao jose dos campos,SP
38af8acfd46ac4a7bf754e8ca6736664,5,5,345.0,69.0,2,52.94,10.588,1,4.8,5,0.0,5,04364,sao paulo,SP
38e679b9e0064cd94c6f035707344dae,28,30,3694.5099999999998,123.15033333333332,12,723.59,24.119666666666667,2,4.0,27,0.037037037037037035,27,86010,londrina,PR
38e6dada03429a47197d5d584d793b41,7,12,596.14,49.678333333333335,8,206.91,17.2425,1,4.428571428571429,7,0.14285714285714285,7,04763,sao paulo,SP
38f276ca6e7cc95a6d1bb55ac9e5550f,1,1,24.99,24.99,1,11.85,11.85,0,5.0,1,0.0,1,17520,marilia,SP
3903c788ded8dc03b5ebab37a2f3e9a1,5,5,119.97999999999999,23.996,4,51.269999999999996,10.254,2,4.25,4,0.25,4,06332,carapicuiba,SP
391bbd13b6452244774beff1824006ed,2,2,127.8,63.9,1,35.4,17.7,1,1.0,2,1.0,1,13082,campinas,SP
391fc6631aebcf3004804e51b40bcf1e,526,613,39951.95,65.17446982055465,131,10190.88,16.62460032626427,2,4.088235294117647,493,0.10408163265306122,490,14940,ibitinga,SP
392353362d22cc2c236e1ee81ff19890,5,10,288.7,28.869999999999997,3,191.97,19.197,2,4.5,4,0.0,4,89069,blumenau,SC
392e0502231ae2f8b29994ef6398cd77,20,20,1871.7,93.58500000000001,12,355.89,17.7945,1,4.157894736842105,19,0.11764705882352941,17,18760,cerqueira cesar,SP
392f7f2c797e4dc077e4311bde2ab8ce,2,2,52.0,26.0,1,36.56,18.28,1,5.0,2,0.0,2,21210,rio de janeiro,RN
3935fe5fe0f82787a9dcb8deb62be09d,16,17,1681.69,98.92294117647059,8,419.65999999999997,24.685882352941174,3,4.0,16,0.125,16,04905,sao paulo,SP
3968920b9aa752ab98f7d5888c9252f2,8,10,523.3,52.33,8,157.71,15.771,4,4.285714285714286,7,0.14285714285714285,7,17056,bauru,SP
3969863bb8af7f72580b3b1ffd3a17b3,12,13,623.15,47.934615384615384,5,226.87,17.451538461538462,4,4.3,10,0.0,10,03550,sao paulo,SP
397c4d0c005b6f41f90098ac724e28cb,5,5,8177.0,1635.4,4,445.37,89.074,4,4.4,5,0.4,5,09182,santo andre,SP
3985a3c45be355a4c57fde108bfabd1c,7,8,344.2,43.025,5,172.0,21.5,1,4.0,7,0.0,7,95690,rolante,RS
3986c0b54f6b748b75e7bd4e092aa3e5,1,1,24.99,24.99,1,15.28,15.28,1,5.0,1,0.0,1,80250,curitiba,PR
398cb257329ef7af7f1943a8974a3cbc,1,1,145.9,145.9,1,15.47,15.47,1,5.0,1,0.0,1,40285,salvador,BA
39a5005f2605cbdb4f9ac14485cabfd1,3,8,501.07,62.63375,3,232.59,29.07375,1,5.0,3,0.0,3,14780,barretos,SP
39c763cca83e654764b7a4a650fb9b7c,11,11,761.0,69.18181818181819,4,223.21,20.291818181818183,2,3.8181818181818183,11,0.18181818181818182,11,74563,goiania,GO
39d54ff918774174706fb065d7f9dc07,23,25,1593.59,63.743599999999994,16,363.4,14.536,1,4.142857142857143,21,0.15,20,04243,sao paulo,SP
39d61be7a92eb77b7da367bd4845bc0e,7,14,700.59,50.042142857142856,6,209.03,14.930714285714286,1,4.0,7,0.0,7,13420,sao paulo,SP
39f776d2974049026ff531fc42ef2a3e,3,4,1084.04,271.01,3,90.37,22.5925,1,3.6666666666666665,3,0.0,3,74835,goiania,GO
3a1a1fec38dd360f15fc912e821e169d,15,15,2007.38,133.82533333333333,12,371.25,24.75,1,3.7857142857142856,14,0.2857142857142857,14,02451,sao paulo,SP
3a3c180dd702a725bd0ba4117689239e,1,1,41.9,41.9,1,35.48,35.48,1,4.0,1,0.0,1,84600,uniao da vitoria,PR
3a3e46d10f74d8a6ca76e2b538f106a0,3,6,334.9,55.81666666666666,3,75.08,12.513333333333334,1,3.3333333333333335,3,0.5,2,02522,sao paulo,SP
3a4127e1ba7208ea37044c5092aae170,6,6,2219.6,369.93333333333334,3,91.35000000000001,15.225000000000001,2,3.5,6,0.0,5,08226,sao paulo,SP
3a490ba60afa30ece0e7d50cfe74a4f0,8,8,1529.2,191.15,3,165.87,20.73375,1,4.625,8,0.0,8,31365,belo horizonte,MG
3a52d63a8f9daf5a28f3626d7eb9bd28,1,1,35.0,35.0,1,17.78,17.78,1,1.0,1,0.0,1,71900,aguas claras df,SP
3a734b715d333a2588a3d54a0c9b8746,18,24,2463.52,102.64666666666666,10,395.64,16.485,6,4.0,17,0.07142857142857142,14,06132,osasco,SP
3a79f35a2344ede41af21267f61d5ec6,1,1,186.0,186.0,1,31.71,31.71,0,,0,,0,13040,campinas,SP
3aa3c89ae3cd482385568be76120f63c,1,1,29.9,29.9,1,19.04,19.04,1,4.0,1,0.0,1,74343,goiania,GO
3ab971ce71839580d2ae5b4e40fe8044,36,38,5002.900000000001,131.65526315789475,9,896.15,23.582894736842103,2,3.911764705882353,34,0.08571428571428572,35,03210,sao paulo,SP
3ac588cd562971392504a9e17130c40b,1,1,11.9,11.9,1,7.39,7.39,1,5.0,1,0.0,1,13480,limeira,SP
3ade81dab5a172b88e1871c28ae05260,30,32,5751.6,179.7375,10,1551.3899999999999,48.480937499999996,2,4.035714285714286,28,0.14814814814814814,27,15076,sao jose do rio preto,SP
3afc536624bc2e65bddfb5db33cc01f3,6,6,312.0,52.0,1,107.07000000000001,17.845000000000002,1,3.5,6,0.16666666666666666,6,30150,belo horizonte,MG
3b15288545f8928d3e65a8f949a28291,104,121,14061.789999999999,116.21314049586776,46,2451.9,20.263636363636365,3,4.082474226804123,97,0.07368421052631578,95,14940,ibitinga,SP
3b18f9856c6eb2413eafedb58e9eecd9,1,1,315.0,315.0,1,20.09,20.09,1,5.0,1,0.0,1,09280,santo andre,SP
3b872fd4747f01cc56206f2934198618,25,27,2726.7400000000002,100.99037037037039,13,1116.37,41.34703703703703,1,3.88,25,0.16,25,14940,ibitinga,SP
3bb32fedaa74e4ad20f4ce067733bd31,2,3,103.69999999999999,34.56666666666666,2,58.86,19.62,1,4.5,2,0.0,2,88210,porto belo,SC
3bb548e3cb7f70f28e3f11ee9dce0e59,46,53,7690.02,145.09471698113208,22,896.79,16.92056603773585,1,4.357142857142857,42,0.0,42,87040,maringa,PR
3bdff180c7e1f6551a643b99c265a120,59,61,3114.9,51.06393442622951,17,1046.96,17.163278688524592,1,4.086206896551724,58,0.05357142857142857,56,04811,sao paulo,SP
3be5841cdcc46de4ed3f9116f104b2c5,4,4,599.6,149.9,4,88.35,22.0875,3,4.75,4,0.0,4,06473,barueri,SP
3be634553519fb6536a03e1358e9fdc7,83,99,5370.95,54.2520202020202,39,1855.7,18.744444444444444,6,4.025,80,0.09090909090909091,77,08275,sao paulo,SP
3bfad056cf05c00dabe2f895925d83b1,1,5,206.64999999999998,41.33,1,46.7,9.34,0,1.0,1,,0,06033,osasco,SP
3bfba5a77604f6dfae7e6dd7aaf65821,4,4,2095.5,523.875,4,122.69,30.6725,1,5.0,4,0.0,4,86046,londrina,PR
3c010235b7345c92f125d14ee232a76b,15,15,3578.0,238.53333333333333,6,427.32,28.488,1,4.666666666666667,15,0.0,15,83800,mandirituba,PR
3c03b12bab54d8b37d79d914bfdb1aa0,37,43,4236.34,98.51953488372094,12,683.43,15.893720930232558,2,3.8,35,0.16666666666666666,36,25561,sao joao de meriti,RJ
3c3017960b2dbd72711a61f0400aab8f,10,10,968.8000000000001,96.88000000000001,4,254.09,25.409,2,4.0,10,0.0,9,89251,jaragua do sul,SC
3c487ae8f8d7542beff5788e2e0aea83,30,33,9385.699999999999,284.4151515151515,11,719.65,21.80757575757576,1,4.2,30,0.03333333333333333,30,72460,gama,DF
3c4e0452bff7a2a788179488d3d77032,32,36,3746.4,104.06666666666666,10,606.12,16.836666666666666,2,3.838709677419355,31,0.03125,32,83408,colombo,PR
3c7c4a49ec3c6550809089c6a2ca9370,141,160,4033.6400000000003,25.210250000000002,24,1824.66,11.404125,1,3.678832116788321,137,0.08148148148148149,135,03804,sao paulo,SP
3c88ed2e76a2247933a15daa7161eb1c,1,1,155.0,155.0,1,151.2,151.2,1,5.0,1,0.0,1,13154,cosmopolis,SP
3ca08eeb8d5595949fed424bd3677742,14,14,1768.8700000000001,126.34785714285715,7,466.23,33.30214285714286,1,4.428571428571429,14,0.0,13,82510,curitiba,PR
3cfa1358a6caa965278721344c8d76f2,5,5,3140.2799999999997,628.0559999999999,4,81.25,16.25,2,4.8,5,0.0,5,09831,sao bernardo do campo,SP
3d01d1c414c44b5943a09619ff3853cb,5,5,402.6,80.52000000000001,2,82.33999999999999,16.467999999999996,1,4.5,4,0.0,4,13040,campinas,SP
3d0cd21d41671c46f82cd11176bf7277,9,11,447.8,40.70909090909091,6,174.57999999999998,15.87090909090909,4,4.625,8,0.0,8,89217,joinville,SC
3d2400ac620cffa23ac81bd192f7f555,1,1,105.0,105.0,1,8.9,8.9,1,5.0,1,0.0,1,09810,sao bernardo do campo,SP
3d2531eccfbde1d7c8db7a3a12fb267a,10,10,1999.54,199.954,2,213.06,21.306,1,4.222222222222222,9,0.0,10,31340,contagem,MG
3d290fe363c60a77498c1126fd3fb8d3,3,3,198.98,66.32666666666667,2,35.06,11.686666666666667,1,4.333333333333333,3,0.0,3,06694,itapevi,SP
3d39fbf22a665714baf62fae36029e23,8,8,2504.2,313.025,4,130.63,16.32875,2,4.75,8,0.0,8,13040,campinas,SP
3d3ccf2b2f8134b10dce9dd446f0e075,3,3,608.6,202.86666666666667,3,141.93,47.31,1,3.3333333333333335,3,0.3333333333333333,3,14940,ibitinga,SP
3d4824f20035949c710eaf111f869d39,9,10,1041.04,104.104,8,173.54,17.354,7,4.428571428571429,7,0.16666666666666666,6,18015,sorocaba,SP
3d49bfdd1b43a7fe169b3740067acc61,3,3,215.0,71.66666666666667,2,61.82,20.606666666666666,1,4.666666666666667,3,0.0,3,39400,montes claros,MG
3d4b1ae7539303b5704493798893e82c,6,9,1076.0,119.55555555555556,6,145.69,16.18777777777778,2,4.833333333333333,6,0.0,6,03244,sao paulo,SP
3d5d0dc7073a299e31fa718ce1bc00b6,23,24,790.7,32.94583333333333,8,387.43,16.142916666666668,6,4.304347826086956,23,0.09523809523809523,21,22785,rio de janeiro,RJ
3d621842b2ed28e2b474132480edac3c,10,10,928.9100000000001,92.891,5,151.79,15.178999999999998,1,3.9,10,0.0,8,08041,sao paulo,SP
3d62f86afa7c73be2628a3be1423f5a0,2,2,12.0,6.0,1,42.42,21.21,1,4.0,2,0.0,2,12327,jacarei,SP
3d68c634a99a1ba46dbca3967a69c623,2,2,594.0,297.0,1,263.7,131.85,1,5.0,2,0.0,2,88270,nova trento,SC
3d700782d7818f2c1e0d7a9e9d75fc00,3,3,149.7,49.9,1,85.41,28.47,1,3.6666666666666665,3,0.3333333333333333,3,86170,sertanopolis,SP
3d871de0142ce09b7081e2b9d1733cb1,1080,1147,94914.2,82.74995640802092,202,22433.51,19.558421970357454,6,4.169685414680648,1049,0.0603448275862069,1044,13232,campo limpo paulista,SP
3d8fa2f5b647373c8620330c4e077a9f,43,48,3571.73,74.41104166666666,11,818.82,17.05875,6,4.2073170731707314,41,0.024390243902439025,41,03031,sao paulo,SP
3da38366e7bd9baf6369071f782ecdf0,1,1,59.47,59.47,1,26.96,26.96,1,1.0,1,1.0,1,60346,fortaleza,CE
3db66a856d18a9cba7c9241fc5221c50,94,97,9478.300000000001,97.71443298969074,38,2044.36,21.075876288659792,5,4.21505376344086,93,0.11827956989247312,93,35430,ponte nova,MG
3dbbce181edfaa4a597ec858c382d2ec,17,20,848.3,42.415,13,440.27,22.0135,2,4.235294117647059,17,0.11764705882352941,17,82515,curitiba,PR
3dc69bf2c42f0568a5c4791ec3fd3745,2,2,300.0,150.0,1,34.43,17.215,1,4.0,2,0.0,1,02880,sao paulo,SP
3ded4e2d5f135cb103e5949d7263d2dd,1,1,49.9,49.9,1,12.48,12.48,1,5.0,1,0.0,1,37550,pouso alegre,MG
3df020b72d3d44b3af9d110fa3940b65,55,101,5039.9,49.9,13,1709.57,16.926435643564357,1,4.018867924528302,53,0.1320754716981132,53,15704,jales,SP
3dfd3dc96f7f8598eca74e9ac8a2fa31,6,6,183.0,30.5,6,75.7,12.616666666666667,4,3.8,5,0.2,5,03343,sao paulo,SP
3e35a8bb43569389d3cebef0ce820f69,1,2,55.8,27.9,1,28.88,14.44,1,5.0,1,0.0,1,03124,sao paulo,SP
3e46a38ee171c503c3b4a3f23fe3bf0c,1,1,59.9,59.9,1,9.11,9.11,1,5.0,1,0.0,1,18040,sorocaba,SP
3e51f9cbe317bc3a88f2c76583811ee4,1,1,76.09,76.09,1,8.69,8.69,1,5.0,1,0.0,1,08032,sao paulo,SP
3e8bd881d92466e63ba9e3e809cd3c50,9,10,2242.28,224.228,8,207.97,20.797,4,4.125,8,0.375,8,20751,rio de janeiro,RJ
3ea00e1dea2b0659dbaf654735929220,7,7,505.0,72.14285714285714,2,144.97,20.71,1,4.857142857142857,7,0.0,7,80020,curitiba,PR
3ea08c48e851106d2f584349daba335f,1,1,170.0,170.0,1,22.94,22.94,1,4.0,1,0.0,1,36201,barbacena,MG
3ef37b7ca6dd2b80bd8af81a62504996,2,2,700.0,350.0,2,40.97,20.485,1,4.5,2,0.0,2,01452,sao paulo,SP
3f0e48d209018b466fcd3bb4ccfeb520,9,10,5399.0,539.9,3,255.79999999999998,25.58,1,3.888888888888889,9,0.0,9,80215,curitiba,PR
3f2af2670e104d1bcb54022274daeac5,6,7,973.6,139.0857142857143,5,360.58,51.51142857142857,1,3.3333333333333335,6,0.16666666666666666,6,87240,terra boa,PR
3f3486b61f45078d4f31ee5e43d8c5bb,40,40,3829.73,95.74325,12,896.84,22.421,3,4.325,40,0.15384615384615385,39,03035,sao paulo,SP
3f8034bfc6b8b4135534975d49f04c63,12,16,1313.9,82.11875,8,280.61,17.538125,1,3.75,12,0.0,11,81560,curitiba,PR
3f8247d0f772ffa58560e5c682521ad5,1,1,139.9,139.9,1,18.55,18.55,1,3.0,1,,0,89211,joinville,SC
3f84fefc07dc159b268d4a77d3e8c425,3,3,200.6,66.86666666666666,3,51.32,17.106666666666666,1,5.0,3,0.0,3,83833,fazenda rio grande,PR
3f995f07c49d0d55a99d5c54957f7d81,43,43,3955.7,91.99302325581395,3,671.5,15.616279069767442,2,4.209302325581396,43,0.023255813953488372,43,06853,itapecerica da serra,SP
3f9be91358837bff69df67edfa3e42e8,7,7,569.7,81.38571428571429,4,132.36,18.90857142857143,1,5.0,6,0.0,6,86039,londrina,PR
3f9c56764fabca627406093dcb3ef0b4,7,7,909.3000000000001,129.9,3,105.64999999999999,15.092857142857142,1,4.714285714285714,7,0.0,7,22745,rio de janeiro,RJ
3fac58ce0ad699020c7944d53c41329c,10,16,1244.95,77.809375,13,183.02,11.43875,2,4.625,8,0.25,8,03480,sao paulo,SP
3fadb4cba4c35bce6a7eaf9872d5623a,3,5,209.5,41.9,1,68.02000000000001,13.604000000000003,1,3.3333333333333335,3,0.0,3,95013,caxias do sul,RS
3faf68a3b0af94b10bac70d86077be49,7,7,1322.93,188.99,3,119.16,17.02285714285714,0,4.571428571428571,7,0.0,7,13825,holambra,SP
3fd1e727ba94cfe122d165e176ce7967,37,38,2805.2000000000003,73.82105263157895,12,589.22,15.505789473684212,1,3.8333333333333335,36,0.20588235294117646,34,14802,araraquara,SP
3fe7120d6257285ac6a3ce7cb071ccec,2,2,199.98,99.99,1,28.28,14.14,1,3.5,2,0.0,2,35044,governador valadares,MG
3febca52652e7209509ccfe61cbde40e,2,2,84.0,42.0,1,16.9,8.45,1,2.0,2,,0,08596,itaquaquecetuba,SP
3fefda3299e6dfaea3466ef346a3571a,1,1,209.0,209.0,1,16.21,16.21,1,4.0,1,0.0,1,82620,curitiba,PR
4003520d80d0bad1d5623f7aa3c63cda,1,1,70.0,70.0,1,16.74,16.74,1,1.0,1,0.0,1,20520,rio de janeiro,RJ
400f221ab83037c0ea78f1267da9624d,1,1,865.0,865.0,1,20.8,20.8,1,,0,,0,17700,osvaldo cruz,SP
402916f742e5c740cc751493d9cf5053,9,10,1252.0,125.2,5,226.43,22.643,3,4.666666666666667,9,0.0,9,39740,guanhaes,MG
403aa86912527d730337ffcb0fb096ab,11,11,8959.89,814.5354545454545,6,204.62,18.60181818181818,6,4.0,10,0.0,11,30220,belo horizonte,MG
4049512728d969bec69f84088b012416,7,9,389.84,43.315555555555555,7,160.43,17.825555555555557,2,5.0,7,0.0,7,30310,belo horizonte,MG
404e1ba01358af4cd63f679b2c4d1fa1,8,12,373.9,31.15833333333333,7,177.82999999999998,14.819166666666666,3,5.0,8,0.0,8,36032,juiz de fora,MG
40536e7ca18e1bce252828e5876466cc,2,4,463.96,115.99,1,499.04,124.76,1,1.0,2,,0,07747,caieiras,SP
406740ee611378a662d274c7d8c43c4a,8,10,1790.0,179.0,2,182.08,18.208000000000002,2,4.375,8,0.125,8,29056,vitoria,ES
406822777a0b9eb5c50e442dd4cd3ec5,45,47,3648.08,77.61872340425532,19,948.26,20.175744680851064,2,4.295454545454546,44,0.13636363636363635,44,18500,tatui,SP
4091f77d8c768fc3e81c20761471761d,8,8,1079.0,134.875,6,230.87,28.85875,1,2.75,8,0.25,8,03059,sao paulo,SP
40d54b51e962dbe09cabbcfd33298dee,30,31,6785.5599999999995,218.8890322580645,13,537.69,17.344838709677422,3,4.103448275862069,29,0.0,29,09230,santo andre,SP
40db9e9aa57f7bb151bcda6b0f9bdbb7,12,12,23168.0,1930.6666666666667,9,655.99,54.66583333333333,1,2.3636363636363638,11,0.08333333333333333,12,52010,recife,PE
40ec8ab6cdafbcc4f544da38c67da39a,2,2,117.8,58.9,1,39.2,19.6,1,5.0,2,0.0,2,85603,francisco beltrao,PR
411f3b52d857390502ee4e4d5ceabc2d,21,30,1804.01,60.13366666666666,13,378.71,12.623666666666667,4,4.055555555555555,18,0.15,20,09400,ribeirao pires,SP
4125d9385a25e82d2f72d3a0fd55bc3f,1,1,42.9,42.9,1,18.4,18.4,1,5.0,1,0.0,1,11065,santos,SP
412a4720f3e9431b4afa1476a1acddbe,21,22,2058.1,93.55,8,511.06,23.23,3,4.238095238095238,21,0.047619047619047616,21,13060,campinas,SP
4170f6a9367e6b5d6401d03ce6d54569,4,5,568.78,113.756,3,93.03,18.606,2,4.0,4,0.25,4,71906,brasilia df,DF
417a1e6c7321084d2a0ae0d023cfad93,1,1,48.9,48.9,1,12.48,12.48,1,5.0,1,0.0,1,95885,imigrante,RS
41958cbd3335433c8740300e8cd600d5,1,1,32.99,32.99,1,7.39,7.39,1,5.0,1,0.0,1,05051,sao paulo,SP
41ab63a91b8b264e8c8780368bf1dd5b,12,13,2571.95,197.84230769230768,9,302.27,23.25153846153846,7,4.545454545454546,11,0.0,11,31555,belo horizonte,MG
41b14765bd56c8ad10971074380f9c0c,8,10,395.5,39.55,2,119.13,11.913,1,4.625,8,0.0,8,09070,santo andre,SP
41b39e28db005d9731d9d485a83b4c38,195,231,17112.55,74.08030303030303,132,3930.36,17.014545454545456,5,4.103260869565218,184,0.0625,176,09220,santo andre,SP
41b86b552e54e3a7009596125aa8b167,10,11,1595.3,145.02727272727273,11,234.61,21.328181818181818,1,4.3,10,0.0,10,02470,sao paulo,SP
41c2bad7229b0c25e6becf179ebf63ff,20,23,782.0,34.0,4,189.92,8.257391304347825,1,4.95,20,0.0,20,59020,natal,RN
41c9d3997dd3c072c31139dc5bb5761f,3,3,998.8,332.93333333333334,1,111.74000000000001,37.24666666666667,1,4.333333333333333,3,0.0,3,38182,araxa,MG
41da412d33e8da4f22baf55cb1bde82c,15,21,862.9,41.09047619047619,10,374.16,17.81714285714286,1,4.666666666666667,15,0.0,15,29260,domingos martins,ES
41e0fa5761c886a630994a55c12087e7,5,5,423.6,84.72,2,68.31,13.662,1,5.0,5,0.0,5,11446,guaruja,SP
4200ddf1967c5e41e48db62bc6d4b5ac,22,42,734.8,17.495238095238093,25,487.93,11.617380952380952,1,4.411764705882353,17,0.05,20,09710,sao bernardo do campo,SP
4221a7df464f1fe2955934e30ff3a5a1,5,5,849.5,169.9,1,239.54,47.908,1,4.8,5,0.0,5,48602,bahia,BA
422be4cc81a457fdb46f47edeb968ae5,1,1,239.9,239.9,1,77.47,77.47,1,5.0,1,0.0,1,14940,ibitinga,SP
427165bf50f8ca07efc7bdc2bfcf1688,5,5,1603.5,320.7,3,89.4,17.880000000000003,1,3.2,5,0.6,5,13471,americana,SP
42b6488f5b8246d9141712abd4b1b693,2,2,247.99,123.995,2,41.81,20.905,2,4.0,2,0.0,2,87014,maringa,PR
42b729f859728f5079499127a9c2ef37,104,132,4118.86,31.203484848484845,18,1315.21,9.963712121212122,4,4.4950495049504955,101,0.07920792079207921,101,03910,sao paulo,SP
42bde9fef835393bb8a8849cb6b7f245,35,40,7703.0,192.575,15,784.84,19.621000000000002,3,4.257142857142857,35,0.029411764705882353,34,71551,brasilia,DF
42d4b7e70819438f5ada61c965e92d7e,1,3,49.6,16.533333333333335,2,51.18,17.06,2,1.0,1,0.0,1,74045,goiania,GO
42ef3192a9ff87a22d1867b74b3ee205,23,23,1354.0900000000001,58.87347826086957,20,301.88,13.125217391304348,4,4.6521739130434785,23,0.0,23,09090,santo andre,SP
42fa4ee7240e9b8eb4576358ec142ba7,22,22,3845.7,174.80454545454543,7,518.77,23.580454545454543,2,4.8,20,0.0,21,95012,caxias do sul,RS
42fb44130ac3134cde8e35cf8ec7df25,3,3,62.699999999999996,20.9,2,36.44,12.146666666666667,1,3.6666666666666665,3,0.0,2,12995,pinhalzinho,SP
430315b7bb4b6e4b3c978f9dfa9b0558,20,21,3118.4,148.4952380952381,14,586.23,27.915714285714287,9,3.9473684210526314,19,0.05263157894736842,19,04857,sao paulo,SP
4305fe92735c8a43d154ff6dd2b8d927,19,21,2885.9,137.42380952380952,5,428.35,20.39761904761905,3,3.9473684210526314,19,0.0,17,35170,coronel fabriciano,MG
431050a06a317f2b38168dec3dcd2b46,12,12,1487.8,123.98333333333333,7,233.15,19.429166666666667,2,4.25,12,0.0,10,02475,sao paulo,SP
431af27f296bc6519d890aa5a05fdb11,117,125,13109.5,104.876,20,2141.35,17.1308,1,3.8157894736842106,114,0.15789473684210525,114,14110,ribeirao preto,SP
4324dd16853115efb0fd9d0d131ba6f4,12,18,1052.25,58.458333333333336,6,327.22,18.178888888888892,1,4.090909090909091,11,0.09090909090909091,11,13720,sao jose do rio pardo,SP
432c37c9dfba871172ec162e20118b8c,46,57,2968.87,52.08543859649123,17,969.67,17.011754385964913,6,4.108695652173913,46,0.09090909090909091,44,70235,brasilia,DF
432c67955c0acd1fd6b0b5d678766a71,3,3,1151.0,383.6666666666667,3,137.41,45.803333333333335,1,2.3333333333333335,3,0.0,1,05571,sao paulo,SP
43402bdf22aa2310e8f99e2f94f78628,4,5,649.95,129.99,3,187.15,37.43,2,2.5,4,0.0,4,09434,ribeirao pires,SP
4342d4b2ba6b161468c63a7e7cfce593,20,20,2867.1,143.355,3,296.21,14.8105,1,1.263157894736842,19,0.5,2,22793,rio de janeiro,RJ
436bf27f2f18474fc6047702e9f8a866,1,1,29.9,29.9,1,14.52,14.52,1,5.0,1,0.0,1,13041,campinas,SP
4371b634e0efc0e22b09b52907d9d469,102,112,8194.0,73.16071428571429,40,1484.79,13.257053571428571,4,4.5,98,0.08163265306122448,98,02028,sao paulo,SP
43753b27d77860f1654aa72e251a7878,1,1,23.9,23.9,1,42.38,42.38,1,5.0,1,0.0,1,44895,barro alto,BA
4391ea5c5990502176a1dcda44a2373d,3,5,2349.0,469.8,3,135.3,27.060000000000002,2,4.666666666666667,3,0.0,3,91910,porto alegre,RS
439a47cc365d6e3bd526812ea9de3c29,8,13,1186.5,91.26923076923077,5,224.43,17.263846153846153,1,4.25,8,0.125,8,08730,mogi das cruzes,SP
43a1d4bab73b816e44ef4e4facd9f9b5,1,1,189.9,189.9,1,15.5,15.5,1,4.0,1,0.0,1,87050,maringa,PR
43a5d4a57af536fddc96d08be3afdfcb,1,1,75.0,75.0,1,24.83,24.83,1,,0,,0,37006,varginha,MG
43b2c864251aa0ce4030c746984e088a,2,2,94.8,47.4,2,34.52,17.26,2,3.0,2,0.0,2,71936,brasilia,DF
43f8c9950d11ecd03a0304a49e010da6,41,41,4249.59,103.64853658536586,21,557.63,13.600731707317074,1,4.560975609756097,41,0.07317073170731707,41,06341,carapicuiba,SP
44073f8b7e41514de3b7815dd0237f4f,144,153,18729.64,122.4159477124183,77,3172.29,20.73392156862745,14,3.7535211267605635,142,0.03546099290780142,141,71070,brasilia,DF
440dd6ab244315c632130ecfb63827b1,94,95,13696.9,144.1778947368421,28,2096.31,22.06642105263158,2,3.880434782608696,92,0.13333333333333333,90,15502,votuporanga,SP
443d880f15cbd3572885e1d44bf2c478,1,2,94.8,47.4,1,30.2,15.1,1,2.0,1,0.0,1,17506,marilia,SP
4450bd8327d471c4a11a83d1445b1b62,1,1,199.0,199.0,1,15.56,15.56,1,5.0,1,0.0,1,06714,cotia,SP
446cc09cdbb130904da114e807dbec40,3,3,252.8,84.26666666666667,3,54.17,18.05666666666667,1,4.666666666666667,3,0.0,3,05615,sao paulo,SP
44717f64ec2a457979cf83c429077666,2,3,107.0,35.666666666666664,2,63.91,21.30333333333333,1,5.0,2,0.0,2,98780,santa rosa,RS
447d377bdb757058acb569025ee18a93,1,1,64.99,64.99,1,18.02,18.02,1,5.0,1,0.0,1,99500,carazinho,RS
44ed138eca6214d572ce1d813fb0049b,2,3,129.79,43.26333333333333,2,56.01,18.669999999999998,2,4.5,2,0.0,2,92010,canoas,RS
44f091b5abab8018f682fce8124b85e5,6,6,1680.1,280.01666666666665,4,107.60999999999999,17.935,1,2.5,6,0.6666666666666666,3,02281,sao paulo,SP
45213867cefbf2cd4c6177e10216a951,14,14,4955.42,353.9585714285714,9,433.74,30.981428571428573,2,3.857142857142857,14,0.14285714285714285,14,13603,araras,SP
4559697a8f7e637227c2eeaed843baff,42,42,3696.0,88.0,3,778.27,18.530238095238094,3,4.0476190476190474,42,0.07692307692307693,39,19029,presidente prudente,SP
455befea1bb853c75ccbca94cff26e5c,1,1,19.99,19.99,1,22.06,22.06,1,3.0,1,0.0,1,27525,resende,RJ
455c5640e8c5bd1b2ee85c0158f85727,8,8,6729.5,841.1875,7,457.39,57.17375,4,4.5,8,0.0,8,89128,luiz alves,SC
455f46ef09a9e45667e2981df84b5cc2,2,2,59.8,29.9,1,31.18,15.59,1,2.5,2,0.0,1,18052,sorocaba,SP
457fe919b032a3f7dadba6fb92cf7855,9,12,1104.89,92.07416666666667,8,141.22,11.768333333333333,1,4.777777777777778,9,0.1111111111111111,9,13140,paulinia,SP
458c6fa920810ce2492da71bc26d9eec,2,2,756.76,378.38,1,105.61,52.805,1,2.5,2,0.0,2,15813,catanduva,SP
458d868c9642f55f18f04e951a3fdde6,2,2,2718.0,1359.0,1,104.75,52.375,1,5.0,2,0.0,2,90670,porto alegre,RS
45a3d05fb00435e52a28859dd03703b3,1,1,1299.0,1299.0,1,24.79,24.79,1,5.0,1,0.0,1,07176,guarulhos,SP
45ba18c210d42734ec52c0c1c574e9ee,38,41,5589.13,136.32024390243902,29,972.96,23.730731707317073,9,3.9722222222222223,36,0.030303030303030304,33,18130,sao roque,SP
45c20d94d9171b0bcfab3c955e47d67b,4,4,129.45999999999998,32.364999999999995,4,81.11,20.2775,3,4.5,4,0.0,4,13490,cordeiropolis,SP
45d33f715e24d15a6ccf5c17b3a23e3c,59,61,4838.2300000000005,79.31524590163936,32,903.93,14.818524590163934,13,4.2592592592592595,54,0.0784313725490196,51,18015,sorocaba,SP
461ff5303b6c9c1a4a07f40c5aece516,3,3,102.69999999999999,34.23333333333333,2,58.73,19.576666666666664,1,5.0,2,0.0,2,83323,pinhais,PR
466222e777149751370e7e98fb623b0c,1,1,87.9,87.9,1,17.55,17.55,1,5.0,1,0.0,1,20931,rio de janeiro,RJ
4677a5437afda5fa7140b927b07be1cc,11,11,3415.7,310.5181818181818,9,420.0,38.18181818181818,3,4.363636363636363,11,0.09090909090909091,11,84920,japira,PR
46dc3b2cc0980fb8ec44634e21d2718e,521,542,128111.19,236.36750922509225,189,11798.5,21.768450184501845,6,4.219178082191781,511,0.066,500,22240,rio de janeiro,RJ
46ef1a25845fc051c2998d878354810c,5,5,250.41,50.082,4,98.04,19.608,2,4.4,5,0.2,5,35530,claudio,MG
4736e9d642ef4257cd7622516931eb51,16,20,1078.8700000000001,53.94350000000001,12,370.90000000000003,18.545,4,4.125,16,0.0,16,13424,piracicaba,SP
47648caee88ccfe951fbb27fbf7b4cbe,3,3,1564.99,521.6633333333333,3,68.0,22.666666666666668,1,3.6666666666666665,3,0.3333333333333333,3,09931,diadema,SP
478bfe564db21eeb44386606aa30b650,3,3,182.70000000000002,60.900000000000006,3,48.1,16.033333333333335,1,4.666666666666667,3,0.0,3,33600,pedro leopoldo,MG
47efca563408aae19bb7206c2d969ea9,12,12,2522.0,210.16666666666666,5,443.32,36.943333333333335,1,4.0,11,0.0,10,64033,teresina,PI
47f55702f598c7c6cc8458b0fbc1c49a,2,2,127.5,63.75,2,35.9,17.95,0,5.0,1,0.0,1,36213,dores de campos,MG
48162d548f5b1b11b9d29d1e01f75a61,68,91,20510.14,225.38615384615383,43,2082.03,22.879450549450553,7,3.984848484848485,66,0.03125,64,13403,piracicaba,SP
4830e40640734fc1c52cd21127c341d4,210,219,9843.47,44.94735159817351,54,3126.55,14.27648401826484,9,4.173267326732673,202,0.07106598984771574,197,03573,sao paulo,SP
48328ec9a579151d9cc6a86d4a59336c,1,1,1099.0,1099.0,1,97.78,97.78,1,2.0,1,0.0,1,92310,canoas,RS
483ca627d131e18f988349b1655c0acd,1,1,264.0,264.0,1,19.73,19.73,1,5.0,1,0.0,1,13800,mogi mirim,SP
48436dade18ac8b2bce089ec2a041202,138,151,12271.710000000001,81.26960264900663,23,2911.93,19.28430463576159,2,4.051470588235294,136,0.07575757575757576,132,27277,volta redonda,SP
485452467ff670447e84a8370c3fc898,3,3,175.7,58.56666666666666,3,139.74,46.580000000000005,1,4.666666666666667,3,0.0,3,89190,taio,SC
4867209cb29b56b92893d7bde3ce8012,1,1,150.0,150.0,1,19.15,19.15,1,4.0,1,0.0,1,17209,jau,SP
4869f7a5dfa277a7dca6462dcf3b52b2,1132,1156,229472.63,198.50573529411764,95,20168.07,17.446427335640138,10,4.16021602160216,1111,0.11701170117011701,1111,14840,guariba,SP
48985c61529077fa4f1e38bcff0f2ed3,7,7,879.3000000000001,125.61428571428573,2,148.07,21.15285714285714,1,4.428571428571429,7,0.0,7,90020,porto alegre,RS
48b6c3f4c6a93171da04b75313f2130f,2,2,290.26,145.13,2,37.8,18.9,1,5.0,2,0.0,2,17700,osvaldo cruz,SP
48bad451945f5227341793478d6353ea,3,3,307.0,102.33333333333333,2,77.49000000000001,25.830000000000002,2,4.0,3,0.3333333333333333,3,01220,sao paulo,SP
48e5ee06fb2dc74df1c711a9b6dfac2a,1,3,57.0,19.0,1,45.3,15.1,1,5.0,1,0.0,1,35540,oliveira,MG
48e954b2da4f6a750c844173b347ed40,2,6,397.79999999999995,66.3,2,159.01,26.501666666666665,1,4.5,2,0.0,2,91740,porto alegre,RS
48efc9d94a9834137efd9ea76b065a38,33,34,345.6,10.164705882352942,17,320.40000000000003,9.423529411764706,8,5.0,33,0.0,33,81130,curitiba,PR
48fb026ed7455a42f5d3e9390ed5088e,11,11,555.71,50.51909090909091,11,223.43,20.311818181818182,1,2.8,10,0.0,8,27321,barra mansa,RJ
49067458c68f7701fd334ce326accbe0,17,37,1047.6499999999999,28.314864864864862,15,573.85,15.50945945945946,1,3.6666666666666665,15,0.06666666666666667,15,36050,juiz de fora,MG
4917cee8d902e13428c3ec4b1ca6f315,33,33,5421.9,164.29999999999998,7,1199.6399999999999,36.35272727272727,2,4.15625,32,0.03225806451612903,31,89031,blumenau,SC
491a5ada3aa1678414e990262c4bbdc1,2,2,2840.0,1420.0,1,33.81,16.905,1,3.0,2,0.0,1,04208,sao paulo,SP
49383af7ab774e4e8f3000f49c83dc4b,8,12,660.0,55.0,1,242.23,20.18583333333333,1,4.571428571428571,7,0.0,7,12080,taubate,SP
4965a7002cca77301c82d3f91b82e1a9,1,1,8.49,8.49,1,7.87,7.87,1,5.0,1,0.0,1,18074,sorocaba,SP
497709c2976a8fa308730a2dec5b0726,1,2,76.0,38.0,1,18.04,9.02,1,5.0,1,0.0,1,09981,diadema,SP
4978a02ea9c8be7a9b5480680f40334e,18,19,2356.61,124.0321052631579,14,340.23,17.90684210526316,4,3.5294117647058822,17,0.0,17,08215,sao paulo,SP
499185655c29ecfdbfe776ef7cf875b5,1,1,89.0,89.0,1,17.33,17.33,1,4.0,1,0.0,1,90520,porto alegre,RS
4992e76a42cb3aad7a7047e0d3d7e729,57,74,2211.1,29.87972972972973,23,1007.47,13.614459459459459,2,3.8867924528301887,53,0.07692307692307693,52,03334,sao paulo,SP
499ec63c58e51296c9cf57edcfe1c8a8,5,5,365.0,73.0,1,47.93,9.586,1,4.8,5,0.0,5,02918,sao paulo,SP
49cdc90518a4f82676b38b3c1aa43ff6,5,5,1539.5,307.9,5,82.61,16.522,3,3.8,5,0.0,5,03031,sao paulo,SP
49e7217cfe4e427191c378ec626d8737,13,14,3002.7,214.47857142857143,9,375.61,26.829285714285714,2,3.8461538461538463,13,0.0,12,35570,formiga,MG
49f8d2ea7b718d0ce587d34207caf2b4,1,1,149.9,149.9,1,15.36,15.36,1,5.0,1,0.0,1,09830,sao bernardo do campo,SP
4a1917ef994878940e1fb03eeb787ad7,2,3,768.0,256.0,2,78.62,26.206666666666667,1,3.0,2,0.0,2,70610,brasilia,DF
4a1f694197d05fe70026b016a7316b41,14,23,907.77,39.46826086956521,12,370.98,16.129565217391306,2,4.538461538461538,13,0.07692307692307693,13,13920,pedreira,SP
4a23adac87cf538689fa600d976f78b2,3,3,405.0,135.0,1,35.41,11.803333333333333,1,4.333333333333333,3,0.0,3,04537,sao paulo,SP
4a3ca9315b744ce9f8e9374361493884,1806,1987,200472.92,100.89225968797183,399,35067.04,17.64823351786613,7,3.8814463544754,1687,0.11356843992827256,1673,14940,ibitinga,SP
4a3ccda38b2129705f3fb522db62ca31,66,78,17062.59,218.75115384615384,45,1432.34,18.363333333333333,5,3.9523809523809526,63,0.09836065573770492,61,17504,marilia,SP
4a5b36211b1f51bf7eaa5c10a57fa483,1,1,139.19,139.19,1,16.07,16.07,1,5.0,1,0.0,1,24445,sao goncalo,RJ
4a82168aaef173cbb6e46ae88728f919,4,4,512.0,128.0,2,100.39,25.0975,2,4.0,4,0.0,4,84500,irati,PR
4a82c4af97ffc0fb2dc26bfdc03b1842,3,3,143.7,47.9,3,67.2,22.400000000000002,1,5.0,3,0.0,3,35590,lagoa da prata,MG
4aba391bc3b88717ce08eb11e44937b2,29,30,7595.87,253.19566666666665,27,839.34,27.978,2,3.857142857142857,28,0.15384615384615385,26,45816,arraial d'ajuda (porto seguro),BA
4aba6a02a788d3ec81c03137144d9a80,1,1,89.9,89.9,1,15.38,15.38,1,5.0,1,0.0,1,89460,canoinhas,SC
4b0fdb526525f9890eb145bf1534640e,18,20,2419.0,120.95,10,535.21,26.7605,2,4.0,17,0.0,17,14940,ibitinga,SP
4b1eaadf791bdbbad8c4a35b65236d52,8,8,1849.79,231.22375,5,113.03,14.12875,1,2.0,8,0.2,5,14092,ribeirao preto,SP
4b39558c138930b9e5489c93b6df5fe3,4,5,1096.7,219.34,3,132.4,26.48,2,4.5,4,0.0,4,49055,aracaju,SE
4b5f66b7adcf57f1ecc0d3c07dd6b177,23,38,6381.78,167.9415789473684,10,734.18,19.320526315789472,1,4.3,20,0.047619047619047616,21,87025,vendas@creditparts.com.br,PR
4b90495391ac0bd181a80a459df1e718,1,1,248.0,248.0,1,18.11,18.11,1,4.0,1,0.0,1,96400,bage,RS
4b9750c8ad28220fe6702d4ecb7c898f,218,222,15915.3,71.69054054054054,34,3389.8,15.26936936936937,2,4.367441860465116,215,0.0794392523364486,214,13484,limeira,SP
4b98b0428fc1932cc2514ef9ce2505e6,2,2,327.63,163.815,2,35.8,17.9,0,2.0,2,0.5,2,06795,taboao da serra,SP
4ba52dfeba874da5b9ee7b17c7494f04,11,11,1463.0,133.0,11,204.91,18.62818181818182,1,4.363636363636363,11,0.09090909090909091,11,08790,mogi das cruzes,SP
4bc3d93e4a5f88a598d3d8ce4ae510b3,1,1,169.0,169.0,1,19.28,19.28,1,1.0,1,,0,04564,sao paulo,SP
4bcec44888b30ba9001234c534716d3f,5,5,146.0,29.2,2,63.23,12.645999999999999,1,4.6,5,0.0,5,09230,santo andre,SP
4bde6149c15cf7e177b36fa060dd6de8,2,2,159.8,79.9,2,32.66,16.33,2,5.0,2,0.0,2,99500,carazinho,RS
4be2e7f96b4fd749d52dff41f80e39dd,1,1,267.0,267.0,1,32.84,32.84,1,1.0,1,,0,69900,rio branco,AC
4be6b962d83299498bae2190f95d6566,11,12,508.8,42.4,6,182.29,15.190833333333332,2,4.0,9,0.1,10,13561,sao carlos,SP
4be9ae93c4fc0f41713d71a4194ee1b3,1,1,109.9,109.9,1,27.07,27.07,1,5.0,1,0.0,1,35500,divinopolis,MG
4bf2f4ee540798a61f9636d12cd9cc80,29,30,4995.56,166.5186666666667,18,505.45,16.848333333333333,3,4.137931034482759,29,0.034482758620689655,29,19814,assis,SP
4bf658053d453036c70976bccb2c31b2,2,2,1742.99,871.495,2,81.57,40.785,1,4.5,2,0.0,2,15070,sao jose do rio preto,SP
4bfc7a4a1cf8d4d2121c27422d9e50b5,26,40,8124.4,203.10999999999999,7,1067.19,26.679750000000002,1,4.5,24,0.041666666666666664,24,03111,sao paulo,SP
4c03b9dd4c11ee2cb35c96c49efc9420,48,48,6458.6,134.55416666666667,5,843.73,17.577708333333334,1,4.173913043478261,46,0.02127659574468085,47,13232,campo limpo paulista,SP
4c18691b6037662be2df78a765d98ab5,63,67,3195.52,47.694328358208956,31,1120.99,16.731194029850748,6,3.8548387096774195,62,0.08064516129032258,62,03167,sao paulo,SP
4c1c7281388a33dd06daac44f9fadbd1,5,5,188.32,37.664,5,81.59,16.318,3,4.8,5,0.0,5,17510,marilia,SP
4c2b230173bb36f9b240f2b8ac11786e,261,346,14592.27,42.17419075144509,20,4397.57,12.709739884393063,2,3.988095238095238,252,0.10276679841897234,253,03933,sao paulo,SP
4c498c7345e89aebad651544829beca0,48,48,4819.76,100.41166666666668,20,570.0,11.875,2,4.444444444444445,45,0.13636363636363635,44,06341,carapicuiba,SP
4c4d546adf3c3868fe19c9ec6e9ffda9,2,3,111.69999999999999,37.23333333333333,2,45.39,15.13,1,4.0,2,0.0,2,87013,maringa,PR
4c60877808f4318ef1107fbeb8f89afa,2,2,118.0,59.0,2,32.63,16.315,1,4.0,2,0.0,2,12940,atibaia,SP
4c61e37f664c3c88aff092aa5ac779d7,7,8,788.3100000000001,98.53875000000001,3,119.86,14.9825,2,4.0,6,0.2857142857142857,7,24020,niteroi,RJ
4c8545742faaf58fafd5fd14d25d75cf,4,4,3020.0,755.0,4,196.31,49.0775,2,4.5,4,0.0,4,15603,fernandopolis,SP
4c8b8048e33af2bf94f2eb547746a916,23,27,2020.73,74.84185185185186,23,438.08,16.225185185185186,5,3.0952380952380953,21,0.11764705882352941,17,14940,ibitinga,SP
4cc43a222a0f94910728b62b97a8c5f8,1,1,108.5,108.5,1,12.26,12.26,1,3.0,1,0.0,1,14026,ribeirao preto,SP
4cc4fd4fdd406a85bbdc1f824b731bd7,1,2,539.98,269.99,1,31.24,15.62,1,5.0,1,0.0,1,85906,toledo,PR
4ce6e5f6c52515177e18c1c9361d8677,1,1,226.6,226.6,1,25.67,25.67,1,3.0,1,,0,09895,sao bernardo do campo,SP
4ce8b55b4bfa4659184e7becc1fba3f2,2,2,199.0,99.5,2,59.870000000000005,29.935000000000002,1,5.0,1,0.0,1,83823,fazenda rio grande,PR
4cf490a58259286ada5ba8525ba9e84a,8,8,1254.2,156.775,6,155.19,19.39875,1,3.125,8,0.0,7,14910,tabatinga,SP
4d0041cdbe51b4617d95c70b19decc74,8,8,5235.200000000001,654.4000000000001,6,230.29,28.78625,1,4.5,8,0.0,8,36052,juiz de fora,MG
4d232b78ab7ef10393dc3807d827bc0d,5,5,1475.0,295.0,2,214.99,42.998000000000005,2,4.4,5,0.0,5,30120,belo horizonte,MG
4d600e08ecbe08258c79e536c5a42fee,8,8,4465.34,558.1675,8,168.12,21.015,2,4.0,8,0.0,7,85988,entre rios do oeste,PR
4d6d651bd7684af3fffabd5f08d12e5a,369,395,43587.4,110.34784810126582,70,7898.91,19.997240506329113,3,4.232044198895028,362,0.047619047619047616,357,17209,jau,SP
4d6fb82c629c7a5028bfd973c07b05e0,2,2,278.0,139.0,1,49.43,24.715,1,2.0,2,,0,31525,belo horizonte,MG
4d8809767a5bafe22909c77951fb6b41,1,1,50.0,50.0,1,8.72,8.72,1,5.0,1,,0,06803,embu das artes,SP
4d9fea3499bdc22aa4da4e339365f215,2,2,192.54000000000002,96.27000000000001,1,30.2,15.1,1,5.0,2,0.0,2,04209,sao paulo,SP
4da0e408c99d2fdc2126dc9fce518060,44,54,3026.0,56.03703703703704,30,938.73,17.38388888888889,2,4.395348837209302,43,0.0,43,86300,cornelio procopio,PR
4dab98ca6cd6d3df586203cefd28a042,1,1,154.9,154.9,1,18.33,18.33,1,5.0,1,0.0,1,91150,porto alegre,RS
4dbd95a08b31ede5c82d3f861cb1ce1a,6,6,1304.67,217.44500000000002,6,189.36,31.560000000000002,2,3.5,6,0.0,4,80210,curitiba,PR
4dc2e811a1760953cb7c6a590b498943,1,1,175.0,175.0,1,24.84,24.84,1,5.0,1,0.0,1,17230,itapui,SP
4dc646b9b9e8e411ef48ba000ea3ac6f,4,5,289.7,57.94,4,63.56,12.712,1,2.75,4,0.25,4,13272,valinhos,SP
4ddeb3e828550cddc8d45c8bc36ab2d1,1,1,152.0,152.0,1,12.45,12.45,1,5.0,1,0.0,1,01131,sao paulo,SP
4de6e4ba574aa9dfdc824bc44dc47fdd,14,14,451.1,32.221428571428575,12,253.32,18.094285714285714,2,4.071428571428571,14,0.07142857142857142,14,83402,colombo,PR
4deebb3199eeafb282ae33229144f94b,4,5,779.7,155.94,3,141.79,28.357999999999997,1,4.0,4,0.25,4,02112,sao paulo,SP
4e06067cc08b3f41d837768d392c3ee3,31,46,941.72,20.47217391304348,28,572.53,12.446304347826086,1,4.2,30,0.03333333333333333,30,32604,betim,MG
4e0d109ccfba9a1151c103049880c857,2,2,279.89,139.945,2,67.84,33.92,1,3.0,2,0.0,2,25550,sao joao de meriti,RJ
4e17c65a516f69d023a2ae78b84f28d6,61,74,7639.26,103.23324324324325,47,1155.54,15.615405405405404,5,4.229508196721311,61,0.06557377049180328,61,08673,suzano,SP
4e2627090e6e5b9fabba883a37897683,2,5,199.5,39.9,2,68.12,13.624,1,1.0,1,,0,31565,belo horizonte,MG
4e326052e5dbba8adcd512f3450a307e,3,6,570.0,95.0,1,85.96,14.326666666666666,1,2.3333333333333335,3,0.0,3,08020,sao paulo,SP
4e42581f08e8cfc7c090f930bac4552a,3,4,336.0,84.0,3,117.8,29.45,3,1.0,3,1.0,1,13660,portoferreira,SP
4e480be820e37de1444325ff358c9296,1,2,430.3,215.15,1,143.44,71.72,1,5.0,1,0.0,1,37410,tres coracoes,MG
4e5725ba188db8252977a4f0227bd462,22,25,1930.59,77.22359999999999,13,382.61,15.304400000000001,2,3.409090909090909,22,0.2857142857142857,21,14092,ribeirao preto,SP
4e6015589b781adaa5ce7f1892d06bb1,3,3,684.0,228.0,1,56.5,18.833333333333332,1,3.6666666666666665,3,0.0,3,11440,guaruja,SP
4e7c18b98d84e05cbae3ff0ff03846c2,82,89,9177.9,103.12247191011235,31,2875.98,32.31438202247191,4,4.1875,80,0.05,80,14882,jaboticabal,SP
4e85b538b0dad58852641540686d0e14,4,4,361.97999999999996,90.49499999999999,4,74.36,18.59,2,4.0,3,0.6666666666666666,3,12238,sao jose dos campos,SP
4e8dacf3d38f281ae26c3e0321d92d88,10,15,2644.95,176.32999999999998,5,216.16,14.410666666666666,1,2.8,10,0.125,8,08420,sao paulo,SP
4e922959ae960d389249c378d1c939f5,420,454,46030.37,101.38848017621146,136,7274.38,16.022863436123348,23,3.9613526570048307,414,0.1070559610705596,411,12327,jacarei,SP
4e92348462c75b6c842b994ce84a0ed4,1,1,69.9,69.9,1,15.59,15.59,1,5.0,1,0.0,1,94930,cachoeirinha,RS
4ea2f12dbe91deeacd2c1e74f069a6e6,4,6,210.2,35.03333333333333,4,70.07,11.678333333333333,1,4.75,4,0.0,4,02334,sao paulo,SP
4eb61f060e7dcc1d5a80d806c35cc541,8,8,1313.0,164.125,3,153.12,19.14,2,3.857142857142857,7,0.0,7,05743,sao paulo,SP
4ebdc7e6cd6102a022dadc49156d4ea8,29,32,928.6999999999999,29.021874999999998,23,369.2,11.5375,4,3.892857142857143,28,0.03571428571428571,28,05030,sao paulo,SP
4eeb99008a0f59d2c7759c59f9a346eb,2,2,1282.0,641.0,2,38.95,19.475,1,4.5,2,0.0,2,06807,embu das artes,SP
4ef4c39cf3c24f326434cf0b2e48046a,8,9,891.0,99.0,2,126.17,14.018888888888888,1,3.7142857142857144,7,0.16666666666666666,6,05004,sao paulo,SP
4f0d637c1197fd65405ebd755ac9f86b,2,2,199.8,99.9,2,32.67,16.335,1,5.0,2,0.0,2,06768,taboao da serra,SP
4f1f1c8666cdb6442f775c4e8caed465,2,2,944.98,472.49,2,125.41,62.705,1,5.0,2,0.0,2,30240,belo horizonte,MG
4f40d2ed38d1cc945364a7cd202a82c7,1,1,319.9,319.9,1,16.99,16.99,1,1.0,1,,0,02337,sao paulo,SP
4fae87d32467e18eb46e4a76a0a0b9ce,1,1,100.9,100.9,1,19.9,19.9,1,5.0,1,0.0,1,99670,ronda alta,RS
4fb41dff7c50136976d1a5cf004a42e2,3,3,1230.0,410.0,3,66.77,22.256666666666664,1,4.0,3,0.3333333333333333,3,44002,feira de santana,BA
4fe2f67634d00c021aa01f96b6f2d68e,2,2,86.8,43.4,2,32.04,16.02,2,5.0,2,0.0,2,87035,maringa,PR
5011f0d93373a4c5753adf58ca77af8d,12,22,1009.4200000000001,45.88272727272727,4,381.43,17.337727272727275,2,3.8333333333333335,12,0.09090909090909091,11,11013,santos,SP
503c1de08ae81a2d86f17951b204db55,22,22,4906.99,223.045,2,414.90999999999997,18.859545454545454,1,4.409090909090909,22,0.09090909090909091,22,03725,sao paulo,SP
5058e8c1e82653974541e83690655b4a,63,78,10022.82,128.4976923076923,31,3055.11,39.168076923076924,4,3.3389830508474576,59,0.13559322033898305,59,08583,itaquaquecetuba,SP
5075aaa8404020ae6aa8bf4792099b41,13,23,1822.8,79.25217391304348,6,447.72,19.46608695652174,2,3.5833333333333335,12,0.0,10,37706,pocos de caldas,MG
50770d25768b0486d89be26afca3108f,6,6,171.76999999999998,28.62833333333333,5,76.08999999999999,12.681666666666665,1,4.0,6,0.16666666666666666,6,09271,santo andre,SP
508808d438fe2ff972ed13bb8f4a82e2,10,11,294.83,26.80272727272727,10,122.64,11.149090909090908,7,4.222222222222222,9,0.0,8,03963,sao paulo,SP
50a7e551a7b3f8d37cd6e32d8bfbe5ea,1,1,140.0,140.0,1,27.96,27.96,1,5.0,1,0.0,1,09520,sao caetano do sul,SP
50bf89f1349bc0409a268c3a49678009,1,1,179.9,179.9,1,102.57,102.57,1,5.0,1,0.0,1,15155,jaci,SP
50c361bcf670d16f6df4d52de3dff924,1,1,35.0,35.0,1,16.6,16.6,1,1.0,1,,0,04131,sao paulo,SP
50c9975695009e5e6473912e83a6d1da,50,68,3964.4,58.300000000000004,36,2919.55,42.934558823529414,1,3.9583333333333335,48,0.14285714285714285,49,35530,claudio,MG
51209b446b2073894bdc0face6c73ffc,2,4,359.6,89.9,1,79.28,19.82,1,4.0,1,0.0,2,29104,vila velha,ES
512d298ac2a96d1931b6bd30aa21f61d,11,12,7401.94,616.8283333333333,8,321.93,26.8275,3,4.6,10,0.0,10,20060,rio de janeiro,RJ
513a54369b6a8a6602fcb0e129c6d78d,2,2,47.8,23.9,1,14.86,7.43,1,4.5,2,0.0,2,09862,sao bernardo do campo,SP
5145090ab595c0d0b8557199f5701fbf,4,4,1459.6,364.9,4,197.85,49.4625,1,4.25,4,0.0,4,82900,curitiba,PR
5151aea44289d6c6b090ee31c2132508,7,7,1315.3,187.9,1,167.17,23.881428571428568,1,1.8333333333333333,6,0.0,7,17515,marilia,SP
515d781150feed28a6ac091bb0e3cb8c,6,6,1002.35,167.05833333333334,3,152.37,25.395,2,4.166666666666667,6,0.0,6,79090,campo grande,MS
5160d23075764e18e07c1f4a87fad743,34,39,2429.0,62.282051282051285,29,486.42,12.472307692307693,1,4.580645161290323,31,0.03333333333333333,30,09720,sao bernardo do campo,SP
516e7738bd8f735ac19a010ee5450d8d,76,84,6643.09,79.08440476190476,53,1466.23,17.455119047619046,2,4.621621621621622,74,0.05555555555555555,72,22230,rio de janeiro,RJ
51702dc2a3e106c76dbff722b5bf0726,13,14,2705.1,193.22142857142856,8,581.94,41.56714285714286,2,4.3076923076923075,13,0.0,13,13835,conchal,SP
5194c22ed1f616ec0c0f33c571542879,4,4,245.6,61.4,3,80.85,20.2125,3,4.25,4,0.0,4,37540,santa rita do sapucai,MG
519a7aa428f18d125a283cf8c014fdd6,3,3,79.69999999999999,26.566666666666663,1,73.1,24.366666666666664,1,4.0,3,0.0,3,89180,rio do oeste,SC
51a04a8a6bdcb23deccc82b0b80742cf,1,1,167.99,167.99,1,31.93,31.93,1,1.0,1,1.0,1,12914,braganca paulista,SP
51e0557bc7b86de13e946c60ee91ce39,1,1,45.8,45.8,1,17.6,17.6,1,5.0,1,0.0,1,31510,belo horizonte,MG
51e4e89242cbb846c2deff3dc015650e,16,16,822.58,51.41125,10,353.17,22.073125,2,4.625,16,0.0,16,96203,rio grande,RS
51ed72984a04e5dd35c2b27e77179038,7,7,1294.3,184.9,4,198.93,28.41857142857143,2,3.5714285714285716,7,0.14285714285714285,7,15050,sao jose do rio preto,SP
51f108f62cb87d61918159902c8f8583,3,3,303.73,101.24333333333334,2,75.03,25.01,1,4.333333333333333,3,0.0,3,85801,cascavel,PR
5206cc4bc2297c833e6061c49bf9c43f,1,1,35.0,35.0,1,10.96,10.96,1,1.0,1,,0,06192,osasco,SP
52092ddbd3a58c450a4459bf051b2287,6,6,351.7,58.61666666666667,4,75.35,12.558333333333332,1,5.0,4,0.0,4,17300,dois corregos,SP
520b493b57809f446cb0a233bb3e25c7,63,73,3698.9,50.66986301369863,28,1063.97,14.574931506849316,3,4.346774193548387,62,0.03225806451612903,62,11075,santos,SP
522620dcb18a6b31cd7bdf73665113a9,174,180,57168.49,317.6027222222222,39,4661.32,25.89622222222222,11,3.8988095238095237,168,0.10588235294117647,170,85801,cascavel,PR
5236605f4d4b0b3e4df85b850393fca0,5,5,265.3,53.06,4,82.18,16.436,1,4.8,5,0.2,5,03311,sao paulo,SP
52454f90d4c30c016768db02f88c1a74,3,5,80.5,16.1,4,67.17,13.434000000000001,1,3.6666666666666665,3,0.0,3,13091,campinas,SP
52562a9f449c3dc3d53f5f5b9ed74903,14,14,3266.6,233.32857142857142,4,444.03999999999996,31.717142857142854,4,4.785714285714286,14,0.0,14,59152,parnamirim,RN
525e75a6fb1454a2325ab1734bcec221,10,11,657.0699999999999,59.73363636363636,3,120.0,10.909090909090908,1,3.6,10,0.0,9,06453,barueri,SP
5275ca25d0358ca73864e0ae41be1320,4,4,409.6,102.4,3,69.22,17.305,1,4.75,4,0.5,4,07024,guarulhos,SP
527801b552d0077ffd170872eb49683b,90,92,17942.8,195.0304347826087,26,2062.56,22.41913043478261,4,4.47191011235955,89,0.1,90,17400,garca,SP
52831e5990d0771cb4951d6f12928167,1,1,65.0,65.0,1,13.12,13.12,1,3.0,1,0.0,1,17600,tupa,SP
528bcf6680c36dddf07620bd35b33a6f,2,2,969.98,484.99,2,43.86,21.93,1,4.5,2,0.5,2,03178,sao paulo,SP
528ce32f560edd11add4169f6a5b65be,2,2,59.8,29.9,2,15.3,7.65,1,5.0,1,0.0,1,18130,sao roque,SP
52956b80ae65fda598f06f6b9943e7a9,3,3,792.0,264.0,1,66.85,22.28333333333333,1,4.0,3,0.3333333333333333,3,87050,maringa,PR
52a50b42accf164f9f019941e5759d9b,4,4,139.96,34.99,2,57.059999999999995,14.264999999999999,1,4.75,4,0.25,4,13820,monte alegre do sul,SP
52a52b9f656520e99716f5bc40f661c8,7,8,783.1,97.8875,6,148.12,18.515,1,4.0,7,0.0,7,13573,sao carlos,SP
52ac6f920b7280e4c6d30dd94de6259b,6,7,5657.3,808.1857142857143,5,726.59,103.79857142857144,1,3.6666666666666665,6,0.0,6,83321,pinhais,PR
52b53f7061969fe471d119b6195da864,1,1,90.0,90.0,1,8.37,8.37,1,5.0,1,0.0,1,88301,itajai,SP
52bb00821bcdd358a5a5a27e1f6be5a1,2,2,349.8,174.9,2,38.629999999999995,19.314999999999998,1,4.5,2,0.0,2,06268,osasco,SP
52d76513f0c4d97f3b99570e2c94ee31,19,28,8153.1,291.1821428571429,15,889.26,31.759285714285713,8,4.0588235294117645,17,0.05555555555555555,18,93348,novo hamburgo,RS
52f0fe436a347ddad7ed5f9aa4e27eaa,21,23,1484.3700000000001,64.53782608695653,16,476.53,20.718695652173913,6,3.736842105263158,19,0.17647058823529413,17,01129,sao paulo,SP
52f6f9f13ba19504c02781132a049e75,1,1,199.0,199.0,1,23.13,23.13,1,2.0,1,0.0,1,80540,curitiba,PR
52f976b17ea7f2f087f56dcc419328f6,6,6,7630.0,1271.6666666666667,5,862.65,143.775,1,3.6666666666666665,6,0.0,6,86820,california,PR
52f9db5cfb423382a2fa5c9e39303202,22,23,1269.77,55.20739130434782,7,358.77,15.598695652173912,4,4.136363636363637,22,0.0,21,19830,echapora,SP
5305693ffae2d3463377b1f6fe67b15a,1,1,93.56,93.56,1,12.99,12.99,0,5.0,1,0.0,1,16300,penapolis,SP
53088c75f948b48a7ece173ac17f0c12,3,3,261.70000000000005,87.23333333333335,2,54.53,18.176666666666666,2,5.0,3,0.0,3,95840,triunfo,RS
530ec6109d11eaaf87999465c6afee01,97,104,12983.810000000001,124.84432692307693,30,2656.4,25.542307692307695,6,4.237113402061856,97,0.010638297872340425,94,85807,cascavel,PR
53243585a1d6dc2643021fd1853d8905,358,410,222776.05,543.3562195121951,23,13080.63,31.903975609756095,2,4.132022471910112,356,0.04310344827586207,348,42738,lauro de freitas,BA
53336f97ddbe53e2a617d07b17447b95,1,1,599.5,599.5,1,75.33,75.33,1,5.0,1,0.0,1,03461,sao paulo,SP
533d46c1b06970e99f09523a61df4972,2,2,159.98,79.99,1,32.64,16.32,1,4.5,2,0.0,2,18200,itapetininga,SP
5343d0649eca2a983820bfe93fc4d17e,71,111,10000.64,90.09585585585585,48,2392.59,21.554864864864864,1,4.114754098360656,61,0.11475409836065574,61,09270,santo andre,SP
534a01cc6df1e034e05c32028a291fa2,5,5,235.59,47.118,4,59.86,11.972,2,4.4,5,0.0,5,13214,jundiai,SP
535bf14f36346c7f59d87cece104d70c,1,1,50.0,50.0,1,7.77,7.77,1,4.0,1,1.0,1,20735,rio de janeiro,RJ
537eb890efff034a88679788b647c564,160,173,4679.7,27.05028901734104,46,2499.2,14.446242774566473,10,4.296666666666667,150,0.05405405405405406,148,20270,rio de janeiro,RJ
538caafddff204241cecbf3a02e6b3cf,9,9,148.3,16.477777777777778,6,98.19,10.91,1,2.5555555555555554,9,0.5,8,04516,sao paulo,SP
539ed9e19811677513447759be5eccfc,2,2,32.83,16.415,2,31.09,15.545,1,5.0,1,0.0,1,31520,belo horizonte,MG
53b0300ca793f9834cd69c0678d35ee8,5,10,1662.15,166.215,5,137.31,13.731,1,5.0,5,0.0,5,13339,indaiatuba,SP
53d00c40e32aeb924a84ce72b1af869d,17,17,2165.85,127.40294117647058,9,296.22,17.424705882352942,1,4.375,16,0.25,16,14940,ibitinga,SP
53e4c6e0f4312d4d2107a8c9cddf45cd,473,522,30148.95,57.7566091954023,162,9887.24,18.941072796934865,6,4.097130242825607,453,0.05630630630630631,444,13920,pedreira,SP
54065e9aef7e9e9c2dc23b7594db021a,14,14,8003.0,571.6428571428571,12,280.43,20.030714285714286,5,3.857142857142857,14,0.0,12,20040,rio de janeiro,RJ
5415337f1863452476d42d9f14a16a61,1,1,44.9,44.9,1,23.45,23.45,1,,0,,0,30840,belo horizonte,MG
54219883e72aad869adfb2a54b7bfa0f,5,5,6750.0,1350.0,3,829.55,165.91,2,3.2,5,0.0,5,18060,sorocaba,SP
542917da124346b47ea1ac79a93ce454,20,20,1303.9,65.19500000000001,13,363.18,18.159,2,4.105263157894737,19,0.05263157894736842,19,82560,curitiba,PR
5444b12c82f21c923f2639ebc722c1ea,1,1,169.9,169.9,1,9.56,9.56,1,4.0,1,,0,02051,sao pauo,SP
544863df86ed3b78a04e0820d41430ee,1,1,23.9,23.9,1,15.27,15.27,1,5.0,1,0.0,1,29166,serra,ES
54583ab379489add547fe47b628db589,10,10,2240.0,224.0,6,151.07999999999998,15.107999999999999,2,4.8,10,0.0,10,09810,sao bernardo do campo,SP
54965bbe3e4f07ae045b90b0b8541f52,78,86,10961.300000000001,127.45697674418606,53,2203.54,25.622558139534885,1,3.0273972602739727,73,0.3055555555555556,72,85851,foz do iguacu,PR
54a1852d1b8f10312c55e906355666ee,200,204,17226.44,84.44333333333333,47,3387.96,16.60764705882353,7,4.343434343434343,198,0.09644670050761421,197,13456,santa barbara d'oeste,SP
54aa8463e87776b5612f4bdc4bd5d4de,7,7,649.3,92.75714285714285,4,123.53,17.647142857142857,3,3.857142857142857,7,0.0,7,30550,belo horizonte,MG
54c04bdb5ec46762f8f08c7e8f86ed4a,18,19,3281.66,172.71894736842106,12,476.12,25.05894736842105,1,4.294117647058823,17,0.11764705882352941,17,88037,florianopolis,SC
55029529919c0123526150bd26ca8f20,7,7,453.95,64.85,6,134.88,19.268571428571427,3,4.714285714285714,7,0.0,7,32280,contagem,MG
553a440137d6e0cf776aee0bb83ac9f5,2,2,144.8,72.4,2,30.34,15.17,2,1.0,2,0.5,2,13481,limeira,SP
5563732abe64c3036cb97ad924128dd1,2,3,404.0,134.66666666666666,3,37.6,12.533333333333333,1,4.5,2,0.0,2,07192,guarulhos,SP
5566627eab3fe93fd6ee08798226101a,5,5,85.5,17.1,4,102.31,20.462,1,4.4,5,0.0,5,83005,sao jose dos pinhais,PR
556a6409838156ea299c9d1f9e2dde43,4,4,1362.8,340.7,4,86.84,21.71,1,3.25,4,0.0,4,81200,curitiba,PR
557f22c76691849db52d2abccf0015d0,13,14,865.8599999999999,61.84714285714285,4,326.7,23.335714285714285,2,3.0833333333333335,12,0.0,12,75650,morrinhos,GO
5587130f9850696ed7fafbc91c2cee44,2,2,69.8,34.9,2,33.69,16.845,1,5.0,2,0.0,2,04311,sao paulo,SP
559d56f3b8f0bc2e5a9a62fe2ce2a39f,2,2,385.0,192.5,2,48.72,24.36,1,2.5,2,0.5,2,89220,joinville,SC
55a5b51f93f2b70ea513f5a047b0262a,39,41,4002.3,97.61707317073171,5,847.08,20.66048780487805,1,4.526315789473684,38,0.07894736842105263,38,36301,sao joao del rei,MG
55bb6fe5bebe5012e2d7d9928e1128ff,15,16,1816.55,113.534375,11,576.47,36.029375,5,3.466666666666667,15,0.13333333333333333,15,17052,bauru,SP
55c26bcb609f480eb7868594245febb5,6,6,664.4000000000001,110.73333333333335,4,161.82999999999998,26.971666666666664,2,3.8,5,0.0,5,14910,tabatinga,SP
55c96925041a14097b6a7825554f4ad5,6,10,294.8,29.48,6,188.57,18.857,1,3.8,5,0.5,4,02122,sao paulo,SP
55d3daac7c404d59e51c2aa2f4dc5a23,21,28,4480.6,160.02142857142857,7,1309.88,46.78142857142858,3,4.095238095238095,21,0.0,21,02150,sao paulo,SP
55dedd83e501d8248880557d9073cbfd,8,9,1055.3,117.25555555555555,8,110.78999999999999,12.309999999999999,1,4.857142857142857,7,0.0,7,22061,rio de janeiro,RJ
55f7a3319d80f7fdf078b8f03e6725fe,22,22,3013.78,136.99,4,406.67,18.485,2,3.772727272727273,22,0.09090909090909091,22,06056,osasco,SP
562f8cfc51f265411f487d07e9c40e7f,13,13,766.9200000000001,58.99384615384616,4,199.32999999999998,15.333076923076922,2,4.538461538461538,13,0.15384615384615385,13,30575,belo horizonte,MG
562fc2f2c2863ab7e79a9e4388a58a14,260,270,8814.199999999999,32.645185185185184,36,4305.14,15.944962962962965,1,4.250996015936255,251,0.036290322580645164,248,13070,campinas,SP
5656537e588803a555b8eb41f07a944b,174,188,8065.93,42.90388297872341,72,3377.0299999999997,17.96292553191489,11,3.88953488372093,172,0.07100591715976332,169,72015,brasilia,DF
5659d77e8d90378e39b960ad5956f64e,2,2,182.48000000000002,91.24000000000001,2,30.65,15.325,2,2.5,2,0.5,2,12062,taubate,SP
56642bcb79900e777d68e91915cb4267,48,56,3657.64,65.315,8,814.15,14.538392857142856,3,4.0625,48,0.08333333333333333,48,03701,sao paulo,SP
5670f4db5b62c43d542e1b2d56b0cf7c,22,22,6630.09,301.3677272727273,14,582.5600000000001,26.480000000000004,1,4.380952380952381,21,0.047619047619047616,21,03694,sao paulo,SP
56a8b450e802502ba53a9885ee38e29f,1,1,62.45,62.45,1,15.2,15.2,1,1.0,1,,0,09895,sao bernardo do campo,SP
56db5c0782e8f7ddc9343f9576ff6d16,2,2,734.8,367.4,2,57.15,28.575,1,3.0,2,0.0,2,88132,palhoca,SC
56e361f411e38dcef17cdc2a3d99628b,5,10,1298.0,129.8,4,1857.7600000000002,185.776,2,4.0,5,0.2,5,07113,guarulhos,SP
56f413900b5166ab4d730e9ac0b12cb0,3,3,151.79,50.596666666666664,2,42.45,14.15,2,4.666666666666667,3,0.0,3,18076,sorocaba,SP
570d4583587a5fe2d47c7be89b91ad27,2,2,125.25,62.625,2,23.67,11.835,1,5.0,2,0.0,2,02220,sao paulo,SP
5721089ba9214e80074f27d5a03fc0eb,5,7,245.92999999999998,35.13285714285714,4,66.64,9.52,2,5.0,5,0.0,5,01408,sao paulo,SP
5733d806668f8712c24b9abaefbfa642,2,2,243.8,121.9,2,85.88,42.94,2,5.0,2,0.0,2,89803,chapeco,SP
5741dc2bf5044c34d0698681c5081bed,3,3,89.69999999999999,29.899999999999995,2,34.05,11.35,1,5.0,3,0.0,3,12226,sao jose dos campos,SP
575df70bde3f9f2b30bf8d2e9910d725,27,34,5410.05,159.11911764705883,17,753.37,22.157941176470587,4,4.24,25,0.08,25,15075,sao jose do rio preto,SP
577719699805dd125d5b6fdde5943bba,8,8,1077.8000000000002,134.72500000000002,8,209.56,26.195,3,4.375,8,0.125,8,95150,nova petropolis,RS
578460d8319c51dab351cd9db95eadfe,1,1,235.0,235.0,1,35.45,35.45,0,3.0,1,,0,74550,goiania,GO
578fa3a9cb6b6dceab39231ad59cdaca,3,3,150.0,50.0,2,37.2,12.4,1,3.6666666666666665,3,0.3333333333333333,3,60025,fortaleza,CE
5795aebfe331fbcd02a2c4b679fb7952,6,6,1280.0,213.33333333333334,3,156.09,26.015,2,4.4,5,0.0,5,88132,palhoca,SC
579891617139df7d8671d373f0669622,8,8,280.3,35.0375,7,128.2,16.025,2,4.5,8,0.25,8,20061,rio de janeiro,RJ
57a834594e1e9e9219603bfec184eadc,1,1,139.0,139.0,1,27.05,27.05,1,5.0,1,0.0,1,98780,santa rosa,RS
57c764b4a836300be881e2ff86e449f9,29,30,1211.0,40.36666666666667,12,470.11,15.670333333333334,4,4.2592592592592595,27,0.14814814814814814,27,14021,ribeirao preto,SP
57d2ba47f7a3209aa347532ae75c1165,2,2,318.0,159.0,2,140.24,70.12,1,4.0,2,0.0,2,89287,sao bento do sul,SC
57df9869a600bd6b7c405f2a862eccfb,5,5,125.0,25.0,1,72.21000000000001,14.442000000000002,1,4.4,5,0.0,5,37540,santa rita do sapucai,MG
57e632711dec9ec14ca7546769483e7e,62,65,6350.06,97.69323076923078,20,1207.98,18.584307692307693,2,4.433333333333334,60,0.0,60,88372,navegantes,SC
57fe6232e67823593374a2281d7a8af8,8,8,178.68,22.335,7,105.36,13.17,1,4.75,8,0.0,8,13360,capivari,SP
582d4f8675b945722eda7c0cb61ba4c7,59,71,4702.96,66.23887323943661,25,980.97,13.816478873239436,5,4.245283018867925,53,0.018867924528301886,53,11250,bertioga,SP
585175ec331ea177fa47199e39a6170a,1,1,3549.0,3549.0,1,53.47,53.47,1,5.0,1,0.0,1,39400,montes claros,MG
586a871d4f1221763fddb6ceefdeb95e,1,2,198.0,99.0,1,41.48,20.74,1,1.0,1,1.0,1,90630,porto alegre,RS
5882820ef11c4c068eea0677a7a879b4,14,14,9925.5,708.9642857142857,6,739.31,52.80785714285714,2,4.153846153846154,13,0.07142857142857142,14,95082,caxias do sul,RS
5882f40daf39bc2a465e0cb453ddc222,1,1,640.0,640.0,1,58.9,58.9,1,2.0,1,,0,05616,sao paulo,SP
58b98ccb79873e04eac4357cacc590d9,1,1,23.0,23.0,1,8.91,8.91,1,1.0,1,,0,13043,campinas,SP
58c851d1a3c7cd3da329eb59453fed44,2,2,268.99,134.495,1,24.270000000000003,12.135000000000002,1,5.0,2,0.0,2,13504,rio claro,SP
58e4b302b54937e55a678c4d15111da4,3,3,279.79,93.26333333333334,3,49.06,16.353333333333335,1,2.3333333333333335,3,0.0,1,83402,colombo,PR
58f1a6197ed863543e0136bdedb3fce2,44,45,6833.0,151.84444444444443,11,1070.69,23.793111111111113,3,4.255813953488372,43,0.024390243902439025,41,36407,conselheiro lafaiete,MG
59417c56835dd8e2e72f91f809cd4092,18,18,36459.0,2025.5,9,1198.77,66.59833333333333,1,4.277777777777778,18,0.0,18,13480,limeira,SP
594f9aaa48e5bf431f011ddc5669b0d5,37,38,3248.8,85.49473684210527,24,887.61,23.35815789473684,5,4.594594594594595,37,0.02702702702702703,37,32185,contagem,MG
5962468f885ea01a1b6a97a218797b0a,8,9,791.0,87.88888888888889,4,137.04,15.226666666666667,1,4.142857142857143,7,0.0,6,82040,curitiba,PR
596849622429351f47b32e6cae1055ff,14,14,1104.7,78.90714285714286,12,160.49,11.463571428571429,4,4.454545454545454,11,0.0,11,08710,mogi das cruses,SP
5996cddab893a4652a15592fb58ab8db,1,1,810.0,810.0,1,70.75,70.75,1,5.0,1,0.0,1,19010,presidente prudente,SP
59b22a78efb79a4797979612b885db36,125,133,27184.5,204.39473684210526,67,4897.57,36.82383458646616,4,4.0,122,0.13008130081300814,123,38414,uberlandia,MG
59bbc819b99a733f02f0d6b49d1c253d,2,2,139.8,69.9,1,22.950000000000003,11.475000000000001,1,5.0,2,0.0,2,13043,campinas,SP
59cd88080b93f3c18508673122d26169,10,12,392.33,32.69416666666667,10,175.38,14.615,1,4.7,10,0.2,10,11707,praia grande,SP
59cea8e446d3834393058e7e0666b6fb,10,10,696.6,69.66,5,204.54,20.454,4,4.6,10,0.0,10,87050,maringa,PR
59de1d4c8c057c2a53acd4ca66531af2,1,1,135.0,135.0,1,21.75,21.75,1,5.0,1,0.0,1,80215,curitiba,PR
59fb871bf6f4522a87ba567b42dafecf,126,128,21708.57,169.598203125,23,2046.19,15.985859375,6,4.232,125,0.06504065040650407,123,03655,sao paulo,SP
5a05a16bb50629ee31afab8a6d4c2674,14,15,794.3,52.95333333333333,5,281.18,18.745333333333335,1,4.214285714285714,14,0.07142857142857142,14,95076,caxias do sul,RS
5a32c398a06c345440bf2a683b017ad3,2,2,79.8,39.9,2,23.17,11.585,1,3.0,2,0.0,1,21070,rio de janeiro,RJ
5a413ade68e8f8d93071a7f52a64cb9e,14,14,778.9,55.635714285714286,4,153.77,10.983571428571429,1,4.642857142857143,14,0.14285714285714285,14,03679,sao paulo,SP
5a4236931428800e9d9cc04af0987118,1,3,44.97,14.99,1,45.69,15.229999999999999,1,5.0,1,0.0,1,02916,sao paulo,SP
5a425cc503b39b262a847fd6212bf53b,15,15,1360.5900000000001,90.706,9,269.51,17.967333333333332,1,4.214285714285714,14,0.07142857142857142,14,86010,londrina,PR
5a6a02f419701fc8c605af71d4fc57a4,10,11,600.5,54.59090909090909,9,113.91,10.355454545454545,2,4.8,10,0.1,10,13465,americana,SP
5a8e7d5003a1f221f9e1d6e411de7c23,139,181,11171.9,61.7232044198895,69,2694.29,14.885580110497237,3,4.173228346456693,127,0.06349206349206349,126,13076,campinas,SP
5a93f3ab0ef4c84ed5e1b5dbf23978bc,39,44,2338.25,53.14204545454545,8,697.14,15.844090909090909,2,4.6923076923076925,39,0.02631578947368421,38,12250,monteiro lobato,SP
5a9b3bcab695173c820e53934574ae80,1,1,139.0,139.0,1,64.77,64.77,1,5.0,1,0.0,1,13320,salto,SP
5a9c0859cb00fd8aa4db443837f0a700,2,2,208.0,104.0,2,47.59,23.795,1,4.5,2,0.0,2,89650,treze tilias,SC
5aaa890629f83706d8d9bfecd8377c1c,1,1,48.9,48.9,1,17.92,17.92,1,1.0,1,,0,25720,petropolis,RJ
5ab05b6d86d417796c69ffd6774ec832,10,12,1886.1000000000001,157.175,2,256.75,21.395833333333332,1,3.8,10,0.1,10,19815,assis,SP
5abb8ea023c77787f2c15da891c8d384,13,13,2241.0,172.3846153846154,5,746.2,57.400000000000006,4,3.923076923076923,13,0.23076923076923078,13,89228,joinville,SC
5acd070dd3fe441bbb2ec1f1ede515ee,7,8,764.17,95.52125,5,122.2,15.275,1,3.0,7,0.42857142857142855,7,13203,jundiai,SP
5b07547f10dd980738a1a27f685af669,13,14,1134.6000000000001,81.04285714285716,3,185.47,13.247857142857143,2,4.461538461538462,13,0.15384615384615385,13,07013,guarulhos,SP
5b0cc932433fa5184b5b94bfe6bcc256,12,17,1437.8,84.5764705882353,4,556.29,32.722941176470584,2,3.5833333333333335,12,0.25,12,14940,ibitinga,SP
5b179e9e8cc7ab6fd113a46ca584da81,34,36,5173.5,143.70833333333334,9,665.64,18.49,4,3.6666666666666665,33,0.08823529411764706,34,05424,sao paulo,SP
5b2e94f2c22b39ccc24d34ad0f669672,10,10,949.78,94.978,5,390.36,39.036,1,4.888888888888889,9,0.1111111111111111,9,01214,sao paulo,SP
5b33b527da3c5b969cc99dc435cad09a,16,17,1872.79,110.16411764705882,7,365.55,21.50294117647059,5,4.125,16,0.0625,16,87702,paranavai,PR
5b35136197710e16ac5e7b7c2bd4ea85,7,9,3104.2000000000003,344.91111111111115,5,246.08999999999997,27.34333333333333,1,2.5714285714285716,7,0.2857142857142857,7,22640,rio de janeiro,RJ
5b51032eddd242adc84c38acab88f23d,12,14,3280.0,234.28571428571428,9,268.95,19.210714285714285,2,4.2727272727272725,11,0.0,11,37564,borda da mata,MG
5b581417df4480f632484ba681e53944,12,13,1790.6,137.73846153846154,9,585.7,45.05384615384616,2,3.5,12,0.2727272727272727,11,88050,florianopolis,SC
5b664594895aefb418afaee6d40a9a23,16,22,1008.8,45.85454545454545,3,226.38,10.29,3,4.133333333333334,15,0.0,15,25750,petropolis,RJ
5b67882648febfb6e1225e6ad7164f6b,27,30,6813.4800000000005,227.116,24,618.94,20.631333333333334,2,4.08,25,0.04,25,87502,umuarama,PR
5b8154610ebb21fb90eb587365e673df,38,41,9397.54,229.20829268292684,17,1077.44,26.279024390243904,5,4.184210526315789,38,0.10810810810810811,37,12246,sao jose dos campos,SP
5b85809efd0d0e4dea1a9544e1280ed9,12,14,1804.6000000000001,128.9,8,292.76,20.91142857142857,2,4.25,12,0.0,12,19020,presidente prudente,SP
5b925e1d006e9476d738aa200751b73b,63,63,7748.5,122.9920634920635,8,1053.34,16.719682539682537,1,4.603174603174603,63,0.06349206349206349,63,04567,sao paulo,SP
5b92bfa4120daa27c574daa2e386c693,1,1,14.0,14.0,1,10.96,10.96,1,3.0,1,0.0,1,18070,sorocaba,SP
5b97c06a046398e7005b2b7c0d707a92,4,4,1519.96,379.99,1,249.63,62.4075,1,3.25,4,0.6666666666666666,3,38770,joao pinheiro,MG
5bba18b40e8c973b0f32e748004775b0,1,1,739.98,739.98,1,44.82,44.82,1,5.0,1,0.0,1,15840,itajobi,SP
5bc237df65098fe211bb4818f4d26d78,2,2,126.80000000000001,63.400000000000006,2,57.09,28.545,1,4.5,2,0.0,2,38410,uberlandia,MG
5bc24d989e71e93c33e50a7782431b0e,17,17,3148.0,185.1764705882353,9,588.53,34.61941176470588,1,4.352941176470588,17,0.0,17,37165,campo do meio,MG
5bc55dbe2f12b6af6d83ed46023e0dc8,17,21,2992.1,142.48095238095237,9,417.28,19.87047619047619,2,2.5,14,0.2857142857142857,14,35170,coronel fabriciano,MG
5bf397d04035b5f45cc41e82ec106803,3,4,1525.0,381.25,2,47.28,11.82,2,4.333333333333333,3,0.0,3,04144,sao paulo,SP
5bffbafbb22daf6d3bfc216a46db8708,21,23,5239.7,227.81304347826085,8,454.5,19.76086956521739,3,4.761904761904762,21,0.0,21,26525,nilopolis,RJ
5c030029b5916fed0986310385ec9009,7,10,4164.4,416.43999999999994,6,915.5,91.55,1,4.857142857142857,7,0.0,7,88075,sao jose,SC
5c243662ce92d84573bfaff24c3e3700,98,100,32862.02,328.62019999999995,24,1775.64,17.7564,2,4.144329896907217,97,0.030612244897959183,98,03702,sao paulo,SP
5c3460cd3e8a984382ae254e7dd20d9f,9,10,775.76,77.576,5,198.54,19.854,1,4.666666666666667,9,0.0,9,15085,sao jose do rio preto,SP
5c603ffb38cbbf25a0e0698941324143,2,2,348.8,174.4,2,44.81,22.405,1,1.0,2,,0,37004,varginha,MG
5c6d4016c2a288f074fa0848a2b653d2,32,35,3159.0,90.25714285714285,16,514.17,14.690571428571428,4,4.032258064516129,31,0.1,30,01209,sao paulo,SP
5c853bb56f70f4d14218944bae111d7a,23,24,263.13,10.96375,12,251.06,10.460833333333333,1,4.25,20,0.0,20,06715,cotia,SP
5ca5d579b5857ee8709479b1047cecc3,2,2,339.89,169.945,2,23.990000000000002,11.995000000000001,1,1.0,2,1.0,1,04176,sao paulo,SP
5cbbd5a299cab112b7bf23862255e43e,36,38,2726.06,71.73842105263158,22,659.15,17.346052631578946,5,4.424242424242424,33,0.0,33,83324,pinhais,PR
5cf13accae3222c70a9cac40818ae839,149,156,14383.2,92.2,34,3019.27,19.35429487179487,2,4.535211267605634,142,0.035211267605633804,142,38700,patos de minas,MG
5cf1ec37aea089f45110c70653a166ab,3,3,50.0,16.666666666666668,1,43.1,14.366666666666667,0,3.6666666666666665,3,0.0,2,02215,sao paulo,SP
5d0363b33554b373851fc1622e4d5f3c,94,95,6610.79,69.58726315789474,54,2192.18,23.07557894736842,4,4.0989010989010985,91,0.07777777777777778,90,12952,atibaia,SP
5d043cd5512d4bd2f88e5ccdd5736c38,1,1,650.0,650.0,1,64.91,64.91,1,2.0,1,0.0,1,02710,sao paulo,SP
5d378b73ab7dd6f0418d743e5dcb0bd1,7,7,13243.0,1891.857142857143,3,393.28,56.18285714285714,0,3.857142857142857,7,0.16666666666666666,6,01026,sao paulo,SP
5d3bb11474a06bdc23fb9e89f1164ee0,31,32,3654.6,114.20625,10,524.22,16.381875,6,3.903225806451613,31,0.03225806451612903,31,19804,assis,SP
5d505d2298ad549e4e4e835562fa0c1e,2,2,249.8,124.9,1,28.339999999999996,14.169999999999998,1,5.0,2,0.0,2,16200,birigui,SP
5d76d80a2f5f39c891b996a1bf4c9853,6,6,1238.5,206.41666666666666,5,171.25,28.541666666666668,3,4.8,5,0.0,5,05727,sao paulo,SP
5d9dc90a686a8fddacffab6bab5653a3,12,12,3761.94,313.495,5,369.33,30.7775,1,4.166666666666667,12,0.08333333333333333,12,06513,santana de parnaiba,SP
5d9f3746e112e696f98ea22c56b3e912,1,1,1322.64,1322.64,1,47.77,47.77,1,5.0,1,0.0,1,03171,sao paulo,SP
5db42a6cd9bf1bf0d3aab9582767f168,1,1,200.0,200.0,1,19.33,19.33,1,5.0,1,0.0,1,29010,vitoria,ES
5dc203c7b84a0e71e878a179de05fb9a,5,5,421.9,84.38,3,128.15,25.630000000000003,3,4.0,5,0.0,5,17580,pompeia,SP
5dc4bdaf869e8c77c648078cbe8d59c2,1,1,292.99,292.99,1,34.5,34.5,1,1.0,1,,0,88035,florianopolis,SC
5dceca129747e92ff8ef7a997dc4f8ca,325,346,112155.53,324.14893063583816,48,13661.39,39.483786127167626,7,4.0,316,0.06309148264984227,317,13450,santa barbara d´oeste,SP
5de1c80811ce7007f62f00d971236c09,2,2,76.8,38.4,2,30.950000000000003,15.475000000000001,1,5.0,2,0.0,2,88063,florianopolis,SC
5debea795b07621e1f90532e18f96145,25,33,1883.78,57.084242424242426,22,504.35,15.283333333333333,2,4.36,25,0.0,25,86800,apucarana,PR
5def4c3732941a971cba8fdee992ede1,5,6,134.8,22.46666666666667,5,66.24,11.04,4,4.6,5,0.0,5,02113,sao paulo,SP
5e063e85d44b0f5c3e6ec3131103a57e,1,1,22.9,22.9,1,7.42,7.42,1,5.0,1,0.0,1,05302,sao paulo,SP
5e105f5c9f63f5f1fd75d6cb942e55b1,8,8,1471.9,183.9875,6,273.83,34.22875,1,4.5,8,0.125,8,15076,sao jose do rio preto,SP
5e106d93b717c2682b9383da480364a1,1,1,445.9,445.9,1,21.71,21.71,1,5.0,1,0.0,1,85875,santa terezinha de itaipu,PR
5e25c632f9db6cfb8bc100421c2737b6,1,1,259.0,259.0,1,19.91,19.91,1,5.0,1,0.0,1,89801,chapeco,SC
5e49e3a44bdeb5aab2684258bbd4f525,3,3,507.0,169.0,2,52.769999999999996,17.59,1,4.666666666666667,3,0.3333333333333333,3,88330,balenario camboriu,SC
5e9f5bd34e0830569f05c9d4f56e04a8,2,2,239.98,119.99,1,34.88,17.44,1,4.5,2,0.0,2,90560,porto alegre,RS
5ee7fd217d08dfe5d3e2f51f96a12c9a,9,9,1165.5,129.5,8,269.68,29.964444444444446,2,3.4444444444444446,9,0.2222222222222222,9,13880,vargem grande do sul,SP
5eeb9c756d9780b96283e5a2ac6da334,9,9,2471.0,274.55555555555554,7,247.74,27.526666666666667,1,4.222222222222222,9,0.2222222222222222,9,14010,ribeirao preto,SP
5ef131ac72773e5b3f6c0d63cf424657,10,11,575.79,52.344545454545454,8,246.2,22.38181818181818,1,4.444444444444445,9,0.0,9,14075,ribeirao preto,SP
5f0057b677eb963672bf05dfa3f16c34,5,5,312.88,62.576,5,67.01,13.402000000000001,3,4.2,5,0.0,4,01309,sao paulo,SP
5f06030071324cc52bf0304014ac7234,4,4,783.96,195.99,1,100.35000000000001,25.087500000000002,1,4.666666666666667,3,0.0,3,17514,marilia,SP
5f1dc28029d2c244352a68107ec2b542,62,78,2807.3,35.991025641025644,36,996.16,12.771282051282052,10,4.47457627118644,59,0.06666666666666667,60,05126,sao paulo,SP
5f2684dab12e59f83bef73ae57724e45,68,74,9000.87,121.6333783783784,29,1122.19,15.16472972972973,5,3.8088235294117645,68,0.05970149253731343,67,05125,sao paulo,SP
5f26c1408a65b42a7224cd463bdf3292,10,10,1139.8,113.97999999999999,9,217.29,21.729,2,4.8,10,0.0,10,86707,arapongas,PR
5f3ae9136c875522250f8184f253413a,43,46,1158.0,25.17391304347826,24,615.76,13.386086956521739,2,4.642857142857143,42,0.07142857142857142,42,01550,sao paulo,SP
5f57db27027655e6c6a391601daa0258,1,1,98.0,98.0,1,53.04,53.04,1,5.0,1,0.0,1,29138,viana,ES
5f5a58930c3c35f3b5af264f34fb8c85,3,3,560.0,186.66666666666666,2,68.59,22.863333333333333,2,5.0,3,0.0,3,14020,ribeirao preto,SP
5f5b43b2bffa8656e4bc6efeb13cc649,27,29,3677.2,126.8,18,555.45,19.153448275862072,4,4.423076923076923,26,0.038461538461538464,26,04880,sao paulo,SP
5f67c6082caacb26e431a7b17940cece,13,14,1662.6,118.75714285714285,3,208.43,14.887857142857143,1,3.5384615384615383,13,0.3076923076923077,13,87083,maringa,PR
5f7300535881cef3b625fd683cf7d145,10,11,665.98,60.54363636363637,7,170.85,15.531818181818181,1,4.777777777777778,9,0.0,9,92020,canoas,RS
5fd924b4836098a5be0ecf81ba054ce0,7,8,1148.8,143.6,8,135.54,16.9425,1,4.0,7,0.0,7,03554,sao paulo,SP
602044f2c16190c2c6e45eb35c2e21cb,50,57,3739.16,65.59929824561404,27,938.28,16.461052631578948,1,3.1956521739130435,46,0.2,45,14940,ibitinga,SP
6025c79c035c3d772133b8b8238463b2,2,4,989.74,247.435,3,108.59,27.1475,1,5.0,2,0.0,2,83327,pinhais/pr,PR
6039e27294dc75811c0d8a39069f52c0,64,75,13670.7,182.276,10,2376.4700000000003,31.68626666666667,3,3.6984126984126986,63,0.22580645161290322,62,06162,osasco,SP
60562ab00b8054280520d390c8c0045c,17,17,2943.0,173.11764705882354,5,304.09,17.88764705882353,1,4.764705882352941,17,0.0,17,04809,sao paulo,SP
6061155addc1e54b4cfb51c1c2a32ad8,28,33,15633.4,473.73939393939395,15,879.91,26.663939393939394,2,4.777777777777778,27,0.037037037037037035,27,13043,campinas,SP
606ce7768feac12c5e8bd58db8b08f0f,5,5,2916.6,583.3199999999999,5,102.26,20.452,1,4.75,4,0.0,4,13084,campinas,SP
609e1a9a6c2539919b8205cf7c4e6ff0,87,130,6595.23,50.73253846153846,69,2687.19,20.67069230769231,3,3.973684210526316,76,0.02564102564102564,78,88359,brusque,SC
60ad151920c4f6f3ebbe8cfdf6166779,2,2,130.0,65.0,1,20.67,10.335,1,1.0,2,,0,06322,carapicuiba,SP
60da8bfa7eebe230b7d66ac4082d79b3,3,3,86.6,28.866666666666664,2,38.67,12.89,1,4.333333333333333,3,0.3333333333333333,3,15940,fernando prestes,SP
610f72e407cdd7caaa2f8167b0163fd8,16,17,13585.16,799.1270588235294,16,844.29,49.66411764705882,1,3.8,15,0.13333333333333333,15,01201,sao paulo,SP
612170e34b97004b3ba37eae81836b4c,107,110,23065.02,209.68200000000002,48,2307.06,20.973272727272725,12,4.433962264150943,106,0.018867924528301886,106,93542,novo hamburgo,RS
612a743d294c27884fb7b80d2b19ba35,2,3,3057.7000000000003,1019.2333333333335,2,104.45,34.81666666666667,2,4.5,2,0.0,2,80620,curitiba,PR
615005a3ef192c00c6f0e977cee3d2bc,10,11,286.5,26.045454545454547,2,155.64,14.149090909090908,1,4.111111111111111,9,0.2222222222222222,9,13304,itu,SP
615c3462099ffa940d37b17dfda19594,2,2,229.0,114.5,2,32.05,16.025,1,5.0,2,0.0,2,24855,rio de janeiro,RJ
6179a28a13a726c29b3bf54c070dccab,2,2,600.0,300.0,1,86.24000000000001,43.120000000000005,1,3.0,2,0.0,1,37048,varginha,MG
6187a137b2af59dfdbad8d9f8c373c14,2,2,74.8,37.4,1,30.22,15.11,1,3.0,2,0.0,2,06268,osasco,SP
61b18775be84fb700a6b2d0ba097bf66,4,5,334.5,66.9,4,101.51,20.302,1,4.75,4,0.0,4,14808,araraquara,SP
61b893c57e33626afb104d4112b1be76,1,1,74.99,74.99,1,13.1,13.1,1,1.0,1,,0,37142,divisa nova,MG
61c36f0fc4a47f9532e5512b66668e62,1,1,750.0,750.0,1,17.69,17.69,1,1.0,1,0.0,1,07043,guarulhos,SP
61f159ef6da2d441951d2c0efa719362,3,3,154.97,51.656666666666666,3,61.01,20.336666666666666,3,1.0,2,,0,29160,serra,ES
620c87c171fb2a6dd6e8bb4dec959fc6,740,798,114774.5,143.82769423558898,129,14135.21,17.71329573934837,2,4.262362637362638,728,0.10013908205841446,719,25645,petropolis,RJ
6219ba2359cfb97f2e38fd4c321eb309,6,6,487.5,81.25,4,103.05,17.175,1,3.4,5,0.6,5,02110,sao paulo,SP
6235903333ba7de1928c869e268e5964,1,1,94.06,94.06,1,41.42,41.42,1,5.0,1,0.0,1,89650,treze tilias,SC
623ad9d0c1e14bb5464a8c72bff7b4af,1,1,95.0,95.0,1,38.96,38.96,0,4.0,1,0.0,1,35530,claudio,MG
624f4ece8da4aafb77699233d480f8ef,53,55,9205.0,167.36363636363637,9,1722.37,31.31581818181818,2,4.391304347826087,46,0.08695652173913043,46,05138,sao paulo,SP
626ab1cd96932367f0eeec2e47046c12,3,3,1310.0,436.6666666666667,3,80.47,26.823333333333334,2,4.666666666666667,3,0.0,3,05048,sao paulo,SP
62760d278921b5f352461620d68a9cee,3,3,397.0,132.33333333333334,2,53.1,17.7,1,3.6666666666666665,3,0.3333333333333333,3,13320,salto,SP
6288c69c4ce638e59925e59193f98b16,22,22,4506.28,204.83090909090907,7,306.2,13.918181818181818,4,3.9545454545454546,22,0.05,20,09010,santo andre,SP
62c50c1af4dfdc4149d25c5222043d39,14,19,2785.7200000000003,146.61684210526317,5,310.31,16.332105263157896,5,3.7142857142857144,14,0.0,12,04782,sao paulo,SP
62d977e2b2aee830de3e039a28490d12,2,2,399.8,199.9,1,32.32,16.16,0,1.0,2,,0,80410,curitiba,PR
62de60d81c55c29d76a6bce418b31cef,1,1,103.0,103.0,1,23.87,23.87,1,4.0,1,0.0,1,14940,ibitinga,SP
630008e0f062605a415d694489f6f82e,2,3,105.15,35.050000000000004,2,30.35,10.116666666666667,1,3.5,2,0.0,1,01026,sao paulo,SP
63191ead8d3b2f937cd1996fdcbbad20,1,1,367.0,367.0,1,53.29,53.29,1,5.0,1,0.0,1,13212,jundiai,SP
63272377184e969942f7fff221be858d,2,2,149.7,74.85,2,66.53,33.265,1,5.0,2,0.0,2,03340,sao paulo,SP
6338ea67c41078a46ad99cc009654956,37,44,2286.09,51.95659090909091,21,924.3,21.00681818181818,1,4.617647058823529,34,0.0,36,95170,farroupilha,RS
633ecdf879b94b5337cca303328e4a25,6,6,1037.6000000000001,172.93333333333337,2,87.89,14.648333333333333,1,1.8,5,0.6666666666666666,6,04438,sao paulo,SP
634964b17796e64304cadf1ad3050fb7,268,326,39465.1,121.0585889570552,28,5955.43,18.268190184049082,11,4.100386100386101,259,0.10505836575875487,257,21840,rio de janeiro,RJ
63704069d9bd3a75c1cf59babe56004a,1,1,59.3,59.3,1,7.39,7.39,1,1.0,1,1.0,1,13212,jundiai,SP
638cba8be1fb599bbb76fd6948351eb3,17,26,598.1999999999999,23.007692307692306,12,315.67,12.141153846153847,2,4.647058823529412,17,0.0,16,12242,sao jose dos campos,SP
63a79f5a7eb5cb48a7e5787b141c7993,11,11,815.1,74.10000000000001,6,200.82999999999998,18.257272727272724,2,4.5,10,0.0,10,38701,patos de minas,MG
63b464dbf392c7b80d12d932fa7cafed,37,39,6781.0,173.87179487179486,17,881.25,22.596153846153847,1,3.7837837837837838,37,0.05555555555555555,36,02034,sao paulo,SP
63b9ae557efed31d1f7687917d248a8d,5,7,139.5,19.928571428571427,6,102.81,14.687142857142858,2,4.2,5,0.0,5,13720,sao jose do rio pardo,SP
63bc58679c44e8a998792119fd7ad23e,1,1,19.9,19.9,1,14.11,14.11,1,1.0,1,,0,05595,sao paulo,SP
63ffcb71394dd8ea3872ed9ffda17c74,17,17,399.0,23.470588235294116,5,264.72,15.571764705882355,1,3.176470588235294,17,0.058823529411764705,17,24813,itaborai,RJ
640e21a7d01df7614a3b4923e990d40c,116,137,7598.88,55.46627737226277,12,2446.24,17.85576642335766,1,4.377358490566038,106,0.0761904761904762,105,14940,ibitinga,SP
6426d21aca402a131fc0a5d0960a3c90,23,23,1209.64,52.593043478260874,9,384.18,16.703478260869566,4,4.173913043478261,23,0.043478260869565216,23,14091,ribeirao preto,SP
643214e62b870443ccbe55ab29a4dccf,66,68,3270.13,48.09014705882353,32,929.65,13.671323529411765,2,4.409090909090909,66,0.12307692307692308,65,02134,sao paulo,SP
643c01d7c56a724bec0454f4780e8a3e,2,2,205.55,102.775,2,41.1,20.55,1,4.5,2,0.0,2,89222,joinville,SC
6481e96574816ead57975da2c0f6d80d,32,43,3324.9,77.3232558139535,20,1015.96,23.62697674418605,5,4.258064516129032,31,0.03225806451612903,31,18072,sorocaba,SP
64b87978a11c1ea7501a89eabe8c2c1a,7,7,489.92999999999995,69.99,2,101.9,14.557142857142859,1,2.0,7,,0,19300,presidente bernardes,SP
64c9a1db4e73e19aaafd3286dc448c96,1,1,439.0,439.0,1,43.6,43.6,1,5.0,1,0.0,1,82510,curitiba,PR
64cc804291f90c81f02bfc2bb58ff55a,2,2,517.6,258.8,2,46.54,23.27,1,5.0,1,0.0,1,81250,curitiba,PR
651530bf5c607240ccdd89a30c9c9712,1,1,199.9,199.9,1,24.55,24.55,1,4.0,1,0.0,1,44600,ipira,BA
651fe66032c9520ee5587f694908040d,7,7,464.0,66.28571428571429,6,128.73,18.389999999999997,2,4.0,7,0.0,7,94810,alvorada,RS
6524b847b982cd56bb5d4b02b776ee42,1,2,779.8,389.9,1,55.14,27.57,1,4.0,1,1.0,1,13042,campinas,SP
6548c2550b6e2d8f18053216e1c7b6f3,3,5,217.7,43.54,3,69.85000000000001,13.970000000000002,1,5.0,3,0.0,3,09920,diadema,SP
655220df33262c7e0c4949a147366f94,13,15,2245.0,149.66666666666666,3,681.53,45.43533333333333,2,4.076923076923077,13,0.15384615384615385,13,09951,diadema,SP
6560211a19b47992c3666cc44a7e94c0,1854,2033,123304.83,60.65166256763404,256,27960.94,13.753536645351696,7,3.957387935805202,1807,0.06487695749440715,1788,05849,sao paulo,SP
6561d6bf844e464b4019442692b40e02,1,1,41.9,41.9,1,7.55,7.55,1,5.0,1,0.0,1,07859,franco da rocha,SP
6562efe88ce0826a4ca4f189f03b4b84,9,21,1135.8999999999999,54.09047619047618,7,300.31,14.300476190476191,1,3.888888888888889,9,0.125,8,87005,maringa,PR
656591be56071d4c9ef4e5fee78a578a,7,11,1702.0,154.72727272727272,3,319.2,29.018181818181816,1,4.571428571428571,7,0.2857142857142857,7,09180,santo andre,SP
6576fd3e23c88f0e5d4d23f39bba0542,1,1,14.5,14.5,1,10.96,10.96,1,1.0,1,,0,06766,taboao da serra,SP
657969cca82e884d272385ec0ef06edd,3,3,139.70000000000002,46.56666666666667,3,51.86,17.286666666666665,1,4.666666666666667,3,0.0,3,93608,estancia velha,RS
659e8466eb3ff1b0e8740d74fb7bbedd,11,14,1486.8,106.2,9,393.2,28.085714285714285,1,4.363636363636363,11,0.0,11,45820,eunapolis,BA
65a7c0788e4d632ccb5e1b594b87f0bb,3,9,266.7,29.633333333333333,6,117.42,13.046666666666667,1,4.333333333333333,3,0.0,3,05782,sao paulo,SP
65b081a070633e057c462abdd6fb9dd8,19,20,1885.09,94.2545,16,441.58,22.079,1,4.315789473684211,19,0.0,19,75650,morrinhos,GO
65c255b299faf2d12050937cc219c46c,2,2,88.2,44.1,1,21.88,10.94,1,4.5,2,0.0,2,03060,sao paulo,SP
65febd49fd28ec955651299159b1f527,35,40,4319.7,107.99249999999999,14,981.44,24.536,1,4.314285714285714,35,0.06060606060606061,33,03275,sao paulo,SP
6601ee6383e7f452be71929f8de48bbb,2,2,153.6,76.8,2,28.34,14.17,1,4.0,2,0.0,2,14027,ribeirao pretp,SP
6614814a00d344b846ae209f95ee7e3f,1,1,13.0,13.0,1,12.69,12.69,1,1.0,1,0.0,1,17290,macatuba,SP
661ad5fcc28cdfb8bcadb12bb2272475,4,7,209.92999999999998,29.99,1,119.78,17.111428571428572,1,5.0,4,0.0,4,88330,balneario camboriu,SC
6624bc09786f0e41ae48dfc5eeb1a9e2,1,1,89.54,89.54,1,17.47,17.47,1,5.0,1,0.0,1,30390,belo horizonte,MG
6650fcccd8cd2f7e55ffa524f30c4c59,3,3,529.7,176.5666666666667,2,166.0,55.333333333333336,1,3.5,2,0.0,1,08490,sao paulo,SP
666658b8da8370f30e1f89893b1de5e6,1,2,298.0,149.0,1,23.34,11.67,1,5.0,1,,0,03658,sao paulo,SP
668bf321538e5072858eaef6087ce027,1,1,19.9,19.9,1,8.11,8.11,1,5.0,1,0.0,1,83323,pinhais,PR
66922902710d126a0e7d26b0e3805106,151,156,14362.3,92.06602564102563,20,3218.77,20.633141025641027,1,4.493243243243243,148,0.07432432432432433,148,31842,belo horizonte,MG
669ae81880e08f269a64487cfb287169,162,186,13248.87,71.23048387096775,16,3372.59,18.13220430107527,3,4.276729559748428,159,0.0440251572327044,159,89160,rio do sul,SC
66d5ae34537110d3affc56174dad2b2f,1,3,33.81,11.270000000000001,1,38.37,12.79,1,1.0,1,,0,15062,sao jose do rio preto,SP
66dc1b1632bd6a3e508510c5b3492107,37,42,3721.39,88.60452380952381,20,727.87,17.330238095238094,7,3.611111111111111,36,0.02857142857142857,35,17210,jau,SP
66e0557ecc2b4dbea057e93f215f68d8,31,31,12480.0,402.5806451612903,19,497.99,16.0641935483871,1,3.935483870967742,31,0.26666666666666666,30,04771,sao paulo,SP
66fd84ee7528c0c0de85d0f44a73d5ab,11,21,1438.11,68.48142857142857,9,453.19,21.58047619047619,1,3.3636363636363638,11,0.09090909090909091,11,98975,campina das missoes,RS
670a9dda115b5a88b18cfadee8de2332,11,11,918.9000000000001,83.53636363636365,10,183.09,16.644545454545455,3,4.454545454545454,11,0.0,11,14096,ribeirao preto,SP
670c26e0f1bf8d0576271d5cfaec6d2b,78,87,6341.6,72.89195402298851,15,1694.03,19.471609195402298,2,4.311688311688312,77,0.05263157894736842,76,87025,maringa,PR
671585f5a2af58b6e276bc01003c0d2b,27,27,1244.0,46.074074074074076,5,448.11,16.596666666666668,1,4.703703703703703,27,0.0,27,80510,curitiba,PR
67225bff54a172ff67579aaf583efd78,8,8,1238.0,154.75,7,155.10999999999999,19.388749999999998,1,4.5,8,0.125,8,85960,marechal candido rondon,PA
674207551483fec113276b67b0d871ff,1,1,119.9,119.9,1,13.94,13.94,1,5.0,1,0.0,1,18040,sorocaba,SP
6750d71153f00fc58829af2a8ef1bcf1,6,6,3514.0,585.6666666666666,6,112.5,18.75,1,4.166666666666667,6,0.0,6,28800,rio bonito,RJ
67883baaae6134ee81b271a542613728,19,19,8167.9,429.8894736842105,16,328.12,17.269473684210528,2,4.105263157894737,19,0.15789473684210525,19,01310,sao paulo,SP
679769a98cfcc6da877c8486ff1c13f3,21,21,7029.0,334.7142857142857,2,438.39,20.875714285714285,1,4.571428571428571,21,0.0,21,35162,ipatinga,MG
67bf6941ba2f1fa1d02c375766bc3e53,16,22,5610.0,255.0,4,1419.68,64.53090909090909,3,4.125,16,0.13333333333333333,15,82400,curitiba,PR
67e43d802fde8cfd3f9580124f8167d1,2,3,36.0,12.0,1,42.36,14.12,1,1.0,2,,0,07062,guarulhos,SP
6806dad1da97bfb5a9038eac6881f706,10,14,1477.0,105.5,9,306.26,21.875714285714285,4,3.95,10,0.1,10,83280,guaratuba,PR
681fce914360217db47784ae28905a96,23,24,4127.33,171.97208333333333,9,444.47,18.519583333333333,3,4.333333333333333,18,0.15789473684210525,19,83709,araucaria,PR
6824a69c9ea0313eba299dd4a2dba09a,6,7,666.9,95.27142857142857,6,117.18,16.740000000000002,3,4.666666666666667,6,0.0,6,35570,formiga,MG
685b870da5b52a710782c9c0fefbeb5b,2,2,627.0,313.5,2,43.98,21.99,1,2.0,2,1.0,2,09820,sao bernardo do campo,SP
6860153b69cc696d5dcfe1cdaaafcf62,74,84,3827.63,45.56702380952381,22,1490.6,17.745238095238093,3,4.095890410958904,73,0.0945945945945946,74,13360,capivari,SP
6861de0f40cacb0602e473c51639f980,5,8,674.0,84.25,2,275.73,34.46625,1,3.6,5,0.2,5,80420,curitiba,PR
686886775c8f6b1191c7b953fb52708c,1,1,189.0,189.0,1,13.62,13.62,1,5.0,1,0.0,1,13920,pedreira,SP
6879c4d287a8dd06b11f54ea8f78e4da,6,6,527.67,87.945,3,149.46,24.91,3,5.0,5,0.0,5,06186,osasco,SP
688756f717c462a206ad854c5027a64a,83,101,5966.54,59.074653465346536,40,1934.91,19.157524752475247,5,3.958904109589041,73,0.09722222222222222,72,07094,guarulhos,SP
68ca56ce86830f3d31b1b7ec6a54da3e,6,6,719.59,119.93166666666667,5,143.37,23.895,4,4.5,4,0.0,3,83280,guaratuba,PR
68f86ba270525243e68ae74044f992b9,11,12,876.5,73.04166666666667,7,194.81,16.234166666666667,1,4.363636363636363,11,0.1,10,21941,rio de janeiro,RJ
6902157ee16728322d61a1321fa79e58,2,2,159.8,79.9,1,31.630000000000003,15.815000000000001,1,3.0,2,0.0,2,01026,sao paulo,SP
693660429f9dc4ff704eb3d88dad54d7,2,2,124.0,62.0,1,24.119999999999997,12.059999999999999,1,4.0,2,0.0,2,09170,santo andre,SP
695051e2981c8b19e77cafe450d5bdf3,1,1,169.76,169.76,1,12.69,12.69,0,5.0,1,0.0,1,06276,osasco,SP
6973a06f484aacf400ece213dbf3d946,95,115,11011.05,95.74826086956521,13,1363.57,11.857130434782608,1,3.7037037037037037,81,0.19480519480519481,77,12230,sao jose dos campos,SP
698624c6632eeba1774924dbea24c700,1,1,19.9,19.9,1,15.23,15.23,0,5.0,1,0.0,1,01425,sao paulo,SP
6989574bd97d9773f10d232b6c07da59,7,7,2478.3999999999996,354.0571428571428,4,321.1,45.871428571428574,2,4.857142857142857,7,0.0,7,80040,curitiba,PR
698f5fa55a5f73d0740e9d9a773e8093,4,6,120.0,20.0,2,83.99,13.998333333333333,1,4.75,4,0.0,4,20751,rio de janeiro,RJ
69a43819c758c65a5befb0b471c954d7,2,3,299.85,99.95,3,100.91,33.63666666666666,1,4.0,2,0.0,2,86802,apucarana,PR
69b5eaa096c3f9d1e5c398c597f567d6,2,2,938.0,469.0,1,49.02,24.51,1,5.0,2,0.0,2,16200,birigui,SP
6a0cbc8af2e8abd1bdfb777943d174c6,35,35,3894.05,111.25857142857143,5,745.37,21.296285714285716,2,4.0588235294117645,34,0.08823529411764706,34,14312,batatais,SP
6a3139c7bf09ece22a4713d956acbe5e,1,1,61.9,61.9,1,14.74,14.74,1,5.0,1,0.0,1,13790,sao sebastiao da grama/sp,SP
6a38087bc8ad4f89ff453561005f6dea,15,22,1833.43,83.33772727272728,3,547.92,24.905454545454543,2,4.6,15,0.0,15,75123,anapolis,GO
6a51fc556dab5f766ced6fbc860bc613,26,33,7577.67,229.62636363636364,18,792.58,24.01757575757576,5,3.769230769230769,26,0.08333333333333333,24,17500,marilia,SP
6a53b90c3ad9e0b56d9fe5c69165fff5,2,4,139.78,34.945,2,55.0,13.75,2,3.5,2,0.0,2,82220,curitiba,PR
6a8a889bde935bafa76d7848782dfaf9,26,30,860.8199999999999,28.694,6,367.79999999999995,12.259999999999998,2,4.16,25,0.08,25,02839,sao paulo,SP
6a8b085f816a1f75f92dbac6eb545f8f,127,135,6018.97,44.58496296296296,71,2177.99,16.13325925925926,1,4.132,125,0.08943089430894309,123,14709,bebedouro,SP
6aa3928696eab49a19a466e665a649fd,18,22,2075.0,94.31818181818181,12,335.68,15.258181818181818,1,4.6875,16,0.0625,16,26285,nova iguacu,RJ
6b15924333bd1a741595fe981ea04822,21,21,614.3199999999999,29.25333333333333,5,240.14000000000001,11.435238095238097,1,4.7,20,0.1,20,09541,sao caetano do sul,SP
6b1c4d4d9ccf0be3d8544eb0e71e5318,1,1,1699.0,1699.0,1,60.04,60.04,1,5.0,1,0.0,1,91130,porto alegre,RS
6b243f80ed07b10f0e8aa0f21a205f3c,79,89,6260.1,70.33820224719102,31,1547.3,17.385393258426966,1,4.246753246753247,77,0.03896103896103896,77,81825,curitiba,PR
6b2612338467c08c9b25f0cc55b1578d,1,1,92.9,92.9,1,20.97,20.97,1,4.0,1,0.0,1,86990,marialva,PR
6b333a05bf188ef3e1f1662a86bd9855,12,13,3990.91,306.9930769230769,9,563.97,43.38230769230769,6,4.333333333333333,12,0.08333333333333333,12,72304,brasilia,DF
6b3bd31ad8fcda4b2635ec9f3ff2ecdf,36,43,4198.9,97.64883720930231,19,757.02,17.605116279069765,2,4.290322580645161,31,0.1,30,22775,rio de janeiro,RJ
6b536a23086fba0d58c08d68814397f6,19,23,2068.8,89.94782608695652,5,369.17,16.050869565217393,2,3.9473684210526314,19,0.05555555555555555,18,24346,niteroi,RJ
6b803197e03abd5056b4313306b4f29d,7,12,407.0,33.916666666666664,5,123.62,10.301666666666668,2,5.0,6,0.0,6,01123,sao paulo,SP
6b89abe95848c850399130d149a39b63,8,8,1135.2,141.9,2,330.53,41.31625,0,4.375,8,0.0,8,75640,piracanjuba,GO
6b90f847357d8981edd79a1eb1bf0acb,45,47,3322.08,70.68255319148936,12,737.65,15.69468085106383,6,4.355555555555555,45,0.044444444444444446,45,07152,guarulhos,SP
6b9b80d53ba3676eafe60268a810b5a1,10,10,882.7,88.27000000000001,3,172.96,17.296,1,3.9,10,0.0,9,31160,belo horizonte,SP
6ba4733aa33f6386e9fb0c0fd3993b38,3,3,149.79,49.93,3,60.09,20.03,1,4.666666666666667,3,0.0,3,95560,torres,RS
6bb0724edf0b62fb91ac404873a97241,17,18,3653.0,202.94444444444446,10,763.52,42.41777777777778,1,4.466666666666667,15,0.17647058823529413,17,06700,cotia,SP
6bb62a4912377c7bfe7cb17b406bc7e6,4,6,739.52,123.25333333333333,5,105.87,17.645,3,5.0,3,0.0,3,13215,jundiai,SP
6bb66d9870c2e01c05655c7ed0e7ee13,3,3,269.0,89.66666666666667,1,52.02,17.34,0,3.6666666666666665,3,0.0,3,04101,sao paulo,SP
6bbcb8924baf70b7fe2fe2097e8cd407,10,11,2382.5,216.5909090909091,7,264.33,24.029999999999998,2,4.5,10,0.0,10,89031,blumenau,SC
6bcb2352a2a0c38b845f598298ab9d26,2,2,31.8,15.9,1,27.58,13.79,1,3.0,2,0.0,1,87050,maringa,PR
6bd503a8230299c9316fb0f726933927,4,5,324.28999999999996,64.85799999999999,5,129.6,25.919999999999998,2,4.75,4,0.25,4,75650,morrinhos,GO
6bd69102ab48df500790a8cecfc285c2,5,5,8070.0,1614.0,3,289.02,57.803999999999995,1,3.0,5,0.2,5,04293,sao paulo,SP
6bef34c5be6f2bbd70aa5165f6df94b1,2,2,1198.0,599.0,1,132.88,66.44,1,2.0,2,0.0,2,89120,timbo,SC
6c12e40690c335dbc2f68a4134d30dc1,16,18,9139.2,507.73333333333335,12,485.06,26.947777777777777,3,4.071428571428571,14,0.0,16,84178,castro,PR
6c177e38df6d3f34182b1f1d427231bf,55,56,8341.89,148.9623214285714,20,1034.64,18.475714285714286,6,4.036363636363636,55,0.03773584905660377,53,80430,curitiba,PR
6c17baf138731a4aaacc3210adf2037b,4,5,538.8,107.75999999999999,5,89.92,17.984,1,5.0,4,0.0,4,14400,franca,SP
6c1b6d0c604b776f844125f911eb7377,5,5,443.06,88.612,3,81.44,16.288,3,3.4,5,0.0,4,05051,sao paulo,SP
6c6cc59a5c00cacc5054ca06d65cc282,1,1,1107.0,1107.0,1,148.71,148.71,1,5.0,1,0.0,1,97110,santa maria,RS
6c6e3d67f969468f3bfd33f827a31222,5,6,224.0,37.333333333333336,4,92.41,15.401666666666666,1,4.8,5,0.0,5,87035,maringa,PR
6c77cd583b36a13aacccf2b3ee23e233,1,1,18.9,18.9,1,12.79,12.79,1,5.0,1,0.0,1,17505,marilia,SP
6c7d50c24b3ccd2fd83b44d8bb34e073,114,128,8699.34,67.96359375,12,2770.85,21.647265625,2,4.528846153846154,104,0.0196078431372549,102,19025,presidente prudente,SP
6c9875b2f94ba781186f0c1aed8d1687,2,4,25.0,6.25,2,38.05,9.5125,1,5.0,1,0.0,1,17380,brotas,SP
6c99c983ce3b6ba0ab813e6790e81691,9,9,546.75,60.75,5,205.76,22.862222222222222,2,3.7777777777777777,9,0.0,9,38400,uberlandia,MG
6cd68b3ed6d59aaa9fece558ad360c0a,149,157,11188.57,71.26477707006369,54,2529.89,16.113949044585986,4,4.462068965517242,145,0.020689655172413793,145,31255,belo horizonte,MG
6cf476a4ca74498db55cbccdaa9dcfb6,6,7,939.9300000000001,134.2757142857143,5,185.57,26.509999999999998,2,3.0,6,0.4,5,02873,sao paulo,SP
6d04126aba80df143fd038e711b8fd96,1,1,89.99,89.99,1,18.87,18.87,1,1.0,1,1.0,1,20091,rio de janeiro,RJ
6d1b9c9579132c87d2703ec38c30f2c5,4,4,299.69,74.9225,3,67.7,16.925,2,4.5,4,0.0,4,82515,curitiba,PR
6d22a1fcebb6dd08c9cd90b92a93e8d0,12,13,723.7,55.66923076923077,9,222.73,17.13307692307692,2,4.363636363636363,11,0.0,11,89215,joinville,SC
6d2f2e3b539480db1e0842b3a4e32e6e,3,6,305.96,50.99333333333333,2,168.3,28.05,1,3.6666666666666665,3,0.0,3,07051,guarulhos,SP
6d66611d7c44cc30ce351abc49a68421,166,176,13593.4,77.23522727272727,59,3260.97,18.528238636363636,6,3.95,160,0.0625,160,04378,sao paulo,SP
6d7f8d9d594e28796b6b3205b00f459c,3,3,417.9,139.29999999999998,2,59.11,19.703333333333333,1,3.6666666666666665,3,0.0,3,80050,curitiba,PR
6d803cb79cc31c41c4c789a75933b3c7,58,66,8711.4,131.9909090909091,17,1213.67,18.388939393939395,1,4.25,58,0.06896551724137931,58,14600,sao joaquim da barra,SP
6d988d6174a2c27441597174f8905515,19,23,371.73,16.16217391304348,6,365.47,15.89,2,4.055555555555555,18,0.1111111111111111,18,87070,maringa,PR
6da1992f915d77be95d7fa48b36904af,7,9,261.0,29.0,1,122.66,13.628888888888888,0,4.0,7,0.0,7,01026,sao paulo,SP
6dc9bec584588412a6a338830946a3e4,2,2,560.0,280.0,1,107.83,53.915,1,1.0,1,,0,03270,sao paulo,SP
6dd7dce75cd55c1ce255dc38d9f0cd46,1,1,75.0,75.0,1,21.33,21.33,1,4.0,1,0.0,1,88137,palhoca,SC
6ddc28b61be28373b4503a1f61cf98a9,11,11,1732.9,157.53636363636363,10,167.19,15.19909090909091,2,4.3,10,0.1,10,03543,sao paulo,SP
6df688df543f90e9b38f4319e75a9d88,40,56,1949.96,34.82071428571429,23,783.6,13.992857142857144,1,4.575,40,0.0,39,31230,belo horizonte,MG
6e0908ef4d4efadbc3cc2b74ea477cb0,8,11,589.4499999999999,53.58636363636363,5,160.82999999999998,14.62090909090909,1,4.142857142857143,7,0.14285714285714285,7,20910,rio de janeiro,RJ
6e13dd869aa7185f601c941423abcc8f,5,6,522.0,87.0,2,76.08,12.68,1,4.8,5,0.0,5,05311,sao paulo,SP
6e1862e15f33d9994bc25922a85e1efc,8,14,732.49,52.32071428571429,7,147.47,10.53357142857143,2,4.428571428571429,7,0.0,7,13505,rio claro,SP
6e2d3e2dc84fb30f6078f39dd3bddd6f,1,1,219.0,219.0,1,16.28,16.28,1,1.0,1,,0,83408,colombo,PR
6e386f64c84e482f0b9abf960797ee1b,30,30,12938.3,431.27666666666664,13,625.36,20.845333333333333,1,4.607142857142857,28,0.10344827586206896,29,01539,sao paulo,SP
6e4a902d1054e4e17aa6eab87fac1c75,7,8,586.57,73.32125,4,109.13,13.64125,3,4.142857142857143,7,0.2857142857142857,7,18090,sorocaba,SP
6e4f5ff6b086632ba8dcb558fb10249e,5,5,838.9,167.78,3,214.35,42.87,3,3.4,5,0.0,5,95270,flores da cunha,RS
6e85dc5ecd97a61094b89b046a509d8e,1,1,169.9,169.9,1,12.69,12.69,1,1.0,1,,0,15845,marapoama,SP
6e864f5c4669eff3d98140a07cc50202,13,13,740.59,56.96846153846154,5,191.77,14.751538461538463,3,4.461538461538462,13,0.07692307692307693,13,05639,sao paulo,SP
6eb94e1466490d327a09abf8f3552a50,10,10,1511.95,151.195,4,237.82,23.782,2,4.444444444444445,9,0.1111111111111111,9,13219,jundiai,SP
6ebf4eceee4dd9847201c82e77ef8123,1,1,59.9,59.9,1,22.13,22.13,1,5.0,1,0.0,1,23587,rio de janeiro,RJ
6ec1a01e866584bb679eb9b098345919,31,32,4248.91,132.7784375,17,814.85,25.4640625,2,4.137931034482759,29,0.20689655172413793,29,11040,santos,SP
6edacfd9f9074789dad6d62ba7950b9c,208,219,13147.1,60.032420091324205,144,2940.5,13.426940639269406,15,4.444444444444445,198,0.061224489795918366,196,07135,guarulhos,SP
6ee85be3693ed79a8e80718743d80655,9,13,484.5,37.26923076923077,4,170.82,13.139999999999999,2,2.3333333333333335,9,0.4,5,03937,sao paulo,SP
6eeed17989b0ae47c9f11ece6f38ea90,3,3,557.0,185.66666666666666,2,119.01,39.67,1,5.0,2,0.0,2,04123,sao paulo,SP
6f1a1263039c76e68f40a8e536b1da6a,4,7,256.39,36.62714285714286,1,100.45,14.35,1,1.5,4,0.5,2,03581,sao paulop,SP
6f229cc508fc6915ed5c499efd93baa4,13,14,2654.8,189.62857142857143,12,333.88,23.84857142857143,1,4.384615384615385,13,0.15384615384615385,13,21931,rio de janeiro,RJ
6f835fd4be26989b1b064399da346143,2,2,197.8,98.9,1,31.450000000000003,15.725000000000001,1,5.0,2,0.0,2,81280,curitiba,PR
6f83d9e4da896daae20b9b6b2d3ff8d2,11,11,765.19,69.56272727272727,5,219.85,19.986363636363635,1,4.7,10,0.0,10,84925,pinhalao,PR
6f892e20a171e98efe17fdb971ff319b,44,53,6438.700000000001,121.48490566037738,5,904.16,17.059622641509435,3,3.9302325581395348,43,0.0975609756097561,41,08270,sao paulo,SP
6fa9202c10491e472dffd59a3e82b2a3,3,3,7014.24,2338.08,1,925.01,308.33666666666664,1,4.333333333333333,3,0.0,3,18030,sorocaba,SP
6fc26fe110feebd80a433e1f012a84f9,35,72,4150.87,57.65097222222222,19,977.19,13.572083333333333,1,3.911764705882353,34,0.11428571428571428,35,15601,fernandopolis,SP
6fd52c528dcb38be2eea044946b811f8,67,84,7743.0199999999995,92.17880952380952,48,1138.56,13.554285714285713,1,3.393939393939394,66,0.13432835820895522,67,08180,sao paulo,SP
7008613ea464bad5cb9b83456e1e6a8f,127,156,7777.0,49.8525641025641,19,3083.05,19.763141025641026,1,4.261904761904762,126,0.04878048780487805,123,89460,canoinhas,SC
700f03c207639c22d933381ff60b35c2,4,4,1189.8600000000001,297.46500000000003,3,136.45,34.1125,1,4.0,4,0.5,4,14784,barretos,SP
70125af26c2d6d4ef401a1d02ae7701f,5,8,371.2,46.4,3,258.42,32.3025,1,4.6,5,0.4,5,74435,goiania,GO
70126eecc6aa1274392a1743866e9678,3,3,97.39999999999999,32.46666666666666,2,47.34,15.780000000000001,2,5.0,3,0.0,3,06449,barueri,SP
701938c450705b8ae65fc923b70f35c7,75,112,11983.28,106.99357142857143,9,3808.84,34.0075,2,4.013513513513513,74,0.06756756756756757,74,15014,s jose do rio preto,SP
702835e4b785b67a084280efca355756,1,1,7.6,7.6,1,10.96,10.96,0,5.0,1,0.0,1,36046,juiz de fora,MG
7040e82f899a04d1b434b795a43b4617,212,228,9738.2,42.71140350877193,60,3217.78,14.113070175438597,10,3.5902439024390245,205,0.09852216748768473,203,01026,sao paulo,SP
70849ca4f400aaabb62cb7462a6f1428,12,12,909.58,75.79833333333333,9,233.66,19.471666666666668,5,4.416666666666667,12,0.16666666666666666,12,31210,belo horizonte,MG
709e16e2b25c7474d980076c6bfc4806,60,80,5151.9,64.39874999999999,39,1226.96,15.337,5,4.508474576271187,59,0.03389830508474576,59,16200,birigui,SP
70a12e78e608ac31179aea7f8422044b,315,328,30858.53,94.08088414634146,121,5606.91,17.09423780487805,15,3.7857142857142856,308,0.11074918566775244,307,12327,jacarei,SP
70b52a4cfc823994561b00bad161b4ed,8,10,585.0,58.5,1,100.35,10.035,1,4.375,8,0.0,8,02727,sao paulo,SP
70bf57d811208f8923b41bbd499a67a4,7,7,780.8000000000001,111.54285714285716,3,88.93,12.704285714285716,2,4.142857142857143,7,0.0,7,07866,franco da rocha,SP
70c0fda4c313d87115644d39e62eec60,1,1,25.99,25.99,1,37.09,37.09,1,5.0,1,0.0,1,55004,caruaru,PE
70c27847eca8195c983ed7e798c56743,77,98,12077.52,123.24000000000001,20,1451.66,14.812857142857144,1,4.266666666666667,75,0.09333333333333334,75,20930,rio de janeiro,RJ
70c4eedec9cb4a85cda2f3f9673557b4,2,2,479.8,239.9,1,32.75,16.375,1,5.0,1,0.0,1,01208,sao paulo,SP
70ee69419916dc13e3aed619061f996c,1,1,45.0,45.0,1,8.72,8.72,1,3.0,1,0.0,1,08780,mogi das cruzes,SP
70eea00b476a314817cefde4aad4f89a,108,114,31994.649999999998,280.6548245614035,30,2769.52,24.294035087719298,6,4.375,104,0.07692307692307693,104,13250,itatiba,SP
70f7e8018e3d46c748c92f026aa2585a,1,2,239.8,119.9,2,37.88,18.94,1,5.0,1,0.0,1,01314,sao paulo,SP
70f84699be677ec988d1fa824aef7d90,5,5,1588.3,317.65999999999997,4,116.14,23.228,1,4.6,5,0.0,5,35700,sete lagoas,MG
71039d19d4303bf9054d69e9a9236699,35,38,3537.2,93.08421052631579,26,621.45,16.353947368421053,3,3.8823529411764706,34,0.23529411764705882,34,03018,sao paulo,SP
710e3548e02bc1d2831dfc4f1b5b14d4,136,142,23979.11,168.86697183098593,33,3875.96,27.29549295774648,9,3.3684210526315788,133,0.046511627906976744,129,86600,rolandia,PR
71271995e85f5b8530be99ed54a91b89,8,8,776.0,97.0,1,120.83,15.10375,1,2.5,8,0.16666666666666666,6,91360,porto alegre,RS
712e6ed8aa4aa1fa65dab41fed5737e4,79,87,39815.0,457.64367816091954,24,6889.13,79.18540229885058,1,3.3846153846153846,78,0.22077922077922077,77,89560,videira,SC
712efd3b68f9686dc856b84abd0f21ae,1,1,139.0,139.0,1,17.16,17.16,1,4.0,1,0.0,1,82130,curitiba,PR
7139dc5186aa238b006e066d8fbab2e4,22,24,1712.0,71.33333333333333,11,535.93,22.330416666666665,3,4.0,21,0.13636363636363635,22,13901,amparo,SP
713e3a23ca5e47786eb6f0d99f94cfac,4,4,1126.0,281.5,4,87.03,21.7575,1,4.75,4,0.0,4,81050,curitiba,PR
7142540dd4c91e2237acb7e911c4eba2,319,331,37373.56,112.91105740181268,266,6915.6,20.89305135951662,2,4.065705128205129,312,0.08360128617363344,311,16301,penapolis,SP
714b9a1332840f257b49f476bea4e341,6,6,1499.94,249.99,2,158.15,26.358333333333334,1,3.3333333333333335,6,0.3333333333333333,6,15910,monte alto,SP
71592660bbcb6a4664e97b6f8b68babc,6,7,2027.18,289.59714285714284,6,173.37,24.767142857142858,4,4.333333333333333,6,0.0,6,15055,sao jose do rio preto,SP
71593c7413973a1e160057b80d4958f6,2,5,299.5,59.9,2,45.85,9.17,2,3.0,2,0.0,2,03407,sao paulo / sao paulo,SP
715bbd5ba4e6b74cb0d2f29eb45058b0,62,64,4043.3,63.1765625,28,1272.58,19.8840625,5,4.45,60,0.08333333333333333,60,13930,serra negra,SP
7178e1eaa97257d8b6d4b80efd77a025,1,1,167.9,167.9,1,16.81,16.81,1,5.0,1,0.0,1,18270,tatui,SP
7178f9f4dd81dcef02f62acdf8151e01,203,216,37070.4,171.62222222222223,57,4408.52,20.409814814814816,14,4.044554455445544,202,0.04950495049504951,202,89560,videira,SC
717b78b0950b51ed00b1471d858b0edc,5,5,138.6,27.72,2,81.15,16.23,1,4.0,5,0.2,5,18220,alambari,SP
718539d38d07dd351c76db862760e2e2,37,45,1318.9,29.30888888888889,14,659.05,14.645555555555555,3,4.416666666666667,36,0.0,34,13088,campinas,SP
71dc18fd8cbf5fd77f45dd8b427abb34,4,9,1080.0,120.0,1,149.4,16.6,1,5.0,4,0.0,4,82520,curitiba,PR
7202e2ba20579a9bd1acb29e61fe71f6,53,55,12750.5,231.8272727272727,19,1165.66,21.193818181818184,2,3.8653846153846154,52,0.058823529411764705,51,14401,franca,SP
720e6cf846ea7572cbb66b743fb91e6c,1,1,54.0,54.0,1,14.55,14.55,1,5.0,1,0.0,1,08717,mogi das cruzes / sp,SP
7210cd29727d674c00741e5e387b3ccd,9,13,729.0899999999999,56.083846153846146,7,145.09,11.160769230769231,5,4.444444444444445,9,0.1111111111111111,9,03279,sao paulo,SP
72146da5774cabf2632faedcae097a76,4,6,200.94,33.49,4,110.49,18.415,2,4.0,4,0.25,4,85960,marechal candido rondon,PR
7238a95bb63ef7e498389fb863b834a1,15,15,2265.7,151.04666666666665,6,569.41,37.96066666666666,3,4.733333333333333,15,0.06666666666666667,15,13487,limeira,SP
7238f877570096ae403c51898fa64566,3,3,1200.0,400.0,1,49.519999999999996,16.506666666666664,1,5.0,3,0.0,3,06519,santana de parnaiba,SP
723a46b89fd5c3ed78ccdf039e33ac63,1,1,66.64,66.64,1,23.4,23.4,1,4.0,1,0.0,1,93310,"novo hamburgo, rio grande do sul, brasil",RS
723cd880edaacdb998898b67c8f9da30,11,12,2136.5299999999997,178.04416666666665,8,413.1,34.425000000000004,2,4.1,10,0.1,10,14940,ibitinga,SP
72431a818f97fe6ab9c81eee3e297e54,1,1,229.9,229.9,1,19.49,19.49,1,5.0,1,0.0,1,13390,rio das pedras,SP
725af026f869236a8dd0ceb98564d156,7,8,1177.71,147.21375,5,184.95999999999998,23.119999999999997,1,3.4285714285714284,7,0.0,5,35530,claudio,MG
725c32fa80c2faacc4fc88450d27314e,89,93,7838.88,84.28903225806452,36,1327.78,14.277204301075269,2,4.523255813953488,86,0.011363636363636364,88,03320,sao paulo,SP
7299e27ed73d2ad986de7f7c77d919fa,338,361,34725.43,96.1923268698061,88,6855.65,18.990720221606647,13,4.423423423423423,333,0.048484848484848485,330,38440,araguari,MG
729b2d09b2a0bdab221076327f13d050,49,61,1822.11,29.870655737704915,21,946.55,15.517213114754098,2,4.489795918367347,49,0.08333333333333333,48,17320,mineiros do tiete,SP
729f06993dac8e860d4f02d7088ca48a,96,115,20485.079999999998,178.1311304347826,17,4994.57,43.43104347826087,2,4.184782608695652,92,0.12087912087912088,91,13481,limeira,SP
72bc2cce903c872fe376a8faaa81d237,17,18,2149.2,119.39999999999999,6,255.77,14.209444444444445,2,4.647058823529412,17,0.0,17,04693,sao paulo,SP
72c38a04bd6a1c3dbc5298425a0db86d,4,5,647.3,129.45999999999998,4,113.35,22.669999999999998,3,3.75,4,0.0,4,85804,cascavel,PR
72c5da29406b4234927b81855e7b64f6,31,31,11798.69,380.6029032258065,6,853.78,27.541290322580643,2,4.233333333333333,30,0.03333333333333333,30,07077,guarulhos,SP
72c73be2b085b9d57650dd53eb2004c9,1,1,29.4,29.4,1,17.92,17.92,1,5.0,1,0.0,1,02116,sao paulo,SP
730937bf88cb151eb2eb849f642fc213,22,26,2821.2,108.5076923076923,5,455.96999999999997,17.537307692307692,1,4.571428571428571,21,0.047619047619047616,21,13500,rio claro,SP
7315baebc0572ff220d226283dc66728,2,2,49.849999999999994,24.924999999999997,2,26.369999999999997,13.184999999999999,1,4.0,2,0.0,2,13560,sao carlos,SP
731ef20c231d9a7103a425e83fd91271,2,3,1692.0,564.0,1,505.6,168.53333333333333,1,3.5,2,0.0,2,88501,lages - sc,SC
734def04b237117a09321dd6d8f3f2a2,2,2,1252.43,626.215,2,28.8,14.4,2,5.0,2,0.0,2,13604,araras,SP
7354220fb240bde543b3c40c060d41e7,7,7,672.0,96.0,6,165.13,23.59,3,4.571428571428571,7,0.0,7,71215,brasilia,DF
7357b52d27cbaa90f81a96cbc1279396,12,12,1328.02,110.66833333333334,3,217.81,18.150833333333335,2,4.333333333333333,12,0.08333333333333333,12,33400,lagoa santa,MG
739c7d7be81f63812dea0d1b1451c651,2,2,77.5,38.75,2,71.8,35.9,1,4.0,2,0.0,2,58400,campina grande,PB
73a63f72308aa20a46f4b1632018f196,29,41,9606.8,234.3121951219512,17,1178.99,28.755853658536587,4,4.333333333333333,24,0.0,23,82510,curitiba,PR
73b8eb4a9a729d4019b24ed1be748cbf,8,8,692.41,86.55125,7,105.57,13.19625,2,4.375,8,0.0,7,13070,campinas,SP
73da1880b39c71de2b262bc7720c1494,2,2,398.0,199.0,1,46.99,23.495,1,5.0,2,0.0,2,13560,sao carlos,SP
740205fedfe4e90ca6857bc77db0f2b4,1,1,229.9,229.9,1,21.93,21.93,1,5.0,1,0.0,1,95055,caxias do sul,SP
7402d13c03a7e91366337cd1de471144,4,4,528.38,132.095,2,131.19,32.7975,2,3.5,4,0.0,3,86181,cambe,PR
741f8c587cb4248ebc5b779a0e8e0e51,5,5,89.95,17.990000000000002,5,67.69,13.538,4,4.0,5,0.2,5,09110,santo andre,SP
744dac408745240a2c2528fb1b6028f3,79,84,22490.6,267.74523809523805,75,1894.42,22.55261904761905,4,4.615384615384615,78,0.012987012987012988,77,83408,colombo,PR
74636e24f01da9268b0ed88dacd8513e,4,4,776.0,194.0,2,272.61,68.1525,2,4.0,4,0.25,4,02941,sao paulo,SP
747c1cdcd1737dcfbd1547f6eb6f2cf3,2,2,193.1,96.55,2,29.27,14.635,1,4.0,1,0.0,1,14940,ibitinga,SP
747e73c01a4593d4cf60dcf970fd2689,3,3,2217.99,739.3299999999999,3,123.77000000000001,41.25666666666667,1,4.333333333333333,3,0.0,3,55602,vitoria de santo antao,PE
74871d19219c7d518d0090283e03c137,6,7,550.04,78.57714285714285,6,87.87,12.552857142857144,3,5.0,6,0.0,6,04650,sao paulo,SP
7494d0dcba8551df6cf37f1b905dc2f7,1,1,45.9,45.9,1,17.07,17.07,1,,0,,0,11013,santos,SP
749e7cdabbaf72f16677859e27874ba5,1,1,41.9,41.9,1,19.84,19.84,0,1.0,1,0.0,1,07122,guarulhos,SP
74a9b9bddf14ece02beb81f52c41a88d,2,2,95.0,47.5,2,22.06,11.03,2,5.0,1,0.0,1,01156,sao paulo,SP
74bafed391319577bce6f4d2acc0589a,3,3,1847.0,615.6666666666666,2,237.73,79.24333333333333,2,2.6666666666666665,3,0.0,3,01311,sao paulo,SP
74c7dec0a384d8a05950e629bd23bde9,5,5,187.68,37.536,3,61.199999999999996,12.239999999999998,2,3.6,5,0.0,4,13845,mogi guacu,SP
750303a20e9c56b2a6bc45cdce0b897d,54,57,8085.0,141.8421052631579,38,1309.81,22.979122807017543,7,4.2407407407407405,54,0.03773584905660377,53,74333,goiania,GO
751bdc4d83a466c7206cd42e8f426b03,54,71,6648.93,93.6469014084507,38,1054.81,14.856478873239436,3,3.88,50,0.02040816326530612,49,09405,ribeirao pires,SP
751e274377499a8503fd6243ad9c56f6,1,2,218.0,109.0,1,17.84,8.92,1,5.0,1,0.0,1,13097,campinas,SP
75745ef7bc7d4f3ea3380f6f5303f514,3,3,228.4,76.13333333333334,3,48.92,16.30666666666667,2,5.0,3,0.0,3,70384,brasilia,DF
7586919161935337bf6b6d7ff5779648,11,18,1664.71,92.48388888888888,8,330.22,18.345555555555556,2,3.8181818181818183,11,0.18181818181818182,11,21921,rio de janeiro,RJ
75a4764c108403a7a0575140cb22287c,5,9,716.9,79.65555555555555,3,210.15,23.35,2,4.6,5,0.0,5,95072,caxias do sul,RS
75d34ebb1bd0bd7dde40dd507b8169c3,62,72,15048.28,209.0038888888889,18,1431.23,19.878194444444446,4,3.7419354838709675,62,0.15789473684210525,57,41820,salvador,BA
75fbb52eda0cbc24f479d3b2fbfa8d3e,40,43,1130.99,26.302093023255814,37,943.52,21.942325581395348,1,4.342105263157895,38,0.05405405405405406,37,74560,goiania,GO
75fdd0a732287f9497b179f6bd445d32,1,1,59.9,59.9,1,16.18,16.18,0,5.0,1,0.0,1,09350,maua,SP
761681a821d8275bc79f552116d06869,3,3,354.92,118.30666666666667,3,159.98000000000002,53.326666666666675,2,5.0,3,0.0,3,17606,sao paulo,SP
762ed976527cddf02787edba70fffa2a,3,4,179.8,44.95,3,60.31999999999999,15.079999999999998,2,2.3333333333333335,3,0.0,3,86026,londrina,PR
762fafdaa57a532ee0119731697579dd,5,5,206.7,41.339999999999996,4,54.17,10.834,2,5.0,4,0.0,4,13311,itu,SP
76623fde66e6b63b59440fd34160512d,3,3,65.4,21.8,3,23.34,7.78,1,4.0,3,0.0,3,07124,guarulhos,SP
7681ef142fd2c19048da7430856b5588,59,77,31941.81,414.82870129870133,24,2916.12,37.87168831168831,7,4.214285714285714,56,0.14285714285714285,56,07074,guarulhos,SP
76833248bbc0e65a0293ec62023e4396,2,2,2399.98,1199.99,2,230.7,115.35,1,5.0,2,0.0,2,16200,birigui,SP
768a86e36ad6aae3d03ee3c6433d61df,17,17,587.46,34.5564705882353,8,180.24,10.602352941176472,2,4.625,16,0.1875,16,01529,sao paulo,SP
768de2a4fc06aacecb9a586ccc30746a,14,14,475.59999999999997,33.97142857142857,2,237.93,16.995,2,4.428571428571429,14,0.0,13,70645,brasilia,DF
76c47a299e4a8fe992316a85865acbe9,6,10,1024.46,102.446,5,221.88,22.188,1,4.666666666666667,6,0.3333333333333333,6,14075,ribeirao preto,SP
76d336555bb25f3165d2f0d6da719c40,2,2,330.0,165.0,1,23.63,11.815,1,2.0,2,0.0,1,18015,sorocaba,SP
76d5af76d0271110f9af36c92573f765,131,159,33461.6,210.4503144654088,82,4079.96,25.660125786163523,7,4.15748031496063,127,0.096,125,03194,sao paulo,SP
76d64c4aca3a7baf218bf93ef7fa768d,64,69,16911.8,245.09855072463768,37,3543.4900000000002,51.35492753623189,5,4.327868852459017,61,0.03278688524590164,61,80215,curitiba,PR
76de363de16dacc923eec8daf91df504,2,2,360.0,180.0,2,50.42,25.21,2,2.5,2,0.0,2,89825,xaxim,SC
76ea5315acb3f5f7ade3cd261faf922a,15,15,1087.06,72.47066666666666,12,224.02,14.934666666666667,7,4.461538461538462,13,0.07692307692307693,13,04213,sao paulo,SP
77128dec4bec4878c37ab7d6169d6f26,1,1,6.5,6.5,1,8.72,8.72,1,5.0,1,0.0,1,02610,sao paulo,SP
7722b1df1b0e383e000397b2c11e3e19,134,145,7094.09,48.92475862068966,76,2071.21,14.284206896551725,8,4.275590551181103,127,0.031746031746031744,126,09715,sao bernardo do campo,SP
77530e9772f57a62c906e1c21538ab82,320,389,46610.4,119.82107969151672,171,8453.59,21.73159383033419,2,4.1650165016501655,303,0.12121212121212122,297,80310,curitiba,PR
77714512e8d4dda9c234da8e3faf16e4,4,6,243.39999999999998,40.56666666666666,5,105.58,17.596666666666668,2,4.25,4,0.0,4,07056,guarulhos,SP
777a0c55737f34ffeb78010f7542ab41,6,6,452.5,75.41666666666667,3,75.83,12.638333333333334,2,4.333333333333333,6,0.0,6,01541,sao paulo,SP
778323240ce2830d68aab11794e00bfb,3,3,189.98000000000002,63.326666666666675,2,52.45,17.483333333333334,1,4.333333333333333,3,0.0,3,13600,sao paulo,SP
77a515caa36327151d1cc6c32a9f00e1,26,26,2217.39,85.28423076923076,19,396.19,15.238076923076923,1,4.423076923076923,26,0.11538461538461539,26,09912,diadema,SP
77dcbb67ccb3659bd58eaf5661560a30,2,2,984.0,492.0,2,98.56,49.28,2,1.0,2,,0,95900,lajeado,RS
77e4abfd739aed9c46480f90f81c0eb4,18,18,3736.99,207.61055555555555,9,355.21999999999997,19.734444444444442,4,4.764705882352941,17,0.0,17,70767,brasilia,DF
77fccaae319668a8ab6cd0fd16aec48c,11,12,1667.0,138.91666666666666,5,221.44,18.453333333333333,3,4.454545454545454,11,0.0,11,28035,campos dos goytacazes,RJ
7813ea3ebd9411dc600b4dd01f7a97b9,9,9,1599.4,177.7111111111111,8,146.59,16.287777777777777,2,3.888888888888889,9,0.1111111111111111,9,06018,osasco,SP
7816cd9c5b1238e320545f5bf7eb80e8,1,1,489.0,489.0,1,22.76,22.76,1,4.0,1,0.0,1,14801,araraquara,SP
781a66c0d89e30814d49fe8b5e14cd07,1,1,115.0,115.0,1,21.3,21.3,1,1.0,1,1.0,1,13064,campinas,SP
782f78b632a43875dd5b53e3e49c9564,2,3,146.01,48.669999999999995,1,41.56,13.853333333333333,1,3.0,2,0.0,1,13030,campinas,SP
784ba75dd9d20200c4caed3d7a77141a,21,24,8295.13,345.63041666666663,11,629.8199999999999,26.242499999999996,3,3.8333333333333335,21,0.10526315789473684,19,01040,sao paulo,SP
78744a20ee2f80ba64f6804c25def2b8,6,6,2715.0,452.5,3,353.85,58.975,1,4.166666666666667,6,0.16666666666666666,6,50751,recife,PE
78813699ffac347fe27dba345a5f1551,1,1,152.42,152.42,1,48.12,48.12,1,5.0,1,0.0,1,95711,bento goncalves,RS
788e857f317e53de488d393e65a80f45,11,11,1210.0,110.0,4,184.95000000000002,16.813636363636366,1,4.909090909090909,11,0.0,11,08280,sao paulo,SP
788f22bafdd7ab0e1e79f19db72f16a4,2,2,125.80000000000001,62.900000000000006,2,26.240000000000002,13.120000000000001,2,4.5,2,0.0,2,04137,sao paulo,SP
78a4d36f65a019172c6154468831a69f,7,7,1545.5,220.78571428571428,1,223.4,31.914285714285715,1,4.285714285714286,7,0.14285714285714285,7,17018,bauru,SP
78ba5933c21686d1c2f64669c8c459e7,2,2,191.8,95.9,2,20.770000000000003,10.385000000000002,2,4.25,2,0.0,2,08810,mogi das cruzes,SP
78c99c6dff4eeae5be99bf635ed21e3f,31,39,2030.88,52.073846153846155,15,664.89,17.048461538461538,1,4.533333333333333,30,0.1,30,17510,marilia,SP
78ef7e885d17f35e2382a47aae8b8cce,3,3,388.0,129.33333333333334,3,65.44,21.813333333333333,1,4.666666666666667,3,0.0,3,96816,santa cruz do sul,RS
7901646fdd36a55f564ffaf2dbccaaf7,22,27,11857.08,439.1511111111111,12,621.75,23.02777777777778,2,4.5,22,0.13636363636363635,22,20021,rio de janeiro,RJ
791cfcfe22fe4a771ece27f90017da92,2,2,596.26,298.13,1,57.49,28.745,1,1.5,2,1.0,1,14010,ribeirao preto,SP
79565f7d5603b24ddf07ade262547f2f,8,8,385.0,48.125,5,109.07000000000001,13.633750000000001,2,4.0,8,0.2857142857142857,7,14804,araraquara,SP
7957cac1a02f45d0a4a7e45626382ec2,1,1,343.0,343.0,1,21.64,21.64,1,4.0,1,0.0,1,80320,curitiba,PR
7963e546f34e098b578f9ad102494601,1,1,60.99,60.99,1,21.23,21.23,1,5.0,1,0.0,1,05624,sao paulo,SP
7994081388d55b9cf976c050653dd359,2,6,1020.0,170.0,2,89.65,14.941666666666668,1,3.0,2,0.0,1,01244,sao paulo,SP
7994b065a7ffb14e71c6312cf87b9de2,5,7,453.0,64.71428571428571,5,144.34,20.62,1,5.0,5,0.0,5,29142,cariacica / es,ES
79a679c36c08d606b3fd47ead9de109b,3,7,935.0,133.57142857142858,2,137.22,19.602857142857143,1,2.0,3,0.3333333333333333,3,02611,sao paulo,SP
79b93a308a97792cf53ac75f46da00b5,1,1,99.9,99.9,1,16.14,16.14,1,5.0,1,0.0,1,22420,rio de janeiro,RJ
79ebd9a61bac3eaf882805ed4ecfa12a,136,143,15092.79,105.54398601398601,115,4012.35,28.05839160839161,1,4.176,125,0.06557377049180328,122,85802,cascavel,PR
79ed755314cfe6df0daef2c6cd3022cd,23,25,3907.5,156.3,12,459.16,18.366400000000002,3,4.7272727272727275,22,0.0,23,13503,rio claro,SP
79ee721b6f766066a80264402548d359,2,2,538.0,269.0,1,30.36,15.18,1,1.0,2,,0,17011,bauru,SP
7a073a40a9d3f1fee8bc45670ea1e909,1,1,95.0,95.0,1,17.78,17.78,1,1.0,1,,0,86040,londrina,PR
7a188843479798ca813108fa7b959286,1,3,149.7,49.9,1,26.160000000000004,8.72,1,1.0,1,,0,04276,sao paulo,SP
7a241947449cc45dbfda4f9d0798d9d0,62,72,8027.63,111.4948611111111,17,1990.47,27.645416666666666,3,3.85,60,0.07272727272727272,55,37590,jacutinga,MG
7a2d2949aea47fab95fd98d6c9f618b1,11,12,1638.99,136.5825,5,211.24,17.603333333333335,2,4.2727272727272725,11,0.0,11,81350,curitiba,PR
7a425d299613df3e613bcf9d2eaf5c49,18,18,1218.8,67.71111111111111,14,286.67,15.926111111111112,1,4.111111111111111,18,0.05555555555555555,18,22790,rio de janeiro,RJ
7a67c85e85bb2ce8582c35f2203ad736,1160,1171,141745.53,121.04656703672075,149,20902.85,17.850426985482493,2,4.285968028419183,1126,0.060714285714285714,1120,03426,sao paulo,SP
7a704e63bb29c446869efde5d57524c8,1,1,94.49,94.49,1,15.41,15.41,1,5.0,1,0.0,1,85601,francisco beltrao,PR
7a91bf945c6fae0779f1c61ce97fe45c,5,5,799.5,159.9,3,82.57,16.514,1,3.8,5,0.25,4,26562,mesquita,RJ
7a9c12e235c36247c3c81f50d6ea9cea,5,5,983.9,196.78,5,115.69,23.137999999999998,1,4.6,5,0.0,5,09541,sao caetano do sul,SP
7aa4334be125fcdd2ba64b3180029f14,217,240,16234.81,67.64504166666667,41,4368.52,18.202166666666667,4,4.1084905660377355,212,0.13744075829383887,211,18500,laranjal paulista,SP
7aa538dd6e114e503a2e6154ea352253,5,5,1016.6800000000001,203.336,4,101.92,20.384,2,4.4,5,0.0,5,15807,catanduva,SP
7ab0dd5487bab2dc835337b244f689fb,1,1,12.5,12.5,1,10.96,10.96,1,5.0,1,0.0,1,15013,sao jose do rio preto,SP
7ad32824caee82087b3e2e5f33b1bf32,151,184,22505.1,122.31032608695651,75,3545.22,19.2675,1,3.900709219858156,141,0.15,140,14940,ibitinga,SP
7ad41305e96a6cab8294cd65891e9a86,2,2,180.0,90.0,2,57.6,28.8,1,5.0,2,0.0,2,28810,rio bonito,SP
7adbd3210a7b3cc2235e225eef33574d,3,3,131.9,43.96666666666667,2,72.96,24.319999999999997,1,4.666666666666667,3,0.0,3,02544,sao paulo,SP
7ade73f1b9b4e965f9009a4c3a7e2c15,27,28,1880.3000000000002,67.15357142857144,12,457.87,16.3525,6,4.84,25,0.0,25,17051,bauru,SP
7b07b3c7487f0ea825fc6df75abd658b,93,98,9731.85,99.3045918367347,65,1342.79,13.701938775510204,2,4.3478260869565215,92,0.044444444444444446,90,02016,sao paulo,SP
7b0df942f46435babab05d49b744b2c4,32,32,22600.63,706.2696875,16,672.15,21.0046875,2,4.387096774193548,31,0.09375,32,12924,braganca paulista,SP
7b1222c3624aa89b9558b50a2594188c,22,22,10103.52,459.2509090909091,9,457.57,20.798636363636362,3,4.454545454545454,22,0.13636363636363635,22,15041,sao jose do rio preto,SP
7b3447b497e55af8c15fc7bd89d7b81a,1,1,49.9,49.9,1,20.75,20.75,1,5.0,1,0.0,1,08225,sao paulo,SP
7b3f6ce5c6c22e9b96e7581ebf0df6e1,1,1,29.8,29.8,1,12.69,12.69,0,3.0,1,0.0,1,13710,tambau,SP
7b7ed56ae755e2880f2b69632e839c1e,5,5,321.5,64.3,4,135.1,27.02,1,4.2,5,0.2,5,74230,goiania,GO
7b7f91e98f8c6def45a1407923304402,11,14,417.47,29.819285714285716,9,203.01999999999998,14.501428571428571,3,4.181818181818182,11,0.09090909090909091,11,06154,osasco,SP
7b8e8ec35bad4b0ef7e3963650b0a87b,5,5,2244.2799999999997,448.85599999999994,3,372.02,74.404,2,4.8,5,0.2,5,88705,tubarao,SC
7b98de631987e26dd6d803490c43a13c,8,8,634.2,79.275,5,144.43,18.05375,2,4.625,8,0.0,8,87900,loanda,PR
7bac63f6603d382cc8d0832eb6c100a8,19,19,7751.95,407.9973684210526,11,362.65,19.086842105263155,4,4.0,19,0.15789473684210525,19,05713,sao paulo,SP
7bb8fac2913a6064ec412e583c6d8b4d,1,1,109.0,109.0,1,16.52,16.52,0,5.0,1,0.0,1,17017,bauru,SP
7bcd7c5f8631701474db233ccf1c094b,11,11,666.0,60.54545454545455,5,194.94,17.721818181818183,2,3.6363636363636362,11,0.125,8,02047,sao paulo,SP
7c1fea10b5b006671d608b1d7c446ec4,14,14,423.59999999999997,30.257142857142856,13,224.15,16.010714285714286,3,4.0,12,0.08333333333333333,12,18550,boituva,SP
7c4402417d51474d4d0cda9557340e40,1,1,119.9,119.9,1,27.69,27.69,1,5.0,1,0.0,1,09530,sao caetano do sul,SP
7c4618c82226628831613e95e9c22f44,13,13,333.92999999999995,25.686923076923073,5,165.54,12.733846153846153,1,4.25,12,0.16666666666666666,12,18136,sao roque,SP
7c462184585ae80bd6e5774c62ce50f2,1,2,60.0,30.0,1,17.64,8.82,1,3.0,1,1.0,1,13086,campinas,SP
7c4adcc13272c0e26fa23aac642adb7b,2,2,135.0,67.5,2,30.630000000000003,15.315000000000001,1,3.0,2,0.5,2,24725,sao goncalo,RJ
7c51de0ab286204ce75ff42bf7c10d92,4,4,759.0,189.75,3,149.64,37.41,1,4.5,4,0.0,4,88380,picarras,SC
7c5b05cbdb5542049f38d90d7815b97d,22,24,1038.96,43.29,10,306.5,12.770833333333334,1,4.363636363636363,22,0.047619047619047616,21,05201,sao paulo,SP
7c67e1448b00f6e969d365cea6b010ab,982,1364,187923.89,137.7741129032258,198,51612.55,37.83911290322581,6,3.498447204968944,966,0.10176531671858775,963,08577,itaquaquecetuba,SP
7c9130f5f3729edd32aa059141d92484,3,4,126.0,31.5,1,67.15,16.7875,1,3.3333333333333335,3,0.0,3,17400,garca,SP
7caa63f175b1cecbfaadd8b5ab9998c7,2,2,39.8,19.9,2,20.53,10.265,1,3.0,1,,0,02750,sao paulo,SP
7cb946b1ad19faebe28c3e86c2794ec3,1,1,25.0,25.0,1,15.1,15.1,1,5.0,1,0.0,1,35701,sete lagoas,MG
7cf4ea70955b00d6b3c22542598e2715,1,1,189.9,189.9,1,14.91,14.91,1,5.0,1,0.0,1,01125,sao paulo,SP
7d13fca15225358621be4086e1eb0964,565,578,113628.97,196.58991349480968,57,8632.05,14.934342560553631,7,4.058076225045372,551,0.12408759124087591,548,14050,ribeirao preto,SP
7d294cf9a6a69dc6a0c3e540fff0e039,5,5,257.25,51.45,1,194.13,38.826,1,4.4,5,0.0,5,88390,barra velha,SC
7d456afc660226829370f3173d14520c,56,91,8338.25,91.62912087912088,22,1519.6200000000001,16.69912087912088,5,4.431372549019608,51,0.06,50,08820,mogi das cruzes,SP
7d484ca289afaac6bf5fc6a1e96d2226,2,2,183.2,91.6,2,65.22,32.61,1,4.0,2,0.5,2,79104,campo grande,MS
7d76b645482be4a332374e8223836592,176,187,3843.93,20.555775401069518,89,2587.61,13.837486631016043,2,3.9705882352941178,170,0.11904761904761904,168,01511,sao paulo,SP
7d7866a99a8656a42c7ff6352a433410,5,5,147.89,29.577999999999996,4,59.49,11.898,3,4.4,5,0.0,5,01320,sao paulo,SP
7d7d2b7a51328016102d4528c411d630,7,7,918.8,131.25714285714284,5,180.05,25.72142857142857,2,4.2,5,0.2,5,14940,ibitinga,SP
7d81e74a4755b552267cd5e081563028,1,1,32.5,32.5,1,7.49,7.49,1,4.0,1,0.0,1,04735,sao paulo,SP
7d948535954aaf8c5d39db007f74372e,4,4,194.0,48.5,3,43.8,10.95,2,3.75,4,0.0,4,11442,guaruja,SP
7daca0837f033a41a6f3428c18657533,7,7,1228.98,175.56857142857143,4,168.16,24.02285714285714,1,3.5714285714285716,7,0.2857142857142857,7,15170,tanabi,SP
7dc8c42cc750eeafea6c85712ffee9bf,41,50,6409.68,128.1936,16,1035.41,20.7082,8,4.275,40,0.05,40,05424,sao paulo,SP
7dc9a3355bae96dd82008b313d3a456c,1,1,899.0,899.0,1,50.62,50.62,1,5.0,1,0.0,1,36213,dores de campos,MG
7ddcbb64b5bc1ef36ca8c151f6ec77df,334,343,55578.57,162.0366472303207,19,7946.72,23.168279883381924,9,3.962121212121212,330,0.08641975308641975,324,04403,sao paulo,SP
7dea6f73af847b42cc3985bd620f994d,2,2,324.0,162.0,2,56.17,28.085,1,4.0,2,0.0,2,85813,cascavel,PR
7df1fc11cc5cbc518b39faa60cf5d67c,5,5,1037.6,207.51999999999998,5,134.36,26.872000000000003,1,4.2,5,0.0,5,79112,campo grande,MS
7e1fb0a3ebfb01ffb3a7dae98bf3238d,159,174,27349.53,157.1812068965517,25,2986.4,17.163218390804598,2,4.153846153846154,156,0.12987012987012986,154,14403,franca,SP
7e26c750b4cb9f6766f58265ff9ebe95,23,27,1344.3,49.788888888888884,2,388.88,14.402962962962963,1,4.434782608695652,23,0.0,23,30270,belo horizonte,MG
7e3dde9ffba72d5340f9aaf09b4424be,1,1,220.0,220.0,1,22.03,22.03,1,1.0,1,,0,86185,cambe,PR
7e3f87d16fb353f408d467e74fbd8014,92,94,4754.99,50.585,20,1438.71,15.305425531914894,6,4.164835164835165,91,0.12222222222222222,90,04809,sao paulo,SP
7e79d65b5c6f1f544b7daea036acf720,4,4,517.8,129.45,2,62.09,15.5225,1,4.5,4,0.0,4,09572,sao caetano do sul,SP
7e93a43ef30c4f03f38b393420bc753a,336,340,176431.87,518.9172647058823,186,6322.18,18.59464705882353,8,4.238670694864048,331,0.05714285714285714,315,06429,barueri,SP
7e959205cebc10adefcb331f934238a4,2,2,513.9000000000001,256.95000000000005,2,32.65,16.325,1,1.0,2,,0,01223,sao paulo,SP
7ea5bfa6c340f58f8e71fc1f0412b0d6,98,104,11002.89,105.79701923076922,9,1660.99,15.971057692307692,3,4.247311827956989,93,0.07608695652173914,92,30180,belo horizonte,MG
7ecd59e5e20407131822c1a68ac59c1f,24,29,1466.71,50.576206896551724,5,587.8100000000001,20.269310344827588,1,4.416666666666667,24,0.16666666666666666,24,70719,brasilia,DF
7ecef8194babfec876ca720714327841,7,8,990.5,123.8125,5,123.76,15.47,3,4.285714285714286,7,0.14285714285714285,7,13041,campinas,SP
7f02656561b680def9986c0795a8a080,2,2,84.0,42.0,1,27.83,13.915,1,3.0,2,0.0,1,01417,sao paulo,SP
7f152321c60a266edc53af1925ef96c1,20,20,3919.8,195.99,3,552.12,27.606,1,3.9473684210526314,19,0.3157894736842105,19,88801,criciuma,SC
7f2617c58d5d06806987308b45654351,22,23,3656.8,158.9913043478261,2,326.47,14.194347826086958,1,3.8181818181818183,22,0.09090909090909091,22,04571,sao paulo,SP
7f35f9daf223da737b78738fbae4d977,5,5,252.0,50.4,2,101.01,20.202,2,4.0,5,0.0,5,13272,valinhos,SP
7f40d06aa0b5f1aa4f41af8c0480e2ef,6,6,1309.94,218.32333333333335,4,125.67999999999999,20.946666666666665,2,4.833333333333333,6,0.16666666666666666,6,13506,rio claro,SP
7f5e4d5efad7e44b91115dd1decb65f3,3,9,179.9,19.98888888888889,2,77.42,8.602222222222222,1,5.0,3,0.0,3,12306,jacarei / sao paulo,SP
7f7b8245c336066a1f9933c359f11d77,38,43,2094.36,48.70604651162791,12,535.87,12.462093023255814,8,4.552631578947368,38,0.02631578947368421,38,13800,mogi mirim,SP
7fc87cc3e89b3d1d5cabdca32f8485aa,14,14,2153.9,153.85,9,681.92,48.708571428571425,3,3.5714285714285716,14,0.2857142857142857,14,07123,guarulhos,SP
7fdb0720c8d7c9075538b365dc8c3a22,9,10,1804.0,180.4,3,484.31,48.431,3,2.7142857142857144,7,0.14285714285714285,7,85904,toledo,PR
7fe21dd00d2f4943ae09525efa2fd674,4,4,299.6,74.9,4,57.36,14.34,2,3.0,4,0.0,2,20551,rio de janeiro,RJ
7ff588a03c2aeae4fbd23f9ae64b760d,14,16,1182.2,73.8875,11,221.18,13.82375,1,4.642857142857143,14,0.0,14,07183,guarulhos,SP
800214c63934acd05d47e84214db8ba8,4,4,259.6,64.9,4,61.74,15.435,2,5.0,4,0.0,3,89251,jaragua do sul,SC
80146bc52c4f6af5239b23de2a20262b,1,2,27.1,13.55,1,49.68,24.84,1,3.0,1,,0,06753,taboao da serra,SP
804287717b9156fb7a787acd9af4fac1,1,1,18.8,18.8,1,15.1,15.1,1,5.0,1,0.0,1,87030,maringa,PR
8060d731897e33b5c5ae575ce1e209e1,5,5,199.5,39.9,1,91.45,18.29,1,4.8,5,0.0,5,89052,blumenau,SP
808d4348b916efa08e766ebad39f61eb,21,21,731.1,34.81428571428572,11,283.82,13.515238095238095,1,4.428571428571429,21,0.05,20,02336,sao paulo,SP
8090490573c6c0aa343a7231ebcb8c86,26,26,3871.1200000000003,148.88923076923078,9,426.91,16.419615384615387,4,4.1923076923076925,26,0.07692307692307693,26,04130,sao paulo - sp,SP
809413606dbfe5deefd2db646693ef67,3,5,196.68,39.336,3,50.37,10.074,1,4.333333333333333,3,0.0,3,04602,sao paulo,SP
80ceebb4ee9b31afb6c6a916a574a1e2,1,1,6729.0,6729.0,1,193.21,193.21,1,,0,1.0,1,86026,londrina,PR
80cfd480be3eb6d6267139f5cb793555,1,1,99.9,99.9,1,26.44,26.44,1,4.0,1,0.0,1,08223,sao paulo,SP
80e6699fe29150b372a0c8a1ebf7dcc8,98,100,11441.56,114.4156,32,2713.34,27.1334,3,4.347368421052631,95,0.0425531914893617,94,83323,pinhais,PR
80f2cf9abf6b5a0e5c612b5eea6646e6,7,7,766.08,109.44000000000001,7,288.7,41.24285714285714,2,4.333333333333333,6,0.2,5,15046,sao jose do rio preto,SP
8132b9bd16876e1b0f8808d43825dd48,2,3,727.9,242.63333333333333,2,41.04,13.68,1,3.0,2,0.0,1,88058,florianopolis,SC
813348c996469b40f2e028d5429d3495,179,202,11205.83,55.47440594059406,4,3594.6,17.795049504950494,1,4.07514450867052,173,0.052941176470588235,170,13206,jundiai,SP
81336a0f57a33776419727a300249e90,16,19,1374.8500000000001,72.36052631578949,10,296.03,15.580526315789472,2,3.875,16,0.2,15,13560,sao carlos,SP
8160255418d5aaa7dbdc9f4c64ebda44,385,431,47017.69,109.08976798143853,57,7853.81,18.222296983758703,4,4.002808988764045,356,0.17183098591549295,355,14940,ibitinga,SP
817245bcc3badd82bbd222e0366951a6,29,45,5580.5,124.0111111111111,4,722.58,16.057333333333336,1,4.0,28,0.03571428571428571,28,17056,bauru,SP
81783131d2a97c8d44d406a4be81b5d9,13,15,1782.54,118.836,5,195.04,13.002666666666666,3,3.3636363636363638,11,0.14285714285714285,7,18015,sorocaba,SP
817f85dbb65aa3e70831d90fe75cdf89,11,11,1552.27,141.11545454545455,6,231.62,21.05636363636364,2,4.545454545454546,11,0.0,11,18530,tiete,SP
8185694b58b2ba6de20fd41ae608bbea,8,8,1372.3,171.5375,8,230.26999999999998,28.783749999999998,2,4.5,8,0.0,8,06764,tabao da serra,SP
818d28f936e791926d33bcb6ee94ef79,5,5,139.5,27.9,5,77.2,15.440000000000001,1,4.0,3,0.0,4,04141,sao paulo,SP
81a1104df0f08b59c68aa5b03cfe398e,73,73,9420.880000000001,129.05315068493152,17,1814.3899999999999,24.854657534246574,1,4.267605633802817,71,0.05555555555555555,72,83020,sao jose dos pinhais,PR
81ed90f07c0bacb7594940ba2ef676aa,2,2,223.9,111.95,2,33.56,16.78,1,4.5,2,0.0,2,35500,divinopolis,MG
81f89e42267213cb94da7ddc301651da,46,52,3955.0,76.0576923076923,4,766.18,14.734230769230768,3,3.7333333333333334,45,0.0,45,19063,presidente prudente,SP
820c7c9eaf76d2b226b6c242bcf3f34d,1,1,559.0,559.0,1,18.0,18.0,1,4.0,1,0.0,1,04756,sao paulo,SP
820cc752a266cdc6c1a1e61dd4583330,15,15,2802.7999999999997,186.85333333333332,4,275.97,18.398000000000003,3,4.133333333333334,15,0.13333333333333333,15,87050,maringa,PR
821fb029fc6e495ca4f08a35d51e53a5,28,29,19187.42,661.635172413793,10,1552.83,53.54586206896551,4,3.4074074074074074,27,0.375,24,02030,sao paulo,SP
822166ed1e47908f7cfb49946d03c726,69,108,3714.83,34.396574074074074,34,1821.12,16.862222222222222,3,4.065573770491803,61,0.016129032258064516,62,25803,tres rios,RJ
822b63912576852aea9a8436d72317b7,8,9,4905.6900000000005,545.0766666666667,5,191.38,21.264444444444443,1,3.875,8,0.0,6,13840,mogi guacu,SP
822bad9bc42b51213ba522fe87b7ab5d,18,18,5160.0,286.6666666666667,7,527.34,29.296666666666667,4,4.235294117647059,17,0.29411764705882354,17,88330,balneario camboriu,SC
827f8f69dfa529c561901c4f2e0f332f,91,104,3408.39,32.77298076923077,60,1595.57,15.34201923076923,7,4.286516853932584,89,0.0989010989010989,91,81880,curitiba,PR
82921991ff5b557b045605b8bbf08d49,1,1,18.9,18.9,1,18.23,18.23,1,5.0,1,0.0,1,01023,sao paulo,SP
82bd0703a4aefd6b599e5bfdaed378fb,21,24,2692.28,112.17833333333334,16,392.56,16.356666666666666,4,3.95,20,0.05263157894736842,19,17510,marilia,SP
82cb9f452fe8334df74b22d37824b431,14,18,838.2,46.56666666666667,8,317.06,17.614444444444445,3,4.6923076923076925,13,0.0,13,95013,caxias do sul,RS
82e0a475a88cc9595229d8029273f045,42,80,10930.02,136.62525,39,1485.9,18.57375,1,3.6097560975609757,41,0.1,40,03417,sao paulo,SP
830379336fad8c6f3b15a4a3ddb5c66e,2,4,268.0,67.0,2,170.38,42.595,1,4.5,2,0.0,2,02518,sao paulo,SP
83353a83fd769dfafa4f21a72b15e3e5,5,5,579.5,115.9,5,94.83,18.966,1,3.8,5,0.2,5,05786,sao paulo,SP
834f3294fba9f932f56edc879193f925,66,66,39907.5,604.6590909090909,3,4299.92,65.15030303030304,2,4.553846153846154,65,0.06153846153846154,65,14808,araraquara,SP
834f8533b2ecb6598dd004ff3de7203a,43,47,4538.29,96.55936170212766,26,958.02,20.38340425531915,4,3.7857142857142856,42,0.15,40,05181,sao paulo,SP
835f0f7810c76831d6c7d24c7a646d4d,44,50,5130.0,102.6,19,964.03,19.2806,2,3.4523809523809526,42,0.325,40,08030,sao paulo,SP
83645b1645cdee8953ee54c29ceed564,14,14,978.9,69.92142857142856,11,266.2,19.014285714285712,3,4.428571428571429,14,0.0,14,85875,santa terezinha de itaipu,PR
8378eb36b6b70c5734e83ad7b8cdc3b7,7,13,1714.8,131.90769230769232,3,241.87,18.605384615384615,2,3.857142857142857,7,0.14285714285714285,7,88301,itajai,SC
83a75eea11694e36e56dd0cb2240229a,3,3,487.0,162.33333333333334,1,42.47,14.156666666666666,0,5.0,3,0.0,3,13905,amparo,SP
83b08de96980757220871b31bf6cffca,5,7,1304.17,186.31,4,454.21,64.88714285714285,1,4.0,5,0.4,5,21820,rio de janeiro,RJ
83c465a786b06574376909b35ef6752a,3,3,281.4,93.8,2,49.06,16.353333333333335,1,5.0,3,0.0,3,13560,sao carlos,SP
83c8aafbefb034674a70de0eac5b8954,2,2,134.9,67.45,2,50.97,25.485,1,5.0,2,0.0,2,85601,francisco beltrao,PR
83d458c0d6d4f94295d63f091460bd60,1,1,89.9,89.9,1,15.84,15.84,1,5.0,1,,0,29101,vila velha,SP
83d7070a0b9a8b4625fa8682b819fabb,2,2,694.77,347.385,2,127.63,63.815,1,1.0,2,,0,06717,cotia,SP
83deb69e889cf80f82be1dc6d5f2d486,40,42,5363.01,127.6907142857143,14,913.64,21.753333333333334,1,4.325,40,0.05,40,88056,florianopolis,SC
83e197e95a1bbabc8c75e883ed016c47,47,55,6693.6900000000005,121.70345454545455,19,986.37,17.934,2,4.808510638297872,47,0.021739130434782608,46,25900,mage,RJ
83f2b4881141ce3fcd4e985125d3279e,3,3,60.7,20.233333333333334,3,40.68,13.56,1,5.0,3,0.3333333333333333,3,14055,ribeirao preto,SP
8444e55c1f13cd5c179851e5ca5ebd00,99,109,22873.21,209.8459633027523,54,2078.06,19.064770642201836,12,3.2577319587628866,97,0.06666666666666667,90,37584,congonhal,MG
845e8036c3f7bf62099352f5ed910240,21,24,1584.6000000000001,66.025,18,460.64,19.19333333333333,2,4.117647058823529,17,0.0,17,21041,rio de janeiro,RJ
8476243f92442881ddd5b578975cf115,12,12,7838.0,653.1666666666666,4,275.03,22.919166666666666,3,4.0,11,0.09090909090909091,11,93700,campo bom,RS
84c945f15571830c1a91a33978e94009,2,2,51.98,25.99,1,26.060000000000002,13.030000000000001,1,4.5,2,0.0,2,02851,sao paulo,SP
84deb808079d1be601c209c1e771b1cc,2,2,34.93,17.465,2,23.21,11.605,1,5.0,2,0.0,2,81200,curitiba,PR
8501d82f68d23148b6d78bb7c4a42037,1,1,19.7,19.7,1,10.96,10.96,1,1.0,1,,0,89031,blumenau,SC
85044848b1b767db2a4a58526adef4b4,4,4,240.60000000000002,60.150000000000006,3,64.91,16.2275,3,3.25,4,0.0,4,06018,osasco,SP
850857dfac77488c307e2b1cbd84ab5a,1,1,1599.0,1599.0,1,39.72,39.72,1,5.0,1,0.0,1,85802,cascavel,PR
850913d59ce317156b00f3705f1c3edb,32,34,2690.0,79.11764705882354,9,580.96,17.087058823529414,2,3.4838709677419355,31,0.17857142857142858,28,12942,atibaia,SP
850f4f8af5ea87287ac68de36e29107f,187,192,45355.36,236.22583333333333,42,3114.41,16.220885416666665,4,4.333333333333333,180,0.06593406593406594,182,04367,sao paulo,SP
851773c885feb5e2da3b4f82bc2b17ce,10,10,585.3,58.529999999999994,8,251.82999999999998,25.183,1,4.2,10,0.2,10,18683,lencois paulista,SP
855668e0971d4dfd7bef1b6a4133b41b,312,327,32208.16,98.49590214067278,73,7797.2,23.844648318042815,3,3.798679867986799,303,0.14189189189189189,296,13257,itatiba,SP
8581055ce74af1daba164fdbd55a40de,387,435,64925.3,149.2535632183908,32,9659.0,22.204597701149424,1,4.272251308900524,382,0.10133333333333333,375,07112,guarulhos,SP
85cc55e048b6bcc90c75afe7f0e72f72,9,9,308.28,34.25333333333333,6,193.48,21.497777777777777,5,4.444444444444445,9,0.2222222222222222,9,27345,barra mansa,RJ
85d9eb9ddc5d00ca9336a2219c97bb13,509,522,15415.24,29.531111111111112,64,8614.34,16.50256704980843,6,4.190476190476191,504,0.03621730382293763,497,31255,belo horizonte,MG
85e7c62c1d6ea078c3897424f867a7c8,2,2,60.0,30.0,2,27.7,13.85,1,4.5,2,0.0,2,88220,itapema,SC
85ecf03781da592876b7844acc1b729f,2,2,251.0,125.5,2,43.9,21.95,1,4.5,2,0.5,2,03658,sao paulo,SP
8602a61d680a10a82cceeeda0d99ea3d,17,19,826.99,43.52578947368421,10,252.91,13.311052631578947,1,4.583333333333333,12,0.08333333333333333,12,01001,sao paulo,SP
8603f0038fe0e52fedd3382d266723de,10,10,2355.0,235.5,9,490.12,49.012,4,4.4,10,0.0,10,88495,garopaba,SC
8629a7efec1aab257e58cda559f03ba7,1,1,45.22,45.22,1,18.89,18.89,1,1.0,1,1.0,1,74223,goiania,GO
8629c241b3622ac12cd4118afdc8d394,13,13,1167.66,89.82000000000001,6,334.36,25.720000000000002,3,4.076923076923077,13,0.07692307692307693,13,14090,ribeirao preto,SP
863d2ebcd347ce4922de7a0f9a5581d6,18,19,1382.36,72.7557894736842,8,308.81,16.25315789473684,1,3.888888888888889,18,0.17647058823529413,17,21041,rio de janeiro,RJ
8648b1e89e9b349e32d3741b30ec737e,95,103,7442.55,72.25776699029126,56,1503.5,14.597087378640778,3,4.096774193548387,93,0.10989010989010989,91,12308,jacarei,SP
86649b1632b1c0e6c0bcb2c90a8b75d8,1,1,59.99,59.99,1,17.67,17.67,1,1.0,1,,0,85884,medianeira,PR
866558b3bccef2dbc6d29a2b5995016f,5,6,1519.3999999999999,253.23333333333332,4,351.35,58.55833333333334,2,4.8,5,0.0,5,86706,arapongas,PR
86bb7c4b535e49a541baf3266b1c95b1,16,16,8162.4,510.15,5,324.82,20.30125,1,3.2,15,0.1875,16,14401,franca,SP
86bf77bdb52e615674772d5817c6212f,4,5,281.8,56.36,3,97.58,19.516,2,4.75,4,0.0,4,94410,viamao,RS
86ccac0b835037332a596a33b6949ee1,180,210,16619.93,79.14252380952381,72,3968.67,18.89842857142857,3,4.2368421052631575,171,0.03550295857988166,169,89041,blumenau,SC
86ff3eaef0267069cc891a2ed9d10a17,7,7,409.75,58.535714285714285,7,140.61,20.087142857142858,2,4.714285714285714,7,0.0,7,88135,palhoca,SC
870d0118f7a9d85960f29ad89d5d989a,45,61,3157.2,51.75737704918033,18,1270.83,20.83327868852459,2,4.093023255813954,43,0.046511627906976744,43,37708,pocos de caldas,MG
87142160b41353c4e5fca2360caf6f92,305,339,31095.98,91.72855457227139,56,7218.33,21.293008849557523,8,4.425,300,0.05647840531561462,301,90230,porto alegre,RS
8759e7aedd644f487315e5860962f162,3,3,627.0,209.0,1,166.34,55.446666666666665,1,3.6666666666666665,3,0.3333333333333333,3,09251,santo andre,SP
876182d1918783bbe15233febfbd4926,3,3,120.27,40.089999999999996,3,34.730000000000004,11.576666666666668,1,4.0,3,0.0,3,04208,sao paulo,SP
87b4428a334b8f676fd9a7f3bf544fb5,1,1,29.99,29.99,1,18.99,18.99,1,5.0,1,0.0,1,16480,guaimbe,SP
87b740daf17b5d1be335a64164ec6842,13,13,14699.87,1130.7592307692307,9,1482.51,114.03923076923077,1,3.5,12,0.1,10,08615,suzano,SP
87d30a6a0cbf89356e49324971ab1d24,17,17,2134.13,125.53705882352942,12,215.78,12.692941176470589,1,4.352941176470588,17,0.058823529411764705,17,02036,sao paulo,SP
87d3c3aeb3ead335511b3ce315eb341e,15,15,749.3499999999999,49.95666666666666,11,213.71,14.247333333333334,2,3.5,14,0.06666666666666667,15,03059,sao paulo,SP
87d73636a3acf123e842bb890a4db036,1,1,269.9,269.9,1,43.71,43.71,1,5.0,1,0.0,1,15190,nhandeara,SP
87e24fc7052259b1f7f607d61c10d8be,8,8,7473.49,934.18625,7,236.37,29.54625,3,3.5,8,0.14285714285714285,7,05734,sao paulo,SP
87f3e35268860433e13d577825aada95,3,3,161.7,53.9,3,41.78,13.926666666666668,1,1.0,2,0.0,1,12955,bom jesus dos perdoes,SP
880ce4951cf857ab1d9e0b75c1d856f4,1,1,178.9,178.9,1,18.82,18.82,1,5.0,1,0.0,1,31255,belo horizont,MG
880eda903e719a5f179f7e9fceb3a69d,1,1,249.0,249.0,1,42.72,42.72,1,1.0,1,,0,14610,ipua,SP
883dd81e82754ac2c65e9790a7db8c9a,5,5,319.5,63.9,4,74.96000000000001,14.992,2,5.0,4,0.0,4,81070,curitiba,PR
88460e8ebdecbfecb5f9601833981930,248,302,31546.550000000003,104.4587748344371,12,4996.55,16.544867549668876,1,3.4978070175438596,228,0.21145374449339208,227,87030,maringa,PR
888faa8bfb0b159c37de6d898b961c31,19,23,2418.2999999999997,105.14347826086956,14,526.7,22.900000000000002,8,4.235294117647059,17,0.0,17,88750,braco do norte,SC
889009a0ed0bb52c87819941192931b8,1,1,89.9,89.9,1,33.08,33.08,1,4.0,1,0.0,1,18682,lencois paulista,SP
88ae906ea2acf6971f26c3e8b7cb4357,3,3,246.0,82.0,1,42.01,14.003333333333332,1,3.5,2,0.5,2,01550,sao paulo,SP
88af55b4a7ca402b27df16f7c7c9b5d2,1,1,130.0,130.0,1,11.52,11.52,1,1.0,1,,0,06775,taboao da serra,SP
88cd3681e0a2ba85e190f7d817629c4c,1,1,180.0,180.0,1,19.36,19.36,1,4.0,1,0.0,1,88354,brusque,SC
88cf19ec1fc2c58f161aee259d57142c,14,14,1372.97,98.06928571428571,11,234.71,16.765,3,4.5,14,0.0,14,13570,sao carlos,SP
88ef59b51bdaa941d10a853429f2b6ce,2,2,252.9,126.45,2,41.8,20.9,1,2.0,2,0.0,2,83280,guaratuba,PR
891071be6ba827b591264c90c2ae8a63,92,98,4177.28,42.625306122448976,31,1277.07,13.031326530612244,10,3.7752808988764044,89,0.18292682926829268,82,03872,sao paulo,SP
8931a84a914b3fe9b1ddaa4d704947ca,29,32,4668.3,145.884375,16,424.59,13.2684375,1,4.071428571428571,28,0.06896551724137931,29,08410,sao paulo,SP
8936ba0de1073ee888cb3185ae5dc661,1,1,389.99,389.99,1,22.22,22.22,1,5.0,1,0.0,1,03372,sao paulo,SP
897060da8b9a21f655304d50fd935913,317,430,23023.92,53.544,106,6863.55,15.961744186046513,3,3.646103896103896,308,0.12080536912751678,298,14092,ribeirao preto,SP
89757206b887aed36f3e18d858460fea,2,2,120.5,60.25,2,55.64,27.82,1,5.0,2,0.0,2,03121,sao paulo,SP
89a51f50b8095ea78d5768f34c13a76f,10,11,677.16,61.559999999999995,10,177.1,16.099999999999998,1,4.7,10,0.0,10,71931,brasilia,DF
89ad3263c0931c47f976d7c5778e60f6,6,6,568.2,94.7,5,131.54,21.923333333333332,1,4.0,5,0.0,5,05127,sao paulo,SP
89bc797e2e29667aa035d4368f9b7f92,17,20,407.3,20.365000000000002,12,252.15,12.6075,1,3.7058823529411766,17,0.1875,16,02969,sao paulo,SP
89c127985a8b130cfa45c1d36764017a,7,7,1419.5700000000002,202.7957142857143,6,120.63,17.232857142857142,5,3.0,6,0.0,6,06016,osasco,SP
89d9a386b0b6e5fc8403071b03f7206a,2,5,167.0,33.4,1,68.25,13.65,0,4.0,2,0.0,2,03103,sao paulo,SP
89dda63a3c907c468ec88c310ed91213,2,2,734.99,367.495,2,42.14,21.07,1,3.0,2,0.0,1,09380,maua/sao paulo,SP
89de2d6f23e9746ff309705b23581faa,8,8,340.0,42.5,4,160.08,20.01,1,2.7142857142857144,7,0.0,8,86060,londrina,PR
89f69225956f951295ca4c7fb1266553,11,12,1041.3,86.77499999999999,8,277.41,23.117500000000003,5,4.2727272727272725,11,0.09090909090909091,11,27700,vassouras,RJ
8a130737016f838139d31878787a39c9,56,62,4222.03,68.09725806451613,7,842.2900000000001,13.585322580645162,2,4.446428571428571,56,0.07142857142857142,56,03187,sao paulo,SP
8a1ff5c35f6595a73fef4c7b96e4908a,2,2,1598.0,799.0,1,284.79999999999995,142.39999999999998,1,5.0,2,0.0,2,83091,sao  jose dos pinhais,PR
8a207b6080964f3c1fc9d35bd6096ba4,2,3,553.7,184.5666666666667,2,176.34,58.78,2,5.0,2,0.5,2,15155,jaci,SP
8a2d12a90e92f012ce5226fc6592b653,18,18,1594.6499999999999,88.59166666666665,13,338.97,18.831666666666667,2,4.588235294117647,17,0.0,17,81210,curitiba,PR
8a32e327fe2c1b3511609d81aaf9f042,132,180,6429.01,35.716722222222224,53,2363.03,13.127944444444445,2,3.852713178294574,129,0.03225806451612903,124,02443,sao paulo,SP
8a40ae794fa3f9892cee24bd5af0488b,6,6,739.85,123.30833333333334,4,206.41,34.401666666666664,3,3.1666666666666665,6,0.3333333333333333,6,82620,curitiba,PR
8a43128d7f9a3db592b866e6861a6cce,3,4,990.5999999999999,247.64999999999998,3,67.89,16.9725,3,2.3333333333333335,3,0.0,3,08080,sao paulo,SP
8a432f4e5b471f8da497d7dc517666e2,95,106,7555.0,71.27358490566037,48,1965.11,18.53877358490566,3,4.306818181818182,88,0.056179775280898875,89,19042,presidente prudente,SP
8a87611c08849ffeeccab52aa798b6c7,13,14,2369.8,169.27142857142857,7,485.32,34.66571428571429,4,2.6666666666666665,12,0.0,5,82940,curitiba,PR
8a8835a43bda99fd37310ad76c457510,2,3,224.34,74.78,2,34.2,11.4,1,4.5,2,0.0,2,09540,sao caetano do sul,SP
8a9260f2b0340411d6d2a56bcf4f7378,8,9,1256.0,139.55555555555554,4,140.94,15.66,4,4.75,8,0.125,8,32180,contagem,MG
8ab42aa58097fd4668d60cc648225d5f,20,26,2616.75,100.64423076923077,15,593.64,22.83230769230769,2,4.368421052631579,19,0.0,19,74150,goiania,GO
8ae520247981aa06bc94abddf5f46d34,65,65,16320.99,251.09215384615385,50,1445.35,22.236153846153844,4,4.446153846153846,65,0.015384615384615385,65,88370,navegantes,SC
8b11118053756a9a2932f447e11fc1b5,1,1,79.99,79.99,1,11.17,11.17,1,3.0,1,0.0,1,17350,igaracu do tiete,SP
8b181ee5518df84f18f4e1a43fe07923,1,1,27.9,27.9,1,27.08,27.08,1,5.0,1,0.0,1,87360,goioere,SP
8b2492b7ff4468839593fafeed55bad9,29,45,3660.08,81.3351111111111,15,676.18,15.026222222222222,1,4.172413793103448,29,0.06896551724137931,29,24451,sao goncalo,RJ
8b28d096634035667e8263d57ba3368c,143,155,9375.7,60.4883870967742,49,2591.45,16.719032258064516,14,4.014598540145985,137,0.11851851851851852,135,12243,sao jose dos campos,SP
8b2d4ab22f42c5cfc338b846decfda60,6,9,458.0,50.888888888888886,3,185.32,20.59111111111111,2,4.833333333333333,6,0.0,6,83820,fazenda rio grande,PR
8b321bb669392f5163d04c59e235e066,943,1018,17535.69,17.225628683693515,104,14156.36,13.9060510805501,11,4.091792656587473,926,0.10468920392584515,917,01212,sao paulo,SP
8b655f0855926bcb49f5835d38dfddf6,5,5,1089.5,217.9,3,73.31,14.662,1,4.8,5,0.2,5,06192,osasco,SP
8b87cd0d43d49b9bdf40f56229364d59,5,5,1552.9,310.58000000000004,5,301.0,60.2,2,2.6,5,0.0,2,04111,sao paulo,SP
8b8cfc8305aa441e4239358c9f6f2485,15,15,11892.0,792.8,6,1218.7,81.24666666666667,2,4.2,15,0.13333333333333333,15,86020,londrina,PR
8b9d6eec4a7eb7d0f9d579ce0b38324d,49,53,4232.54,79.85924528301886,7,1684.44,31.78188679245283,2,4.2,45,0.18181818181818182,44,26562,mesquita,RJ
8bb48dc19fccaa8613b6229bf7f452a2,82,95,4190.72,44.11284210526316,47,1857.3999999999999,19.55157894736842,4,4.481012658227848,79,0.02531645569620253,79,19803,assis,SP
8bd0e3abda539b9479c4b44a691be1ec,7,13,596.55,45.888461538461534,7,248.79000000000002,19.13769230769231,1,2.2857142857142856,7,0.3333333333333333,6,98910,tres de maio,RS
8bd0f31cf0a614c658f6763bd02dea69,33,35,4455.34,127.29542857142857,10,967.98,27.65657142857143,3,4.258064516129032,31,0.03125,32,01222,sao paulo,SP
8bdd8e3fd58bafa48af76b2c5fd71974,11,11,2324.82,211.34727272727275,5,190.73,17.33909090909091,1,4.545454545454546,11,0.1111111111111111,9,01552,sao paulo,SP
8c0de775f52fe41590b376a3b7c50f68,9,9,672.7,74.74444444444445,6,135.32999999999998,15.036666666666665,1,3.888888888888889,9,0.0,8,13178,sumare,SP
8c16d1f32a54d92897cc437244442e1b,108,118,5642.6,47.81864406779661,25,2112.07,17.898898305084746,8,4.4,105,0.009433962264150943,106,89023,blumenau,SC
8c351ed7c326c62123318f4f3246e906,2,2,114.9,57.45,1,35.76,17.88,1,5.0,2,0.0,2,11701,praia grande,SP
8c3b533c63cca56240f94f1e3a6b18ef,5,8,3312.16,414.02,4,989.61,123.70125,2,1.0,3,1.0,2,31050,belo horizonte,MG
8c5e007d7bd5693fa1386ffefbc99f6c,9,24,1029.11,42.87958333333333,9,378.3,15.762500000000001,1,4.333333333333333,9,0.0,9,13347,indaiatuba,SP
8c91bfea4263b8fba54081460693e2a1,2,2,739.0,369.5,2,46.75,23.375,1,5.0,1,0.0,2,98920,horizontina,RS
8c9348f33ae3dada25c99c99ade2af78,2,2,312.99,156.495,2,51.94,25.97,2,5.0,2,0.0,2,06340,carapicuiba,SP
8ca1551acf9832a4cf467bbbac15851f,11,12,2176.4,181.36666666666667,10,266.54,22.21166666666667,3,4.2,10,0.1,10,83607,campo largo,PR
8ca5b19e0263150d2c57afdde2b3d011,3,4,180.60000000000002,45.150000000000006,2,44.08,11.02,1,4.666666666666667,3,0.0,3,09336,maua,SP
8cb7c5ddf41f4d506eba76e9a4702a25,2,2,138.0,69.0,1,44.37,22.185,1,3.0,2,0.0,1,75110,anapolis,GO
8cbac7e12637ed9cffa18c7875207478,67,82,2990.98,36.47536585365854,21,1663.37,20.285,4,4.2153846153846155,65,0.0625,64,89254,jaragua do sul,SC
8cc6a0e5738e61a87b03c78b2ba9db4b,24,26,13312.4,512.0153846153846,14,525.82,20.223846153846157,6,4.333333333333333,24,0.08695652173913043,23,37795,andradas,MG
8ccf3cf69651cc1d8a02c8bfaf3b8568,2,2,250.0,125.0,1,38.629999999999995,19.314999999999998,1,3.5,2,0.5,2,13504,rio claro,SP
8cf21434553b02cbd37c0bbd07e041b0,2,2,94.98,47.49,2,67.15,33.575,1,2.5,2,0.0,1,88102,sao jose,SC
8d46553a36e68f95350a200c12f8f2e2,13,16,746.6,46.6625,9,223.0,13.9375,2,3.230769230769231,13,0.0,9,13056,campinas,SP
8d79c8a04e42d722a75097ce5cbcf2ef,27,28,2777.7200000000003,99.20428571428572,3,757.4399999999999,27.05142857142857,1,4.423076923076923,26,0.16,25,61658,caucaia,CE
8d899e15a5925f097cca50faa49b15e3,4,10,645.0,64.5,3,150.98000000000002,15.098000000000003,2,3.75,4,0.25,4,18131,sao roque,SP
8d92f3ea807b89465643c219455e7369,3,8,121.2,15.15,3,131.57,16.44625,1,1.0,3,0.6666666666666666,3,03052,sao paulo,SP
8d956fec2e4337affcb520f56fd8cbfd,211,228,11015.19,48.312236842105264,52,3327.95,14.59627192982456,13,4.220095693779904,209,0.10576923076923077,208,09780,sao bernardo do campo,SP
8daab2245ebdc277c51098d01c5ad8ef,16,16,1604.59,100.286875,4,284.05,17.753125,4,4.625,16,0.0625,16,08411,sao paulo,SP
8dd386be0767c330276ea6a3f96532d3,1,2,89.98,44.99,1,44.5,22.25,1,5.0,1,0.0,1,88490,paulo lopes,SC
8de8fe3af4449ed695d2434c933ed73e,1,1,2090.0,2090.0,1,65.35,65.35,1,5.0,1,0.0,1,01215,sao paulo,SP
8def3db7f272735afb2ecd03aeca09a7,2,2,196.0,98.0,1,33.64,16.82,1,5.0,2,0.0,2,28035,rio de janeiro,RJ
8dfbc5ff27df12f6cef751d3b9554222,4,4,226.0,56.5,4,90.12,22.53,1,4.5,4,0.0,4,80220,curitiba,PR
8e29d051f810eb22959ede205b462b9f,2,2,599.8,299.9,1,213.48000000000002,106.74000000000001,1,4.0,2,0.5,2,15131,mirassol,SP
8e2b3afb420011ef0c88c9d5f11ea526,11,11,1384.5,125.86363636363636,3,147.93,13.44818181818182,2,4.5,10,0.1,10,13060,campinas,SP
8e34331b7eedd03be4e5d965c1956225,5,5,145.0,29.0,5,65.44,13.088,1,4.8,5,0.2,5,04009,sao paulo,SP
8e4f041ff58e7845456d3482524014b3,2,2,133.8,66.9,2,48.59,24.295,1,3.0,2,0.5,2,90250,porto alegre,RS
8e670472e453ba34a379331513d6aab1,1,1,975.0,975.0,1,108.96,108.96,1,1.0,1,1.0,1,36087,juiz de fora,MG
8e6cc767478edae941d9bd9eb778d77a,106,114,6830.58,59.91736842105263,61,2284.83,20.042368421052632,2,3.9320388349514563,103,0.08080808080808081,99,38442,araguari,MG
8e6d7754bc7e0f22c96d255ebda59eba,85,130,14497.27,111.51746153846155,29,1715.24,13.194153846153846,1,3.621794871794872,78,0.18181818181818182,77,12233,sao jose dos campos,SP
8e8a7ce9f2f970dc00e2acf6f6e199f6,65,66,9101.0,137.8939393939394,6,1183.82,17.936666666666667,1,4.015625,64,0.09523809523809523,63,24710,sao goncalo,RJ
8ea394aed8138685abe1eb9f25e1021d,2,2,1340.0,670.0,1,77.6,38.8,1,4.0,2,0.0,2,18053,sorocaba,SP
8eb88b0acb3f90a717ad659221471fa7,2,2,119.8,59.9,2,40.87,20.435,1,4.5,2,0.0,2,89504,cacador,SC
8ec76bb0965af3f007692b26fa9d6623,1,1,1999.0,1999.0,1,29.75,29.75,1,5.0,1,0.0,1,88804,criciuma,SC
8ed8ea9a57c862f2c18c2fe41f601d56,19,19,3831.9,201.67894736842106,2,731.0699999999999,38.47736842105263,2,4.473684210526316,19,0.0,19,89030,blumenau,SC
8f0fbe2cd4d472157dc1cdef6edecaa9,2,2,71.88,35.94,2,22.88,11.44,2,5.0,1,0.0,1,02755,sao paulo,SP
8f119a0aee85c0c8fc534629734e94fd,77,83,3733.68,44.984096385542166,32,1092.77,13.16590361445783,8,4.306666666666667,75,0.0547945205479452,73,06440,barueri,SP
8f2b51a30523cdecddc2f179f351c7d6,7,8,1027.9,128.4875,4,148.32999999999998,18.541249999999998,1,4.142857142857143,7,0.0,7,04833,sao paulo,SP
8f2ce03f928b567e3d56181ae20ae952,153,175,21712.9,124.07371428571429,79,3837.11,21.926342857142856,1,4.105263157894737,152,0.152317880794702,151,05141,pirituba,SP
8f54d64f28a993550aa7943f12572959,15,16,2755.5,172.21875,10,377.62,23.60125,1,3.7333333333333334,15,0.06666666666666667,15,35160,ipatinga,MG
8f580d36c1e9d6fbce95283403c7d447,8,8,4813.25,601.65625,7,180.15,22.51875,1,4.375,8,0.125,8,14090,ribeirao preto,SP
8f78f0903005064036736c7173a5c2ed,13,21,2113.7000000000003,100.65238095238097,10,632.25,30.107142857142858,4,3.769230769230769,13,0.07692307692307693,13,36325,tiradentes,MG
8fb67a334bacec338885b4e9e1708073,1,1,59.9,59.9,1,38.52,38.52,1,5.0,1,0.0,1,85905,toledo,PR
8fb791022c1fc8909664f48ab7dc636d,5,5,8119.95,1623.99,4,363.4,72.67999999999999,1,4.2,5,0.0,5,03976,sao paulo,SP
8fbd63429be6d3e5e6d1a709b6464802,6,8,1061.4,132.675,4,179.57,22.44625,1,4.833333333333333,6,0.0,6,09130,santo andre,SP
8fbe2ee446b97e128471be4ce983dc0d,3,3,148.5,49.5,3,40.0,13.333333333333334,1,3.0,3,0.3333333333333333,3,18103,sorocaba,SP
8fd3b4468f6425810648177996c14cbd,1,1,354.9,354.9,1,21.67,21.67,1,5.0,1,0.0,1,15015,sao jose do rio preto,SP
8fdca8e349553f99bc738833a62c8802,22,29,989.34,34.115172413793104,4,380.88,13.133793103448276,3,4.190476190476191,21,0.045454545454545456,22,02189,sao paulo,SP
8fe8786ee000001ab51d030dfd4a7bf1,5,5,2255.0,451.0,2,201.44,40.288,1,4.6,5,0.0,5,88490,paulo lopes,SC
8fec2e460530482132c436cfb5439925,3,5,468.46,93.692,3,80.15,16.03,1,4.333333333333333,3,0.3333333333333333,3,18500,laranjal paulista,SP
8ff1a9df749e454105c55cda13e79143,13,14,1400.6000000000001,100.04285714285716,9,277.21,19.800714285714285,5,4.0,10,0.0,12,17509,marilia,SP
8ff38bc3969e67c36c48343a07090f66,2,8,3472.0,434.0,1,387.56,48.445,1,2.5,2,0.0,2,08260,sao paulo,SP
8fff28c4263ddec387f28d237fb42773,4,6,339.4,56.56666666666666,4,82.28,13.713333333333333,2,3.0,4,0.0,2,05594,sao paulo,SP
900ba814c251a692506d7834c1218441,88,88,29099.690000000002,330.6782954545455,7,2368.25,26.911931818181817,1,4.204819277108434,83,0.14285714285714285,84,13328,salto,SP
901b460cdce0c64e471230d7f2f9f3a3,5,5,1904.0,380.8,5,108.56,21.712,2,4.4,5,0.0,5,90620,porto alegre,RS
902c99f1ac505c0d18778b61bcd636f7,4,4,157.96,39.49,4,100.16,25.04,2,4.0,4,0.0,3,13840,mogi guacu,SP
903037660cf848a717166eb7a06d616e,45,60,7991.51,133.19183333333334,36,1091.77,18.196166666666667,4,3.86046511627907,43,0.14285714285714285,42,05734,sao paulo,SP
90b36c5aeb728d5504a39f435bef0c5f,5,7,207.85999999999999,29.694285714285712,3,132.37,18.91,3,4.2,5,0.0,4,13835,conchal,SP
90b57083da5d803237da74daec6dcb2b,2,2,206.9,103.45,2,34.31,17.155,2,5.0,2,0.0,2,80730,curitiba,PR
90d4125885ab6c86e8820a722be71974,3,5,1299.5500000000002,259.91,1,43.4,8.68,1,1.0,3,,0,06780,taboao da serra,SP
910a922b426b7ff95eaee129ad6c0e1f,2,2,119.8,59.9,1,31.16,15.58,1,5.0,2,0.0,2,15025,sao jose do rio preto,SP
913fd0ebba70bb919f7254a02239173c,1,1,159.9,159.9,1,19.22,19.22,1,1.0,1,0.0,1,89065,blumenau,SC
9140bd1d9de28b197dce077bdd687438,6,8,1258.87,157.35875,5,184.06,23.0075,1,4.166666666666667,6,0.0,6,13900,amparo,SP
9140ef75cc8211c4035935e80e567204,1,1,49.9,49.9,1,22.28,22.28,1,5.0,1,0.0,1,87015,maringa,PR
91543f9849d68d023e17194926598543,4,6,834.0,139.0,6,266.57,44.428333333333335,1,4.5,4,0.0,4,89041,blumenau,SC
916748bc99315c2d202898ae58b1617e,25,32,369.40000000000003,11.543750000000001,5,377.11,11.7846875,2,4.28,25,0.0,25,18040,sorocaba,SP
916c9de0b5ad957346eeeb12f332687e,23,28,5480.25,195.72321428571428,5,493.53,17.62607142857143,1,4.565217391304348,23,0.0,22,80240,curitiba,PR
918717417d88a9f9ae9735567e6c7682,4,4,345.70000000000005,86.42500000000001,3,43.52,10.88,3,5.0,4,0.0,4,05547,sao paulo,SP
918f6fbcf3ab724d805867303e593a1b,2,3,79.69999999999999,26.566666666666663,2,32.88,10.96,2,4.0,2,0.0,2,13273,valinhos,SP
9198786624eaeb375793215cad26cfa6,9,10,908.3000000000001,90.83000000000001,6,210.07,21.006999999999998,3,3.7777777777777777,9,0.0,8,89136,rodeio,SC
91f0eec23d4a61d7d7caeefa3f0ad1ca,11,11,2190.8,199.16363636363639,2,354.46,32.22363636363636,1,3.5454545454545454,11,0.2727272727272727,11,88704,tubarao,SC
91f5779a8731baca4809fdeade81803f,6,6,1971.46,328.57666666666665,5,145.63,24.271666666666665,2,3.8333333333333335,6,0.0,6,27321,barra mansa,RJ
91f848e9f4be368f4318775aac733370,63,73,5932.599999999999,81.26849315068492,10,1235.56,16.925479452054795,1,4.278688524590164,61,0.03333333333333333,60,03029,sao paulo,SP
9200e6ce317b67196b6b0bad4d4bd567,1,1,36.9,36.9,1,14.52,14.52,1,3.0,1,0.0,1,20771,rio de janeiro,RJ
921323538c9f1c4e816f2720eac02bea,15,17,1401.84,82.46117647058823,10,240.36,14.138823529411766,3,3.933333333333333,15,0.2,15,01319,sao paulo,SP
9261d76c62caaf0b24677c2ceb7f8f20,6,7,968.7,138.3857142857143,4,247.54000000000002,35.362857142857145,1,3.8333333333333335,6,0.0,6,88138,palhoca,SC
92992bec39dde5766f590d3b1f46d465,1,1,109.0,109.0,1,12.67,12.67,1,1.0,1,,0,04310,sao paulo,SP
929f342384a6607afe143d789ade1316,4,4,209.4,52.35,4,63.36,15.84,3,5.0,4,0.0,4,86065,londrina,PR
92c8bc6e8f925792247656fed09aad65,3,3,259.7,86.56666666666666,3,39.870000000000005,13.290000000000001,1,2.3333333333333335,3,0.5,2,03384,sao paulo,SP
92d14edfb62ee5ae7fdff70b0f4e7233,8,13,322.0,24.76923076923077,5,165.65,12.742307692307692,3,3.8333333333333335,6,0.0,6,09810,sao bernardo do campo,SP
92eb0f42c21942b6552362b9b114707d,341,365,6548.63,17.94145205479452,52,4944.04,13.545315068493151,3,4.0120481927710845,332,0.07926829268292683,328,03504,sao paulo,SP
9315e491484b1b0081ca166fc164108d,1,1,29.99,29.99,1,30.41,30.41,1,,0,,0,86039,londrina,PR
933446e9a59dece7ae9175103820ca8f,2,3,381.39,127.13,2,57.459999999999994,19.153333333333332,1,3.0,2,0.0,1,81730,curitiba,PR
934ed5cd1b9c1c7382d0a94a94b9e639,1,1,125.85,125.85,1,26.62,26.62,0,5.0,1,0.0,1,81070,curitiba,PR
939e6227d6964a11a70aa91243e418f2,4,4,425.0,106.25,2,63.25,15.8125,1,4.25,4,0.0,4,36408,conselheiro lafaiete,MG
939f6e231201f26803cb5c3a3d2940b3,3,4,130.6,32.65,3,95.02000000000001,23.755000000000003,1,4.666666666666667,3,0.0,3,17051,bauru,SP
93b9a99027bd8bd6af682aff18dd19bf,20,21,1953.0,93.0,15,467.11,22.243333333333332,2,4.052631578947368,19,0.0,18,07600,mairipora,SP
93bef6edaa84956e8e575016449b6351,1,1,115.0,115.0,1,14.56,14.56,1,5.0,1,0.0,1,03568,sao paulo,SP
93dc87703c046b603023e75222018b45,35,36,8517.35,236.59305555555557,26,688.9399999999999,19.13722222222222,3,4.0,32,0.09375,32,30315,belo horizonte,MG
94144541854e298c2d976cb893b81343,68,76,17286.28,227.45105263157893,23,1429.37,18.807499999999997,3,4.253731343283582,67,0.04411764705882353,68,94451,viamao,RS
941554c5757b73ba0e50aa7732310afc,3,4,107.69,26.9225,2,58.66,14.665,1,4.666666666666667,3,0.0,3,04142,sao paulo,SP
94165aea8a35c3c21499cbcae239b16c,1,1,180.0,180.0,1,16.11,16.11,1,2.0,1,0.0,1,38412,uberlandia,MG
94231344608e603693b0a8891143f65d,3,3,722.0,240.66666666666666,3,102.17999999999999,34.059999999999995,1,4.0,3,0.0,3,91520,porto alegre,SP
9449f25aeaf531019b76999ea49a6949,10,10,2046.45,204.645,9,179.39,17.939,1,4.0,10,0.2222222222222222,9,21040,rio de janeiro,RJ
9485a23c0430ba1d58d359391606fce6,5,5,1129.9,225.98000000000002,5,65.25,13.05,1,3.2,5,0.25,4,09015,santo andre,SP
94b9108d4b637ba65bb4f1e53cfcf8d8,7,8,234.95999999999998,29.369999999999997,3,99.13,12.39125,2,4.428571428571429,7,0.14285714285714285,7,07221,guarulhos,SP
94c49f20a123aeb9360dbf80ff912bf6,3,3,277.75,92.58333333333333,2,61.540000000000006,20.513333333333335,2,3.6666666666666665,3,0.0,3,18015,sorocaba,SP
94ca168e8bcb407ab85c5da308863027,5,5,224.3,44.86,4,87.36,17.472,2,5.0,5,0.0,5,16250,clementina,SP
94d76e96eedd976258cd3278ce56d5f2,1,1,385.61,385.61,1,68.56,68.56,1,5.0,1,0.0,1,18132,sao roque,SP
94e93ce877be27a515118dbfd2c2be41,30,35,5674.57,162.13057142857141,18,868.15,24.804285714285715,9,3.9310344827586206,29,0.0,29,15502,votuporanga,SP
951e8cef368f09bb3f3d03c00ca4702c,64,71,4092.29,57.63788732394366,49,1400.8,19.729577464788733,2,4.155172413793103,58,0.0847457627118644,59,14940,ibitinga,SP
9523fb39dd240aa958e040f8183d64f3,1,1,146.99,146.99,1,21.3,21.3,1,1.0,1,0.0,1,01541,sao paulo,SP
9535a841eecebed61a9fb1ac1cbb5597,2,2,784.9,392.45,2,33.43,16.715,1,3.0,2,0.0,2,01208,sao paulo,SP
9539213aa8e023c01937bef95dc006da,9,9,229.1,25.455555555555556,2,89.94,9.993333333333332,1,4.555555555555555,9,0.3333333333333333,9,03673,sao paulo,SP
954e95f20808d7e5d11f0de292d078e0,3,4,158.78,39.695,2,119.17999999999999,29.794999999999998,0,4.666666666666667,3,0.0,3,35930,joao monlevade,MG
9558aa23f77a9e0a0eca83540999f43b,2,2,125.7,62.85,2,29.88,14.94,1,3.0,2,0.0,1,86801,apucarana,PR
955fee9216a65b617aa5c0531780ce60,1287,1499,135171.7,90.17458305537025,104,25430.98,16.965296864576384,23,4.165615141955836,1268,0.07827476038338659,1252,04782,sao paulo,SP
9591fc341b1bfb7ef561e2968ec6e011,1,1,79.9,79.9,1,14.31,14.31,1,1.0,1,,0,04456,sao paulo,SP
9596c870880d900012f2e8e6e30d06d7,22,24,8606.25,358.59375,11,2009.08,83.71166666666666,4,4.136363636363637,22,0.047619047619047616,21,37074,varginha,MG
9599519be538b98748162a2b48248960,1,3,570.0,190.0,1,60.06,20.02,1,1.0,1,0.0,1,05008,sao paulo,SP
95b293867b5862941c9cd74f756a3c68,9,9,648.1,72.01111111111112,5,98.12,10.902222222222223,2,3.5555555555555554,9,0.4444444444444444,9,08223,sao paulo,SP
95cca791657aabeff15a07eb152d7841,1,1,9.99,9.99,1,18.23,18.23,1,5.0,1,0.0,1,85950,palotina,PR
95e03ca3d4146e4011985981aeb959b9,175,193,11009.960000000001,57.046424870466325,55,3233.54,16.754093264248706,13,4.056213017751479,169,0.03571428571428571,168,21210,rio de janeiro,RJ
95ec4458365c4d11f452ccf538377619,27,31,1866.76,60.21806451612903,15,436.67,14.086129032258064,4,4.739130434782608,23,0.041666666666666664,24,13481,limeira,SP
95f83f51203c626648c875dd41874c7f,52,67,3217.46,48.02179104477612,11,1609.05,24.015671641791045,2,3.6739130434782608,46,0.045454545454545456,44,37564,borda da mata,MG
960945e1a9535cbc0cd6ddd35fbe7ae8,28,29,3381.73,116.61137931034483,7,479.8,16.544827586206896,3,4.62962962962963,27,0.0,27,08290,sao paulo,SP
9616352088dcf83a7c06637f4ebf1c80,92,98,5703.0,58.19387755102041,5,1787.57,18.24051020408163,1,4.304347826086956,92,0.0,91,87504,umuarama,PR
961dff0a659b4561334372337dd897d9,4,4,9946.0,2486.5,3,136.56,34.14,1,3.75,4,0.6666666666666666,3,21510,rio de janeiro,RJ
9646c3513289980f17226a2fc4720dbd,71,78,3039.2999999999997,38.965384615384615,24,1208.02,15.487435897435898,4,4.352112676056338,71,0.028985507246376812,69,12215,sao jose dos campos,SP
96493fab2fbb13a14d0c0e8772eef5c3,63,64,18969.0,296.390625,54,1212.23,18.94109375,1,4.064516129032258,62,0.06349206349206349,63,05537,sao paulo,SP
964ff64dc05b13811c6d0f41e0aa5f6b,1,1,180.0,180.0,1,24.06,24.06,1,5.0,1,0.0,1,04154,sao paulo,SP
966cb4760537b1404caedd472cc610a5,75,75,51286.05,683.8140000000001,17,1649.82,21.9976,1,3.835616438356164,73,0.030303030303030304,66,09920,diadema,SP
9674754b5a0cb32b638cec001178f799,86,97,5069.92,52.267216494845364,41,1214.91,12.524845360824743,5,4.070588235294117,85,0.03614457831325301,83,04438,sao paulo,SP
96804ea39d96eb908e7c3afdb671bb9e,38,40,3610.7000000000003,90.26750000000001,5,755.06,18.8765,5,4.135135135135135,37,0.027777777777777776,36,38950,ibia,MG
968268a686aa05d1f529fb07dff08130,12,12,4677.29,389.77416666666664,4,203.55,16.962500000000002,2,3.5,12,0.0,12,01530,sao paulo,SP
968ee78631915a63fef426d6733d7422,2,2,450.0,225.0,1,71.67,35.835,1,3.0,2,0.0,2,99700,erechim,RS
96e5dc09087bad639b4ee193104ec2e5,2,2,101.9,50.95,2,52.54,26.27,2,4.5,2,0.0,2,28660,bom jardim,RJ
96f7c797de9ca20efbe14545bed63eec,1,3,138.60000000000002,46.20000000000001,1,38.37,12.79,1,1.0,1,0.0,1,14140,cravinhos,SP
972d0f9cf61b499a4812cf0bfa3ad3c4,83,88,8089.29,91.92375,15,2151.3,24.44659090909091,1,3.0821917808219177,73,0.12,75,88359,brusque,SC
973f21788dfab357250f69a8dcb7ddee,10,21,909.0,43.285714285714285,10,536.65,25.554761904761904,1,2.111111111111111,9,0.625,8,35530,claudio,MG
974cf2cb8f4b7add98709c30df02fe10,33,33,2982.67,90.3839393939394,11,577.01,17.485151515151514,2,4.0606060606060606,33,0.03333333333333333,30,14802,araraquara,SP
97512d3fc193b2d1dfcdba0f9d1f0f8a,12,13,1458.8700000000001,112.22076923076924,6,341.55,26.273076923076925,1,4.25,12,0.08333333333333333,12,08270,sao paulo,SP
977f9f63dd360c2a32ece2f93ad6d306,24,25,2858.8700000000003,114.35480000000001,19,934.98,37.3992,1,4.055555555555555,18,0.17647058823529413,17,14910,tabatinga,SP
979e9f8b5b39dd243a2550c8b05aecf0,3,4,525.0,131.25,2,46.88,11.72,1,5.0,3,0.0,3,04160,sao paulo,SP
97e4a63591ca439a2b8b7efd20e6e19e,5,5,349.95,69.99,2,78.55,15.709999999999999,1,4.4,5,0.0,5,20520,rio de janeiro,RJ
97e50a621f8e801f4baf69e08687c192,1,1,89.9,89.9,1,7.88,7.88,1,5.0,1,0.0,1,04209,sao paulo,SP
97e995629983723d11830a829bc2b246,5,5,499.5,99.9,5,99.37,19.874000000000002,2,4.8,5,0.0,5,12604,lorena,SP
9803a40e82e45418ab7fb84091af5231,11,18,4278.75,237.70833333333334,13,512.63,28.479444444444443,7,3.727272727272727,11,0.0,11,75901,rio verde,GO
980640c45d7a4635885491d077167e4d,14,14,1004.29,71.735,12,242.37,17.312142857142856,3,4.642857142857143,14,0.07142857142857142,14,13501,rio claro,SP
98115075dd26cb8835946fc6086f5d30,4,4,434.96000000000004,108.74000000000001,3,56.24,14.06,1,4.75,4,0.0,4,09687,ao bernardo do campo,SP
984c273121e743dd14767befe6cb17f5,1,1,259.6,259.6,1,21.31,21.31,1,1.0,1,1.0,1,13474,americana,SP
9853a239ab7b7ebbdc3a21248d5b8e1f,5,5,381.0,76.2,5,90.00999999999999,18.002,1,3.8,5,0.25,4,83602,campo largo,PR
985c92cc412091f8529c12d7f23d3fef,12,12,1368.5,114.04166666666667,9,238.13,19.844166666666666,1,4.75,12,0.08333333333333333,12,36300,sao joao del rei,MG
989becdce12ebc39863c2bceab6f3ca1,18,18,7840.88,435.6044444444444,8,1052.45,58.46944444444445,3,4.555555555555555,18,0.13333333333333333,15,81730,curitiba,PR
98dac6635aee4995d501a3972e047414,91,195,4235.85,21.722307692307695,62,2439.52,12.510358974358974,1,4.144578313253012,83,0.0975609756097561,82,02030,sao paulo,SP
98dddbc4601dd4443ca174359b237166,2,2,158.0,79.0,1,53.67,26.835,1,5.0,2,0.0,2,87111,sarandi,PR
98e164d549402270247f3c96a1a158ef,2,2,162.7,81.35,2,24.72,12.36,1,2.5,2,0.0,2,05083,sao paulo,SP
98f52e1020fe788c10c0418de4393fec,1,1,21.6,21.6,1,15.1,15.1,1,4.0,1,0.0,1,27963,macae,RJ
99002261c568a84cce14d43fcffb43ea,36,36,4088.0,113.55555555555556,19,1100.33,30.56472222222222,2,3.6857142857142855,35,0.08571428571428572,35,78095,cuiaba,MT
9906e7aa42a3c067b7c9a564d01c4320,12,16,2619.0,163.6875,2,496.59999999999997,31.037499999999998,1,4.545454545454546,11,0.18181818181818182,11,87065,maringa,PR
994f04b3718c2bab35c2adfa8afecd2a,49,57,3445.7,60.45087719298245,26,775.51,13.605438596491227,3,4.3125,48,0.08695652173913043,46,13912,jaguariuna,SP
9996ae921c50e8dff411ac69c0b4bb8b,2,3,29.700000000000003,9.9,3,43.67,14.556666666666667,1,3.0,1,0.0,1,17605,tupa,SP
999f6d9a1c7c81f43be44c6b7d076210,2,2,28.0,14.0,1,22.83,11.415,1,4.5,2,0.0,2,05269,sao paulo,SP
99a25c39b28a74d1151c35c18d178292,1,6,173.94,28.99,1,44.76,7.46,1,5.0,1,0.0,1,02236,sao paulo,SP
99a54764c341d5dc80b4a8fac4eba3fb,45,67,3708.7599999999998,55.35462686567164,31,1317.5,19.66417910447761,5,3.6341463414634148,41,0.21951219512195122,41,03273,sao paulo,SP
99cd94252748d2bdde08e17858233602,2,2,159.8,79.9,1,21.520000000000003,10.760000000000002,1,4.5,2,0.0,2,12401,sao paulo,SP
99eaacc9e6046db1c82b163c5f84869f,66,70,13139.17,187.70242857142858,19,1135.35,16.219285714285714,3,3.878787878787879,66,0.1111111111111111,63,14400,franca,SP
9a03a4e9eb0b947652fae4f6121a3f5e,7,7,1497.0,213.85714285714286,4,185.22,26.46,2,4.333333333333333,6,0.16666666666666666,6,15805,catanduva,SP
9a1aea68d3efa00862ec88c0768037d0,7,8,1309.2,163.65,3,192.51,24.06375,2,4.428571428571429,7,0.0,7,15806,catanduva,SP
9a208dee8f95cfdf00760c4d627828ec,1,1,269.9,269.9,1,26.09,26.09,1,1.0,1,,0,26125,belford roxo,RJ
9a84ba99f5367fdbd4598363496f1ea2,16,16,2284.98,142.81125,3,435.95,27.246875,1,3.625,16,0.0,15,72801,luziania,GO
9aa388272ee334b6ae07bc73706e254a,6,7,678.0,96.85714285714286,2,183.46,26.208571428571428,1,5.0,4,0.0,4,36886,muriae,MG
9ac4f14370b1e24ddc58be041b7f99df,5,5,314.51,62.902,5,122.14,24.428,3,4.4,5,0.0,5,76330,jaragua,GO
9ac75591b69c3402684b6ce0310f22ee,1,1,60.5,60.5,1,9.17,9.17,1,5.0,1,1.0,1,02880,sao paulo,SP
9add47bf45ce8e8c7db6b9cf670b1e09,43,45,4829.24,107.31644444444444,12,1158.04,25.734222222222222,6,4.146341463414634,41,0.025,40,83830,fazenda rio grande,PR
9b00cad94ef3078faf6fba2e792c158f,1,1,354.9,354.9,1,18.92,18.92,1,5.0,1,0.0,1,39442,janauba,MG
9b00ed88b7fdb95d6ff76e27c1b52d16,47,51,1627.88,31.919215686274512,19,575.48,11.283921568627452,2,4.456521739130435,46,0.06666666666666667,45,08215,sao paulo,SP
9b013e03b2ab786505a1d3b5c0756754,174,225,9027.4,40.12177777777777,57,2604.21,11.574266666666666,6,4.188235294117647,170,0.059880239520958084,167,11450,vicente de carvalho,SP
9b1050e85becf3ae99c1cf4934c9bc5d,2,2,85.14,42.57,1,30.2,15.1,1,2.5,2,,0,39400,montes claros,MG
9b1585752613ec342d03bbab9997ec48,3,3,4248.98,1416.3266666666666,3,100.06,33.35333333333333,2,3.6666666666666665,3,0.0,3,22745,rio de janeiro,RJ
9b1ab052f5fca308ba743ac789ebb2e1,2,2,294.09000000000003,147.04500000000002,2,31.99,15.995,2,4.0,2,0.0,2,85200,pitanga,PR
9b1f656ca3060f8af17a50d8a024b533,2,2,41.0,20.5,2,47.68,23.84,2,5.0,1,1.0,1,11013,santos,SP
9b522ba7eae9e1d04082f267144583cc,4,6,1507.6,251.26666666666665,3,148.05,24.675,2,4.25,4,0.3333333333333333,3,04843,sao paulo,SP
9b76ad3d04236f76bc71c59470305e13,2,3,394.70000000000005,131.5666666666667,2,61.93,20.643333333333334,1,5.0,2,0.0,2,18550,boituva,SP
9bade61a92bed55a25d2b67b9f4ed739,2,3,117.68,39.22666666666667,1,57.12,19.04,1,3.0,2,0.0,2,83005,sao jose dos pinhais,PR
9baf5cb77970f539089d09a38bcec5c3,32,33,6129.67,185.74757575757576,25,543.73,16.476666666666667,7,4.3125,32,0.0,31,13330,indaiatuba,SP
9bc484c87d79cd4874e05ca182658045,9,9,1120.0,124.44444444444444,9,149.87,16.65222222222222,4,4.0,9,0.25,8,02422,sao paulo,SP
9bcdfa7b615b3abb9461d9e3ad9886ae,14,20,2126.07,106.30350000000001,10,397.72,19.886000000000003,1,4.428571428571429,14,0.07142857142857142,14,89053,blumenau,SC
9bf11dfc0bec77e5a23028043c3c5a8f,1,1,115.0,115.0,1,17.06,17.06,1,1.0,1,1.0,1,32140,contagem,MG
9c068d10aca38e85c50202e17b4a7e88,17,17,2658.9,156.40588235294118,13,449.93,26.466470588235296,1,4.3076923076923075,13,0.21428571428571427,14,79400,coxim,MS
9c0e69c7bf2619675bbadf47b43f655a,157,206,33702.78,163.6057281553398,69,2900.18,14.078543689320387,3,4.173758865248227,141,0.11678832116788321,137,12230,sao jose dos campos,SP
9c1c0c36cd23c20897e473901a8fb149,6,7,544.97,77.85285714285715,3,172.07,24.58142857142857,1,5.0,6,0.0,6,11702,praia grande,SP
9c351405b754cc5ce3e2ecf277bb034a,1,1,45.0,45.0,1,14.11,14.11,1,1.0,1,,0,03134,sao paulo,SP
9c3a1c416c765687bc79a04113269929,1,1,74.9,74.9,1,58.9,58.9,1,1.0,1,0.0,1,35547,carmo da mata,MG
9c3c24eca51c52b91c1de727d2a2ae06,6,6,307.5,51.25,3,113.66,18.94333333333333,2,4.4,5,0.0,5,95020,caxias do sul,RS
9c4d31c7e46ab03a43fc06e3142afd4e,2,2,1218.9,609.45,2,43.82000000000001,21.910000000000004,1,4.5,2,0.0,2,20785,rio de janeiro,RJ
9c54608f0996c32ae4743089d915f845,3,3,194.8,64.93333333333334,3,109.92,36.64,1,4.0,3,0.0,3,87900,loanda,PR
9c57bc60cfad5ee62d35d3f1ce4593a1,1,1,180.0,180.0,1,15.43,15.43,1,1.0,1,1.0,1,81200,curitiba,PR
9c690ceacd5c66731bf443ea810195cb,10,12,871.8,72.64999999999999,2,249.22,20.768333333333334,2,4.3,10,0.0,10,37650,camanducaia,MG
9c7fd21e0aa159b20da593371f08ff7c,7,8,798.3,99.7875,5,123.5,15.4375,4,3.5,6,0.16666666666666666,6,06180,osasco,SP
9cad4b68bb993ee401a3c5aaa2bc26dd,5,7,649.3000000000001,92.75714285714287,4,114.03,16.29,1,2.0,3,0.3333333333333333,3,16200,birigui,SP
9cea4682e16655f7da87f406902e989e,4,9,87.75999999999999,9.75111111111111,2,131.47,14.607777777777777,1,4.0,4,0.0,4,83707,araucaria,PR
9cf787a239c1aa29dbd76f153dc13f9a,4,4,316.0,79.0,2,52.400000000000006,13.100000000000001,1,4.75,4,0.0,4,14403,franca,SP
9d213f303afae4983637247556438ede,2,3,47.7,15.9,2,73.11,24.37,1,,0,,0,14940,ibitinga,SP
9d39404483343dd55c7ae254494d8388,10,10,293.2,29.32,4,141.07999999999998,14.107999999999999,1,3.5,10,0.1,10,01044,sao paulo,SP
9d489893ff6af05029671b785f54b998,5,6,298.7,49.78333333333333,5,102.53999999999999,17.09,2,4.75,4,0.25,4,13613,leme,SP
9d4db00d65d7760644ac0c14edb5fd86,98,100,9979.7,99.79700000000001,41,1533.11,15.3311,7,4.515463917525773,97,0.041237113402061855,97,18025,sorocaba,SP
9d5604a1f112324ad6b2aa552122e0fb,13,17,421.5,24.794117647058822,3,340.48,20.02823529411765,1,3.5384615384615383,13,0.0,13,88075,florianopolis,SP
9d5a9018aee56acb367ba9c3f05d1d6a,67,79,10292.310000000001,130.28240506329115,22,1689.9,21.39113924050633,5,4.454545454545454,66,0.015384615384615385,65,74930,aparecida de goiania,GO
9d681c7e12db302cb261e721040dde65,13,14,785.6,56.114285714285714,8,273.08,19.505714285714284,1,4.923076923076923,13,0.0,13,80330,curitiba,PR
9d69ba0a7a626a64dc5db08e529559cf,1,1,19.3,19.3,1,18.24,18.24,1,5.0,1,0.0,1,14075,ribeirao preto,SP
9d7a1d34a5052409006425275ba1c2b4,13,16,1054.82,65.92625,12,277.05,17.315625,4,4.384615384615385,13,0.07692307692307693,13,14403,franca,SP
9da15f4a4ea758d9eeb49000dbe57e22,1,1,196.9,196.9,1,37.71,37.71,1,2.0,1,1.0,1,06290,osasco,SP
9da1ca0bef29ee170e541927a5aeabdc,6,6,1484.3999999999999,247.39999999999998,2,127.63,21.271666666666665,2,3.0,6,0.3333333333333333,6,15500,votuporanga,SP
9dc79dd988ac42f4d56c340d7048420a,4,4,749.6,187.4,3,94.33,23.5825,1,4.75,4,0.0,4,03569,sao paulo,SP
9dd459b29a14bf89d47183cf2cd0e4c7,2,2,180.0,90.0,2,18.82,9.41,1,5.0,2,0.5,2,04716,sao paulo,SP
9dd59e43f0c9f0553244e8f9c2fb247e,10,10,356.3,35.63,8,151.82,15.181999999999999,1,4.8,10,0.1,10,85851,foz do iguacu,PR
9dda5bbacd45e18d6485fee649205d09,19,22,1912.6000000000001,86.93636363636364,18,506.73,23.03318181818182,2,4.352941176470588,17,0.11764705882352941,17,37540,santa rita do sapucai,MG
9de4643a8dbde634fe55621059d92273,72,81,17560.34,216.79432098765432,5,1722.07,21.260123456790122,2,4.563380281690141,71,0.04225352112676056,71,89225,joinville,SC
9df5750209b83567ec144eb299d7d634,11,11,4917.0,447.0,8,259.3,23.572727272727274,3,4.0,11,0.09090909090909091,11,93032,sao leopoldo,RS
9e17b9d64683aebcbb9ee362d06463b4,2,3,98.69999999999999,32.9,2,37.97,12.656666666666666,2,1.0,2,,0,14020,ribeirao preto,SP
9e25199f6ef7e7c347120ff175652c3b,1,1,12.5,12.5,1,14.52,14.52,1,4.0,1,0.0,1,12051,taubate,SP
9e6229250fedbe05838fef417b74e7fb,74,78,13132.2,168.36153846153846,25,1854.45,23.775000000000002,3,4.014705882352941,68,0.04477611940298507,67,16800,mirandopolis,SP
9e6967d3cf386d284251784b18ccb485,9,11,517.67,47.060909090909085,3,137.23,12.475454545454545,2,3.888888888888889,9,0.1111111111111111,9,09550,sao caetano do sul,SP
9e7c5f4d7770eab65738cca38f9efccf,2,2,184.8,92.4,2,38.08,19.04,1,3.5,2,0.0,2,02562,sao paulo,SP
9e94fa26a70ede4d26226e918e8706a2,1,1,62.8,62.8,1,9.94,9.94,1,5.0,1,0.0,1,13570,sao carlos,SP
9e9b539eb2806acee3f5c28085c1db9f,3,3,967.0,322.3333333333333,3,72.47,24.156666666666666,2,3.6666666666666665,3,0.3333333333333333,3,32315,contagem,MG
9ed65337433adfbedefd23dd76eaa494,6,6,1262.6,210.4333333333333,3,81.05,13.508333333333333,1,4.833333333333333,6,0.0,6,05462,sao paulo,SP
9ef932e837d8b7f392c0bfee9d359dc2,1,1,59.9,59.9,1,19.66,19.66,0,3.0,1,1.0,1,14940,ibitinga,SP
9f50216bfd01913736a55a11b55ea842,17,19,1354.0,71.26315789473684,14,317.1,16.689473684210526,8,4.4375,16,0.1875,16,12020,taubate,SP
9f505651f4a6abe901a56cdc21508025,397,430,26361.82,61.306558139534886,77,6030.04,14.023348837209301,7,4.3554987212276215,391,0.05128205128205128,390,04102,sao paulo,SP
9f56a7a649097b166d8ed286ad86a15c,2,2,27.98,13.99,2,23.04,11.52,1,1.0,2,,0,21041,rio de janeiro,RJ
9fbd5666d8618fa571c4230fafa09bd6,1,1,79.9,79.9,1,16.81,16.81,1,5.0,1,0.0,1,04360,sao paulo,SP
9fc70243fb26800cba56e8f014797004,6,7,466.6,66.65714285714286,2,104.7,14.957142857142857,2,4.5,6,0.0,6,30270,belo horizonte,MG
9fe7c6641c79970ab48185498f547c09,1,1,130.0,130.0,1,34.71,34.71,1,5.0,1,0.0,1,03147,sao paulo,SP
a00824eb9093d40e589b940ec45c4eb0,3,3,9399.97,3133.3233333333333,1,379.49,126.49666666666667,1,4.666666666666667,3,0.0,3,18590,bofete,SP
a0415d9b25ede3c4b1e477e9916ffc03,10,10,4044.1,404.40999999999997,8,203.88,20.387999999999998,2,3.9,10,0.0,9,26255,nova iguacu,RJ
a066df7361163e7ddc5d7452dd17448b,15,17,1078.3,63.42941176470588,6,266.32,15.665882352941177,1,4.4,15,0.2,15,14401,franca,SP
a06c8ff043abea0528ee44171e2140a2,8,8,514.5,64.3125,6,92.42999999999999,11.553749999999999,3,4.75,8,0.0,8,35501,divinopolis,MG
a080fc8a850289b27500f6b49cca2553,4,4,383.0,95.75,4,52.57,13.1425,2,4.75,4,0.0,4,03382,sao paulo,SP
a08692680c77d30a0b4280da5df01c5a,6,17,2433.0,143.11764705882354,4,227.91000000000003,13.406470588235296,1,5.0,6,0.0,6,04719,sao paulo,SP
a09a13f18ed27932d08438aa6f12756e,1,1,29.9,29.9,1,16.11,16.11,1,3.0,1,0.0,1,93800,sapiranga,RS
a0a14e50070f3225b3eabba5b85da517,4,4,176.2,44.05,1,72.44,18.11,1,4.5,4,0.0,4,81900,curitiba,PR
a0d7fbb07bb5ebc3b05980e750db56f3,3,4,848.99,212.2475,4,236.19,59.0475,1,3.0,2,0.0,2,08500,ferraz de vasconcelos,SP
a0e19590a0923cdd0614ea9427713ced,2,7,258.3,36.9,1,139.12,19.874285714285715,1,1.0,2,,0,83075,sao jose dos pinhais,PR
a1040efe9ff4a6f93c28b0499eada8f5,1,1,1658.83,1658.83,1,34.48,34.48,1,5.0,1,0.0,1,13210,jundiai,SP
a1043bafd471dff536d0c462352beb48,718,770,101901.16,132.33916883116885,6,31844.09,41.35596103896104,3,4.239038189533239,707,0.05763688760806916,694,37175,ilicinea,MG
a11a0e0ca67423425691db355cff69b0,2,2,448.9,224.45,2,28.080000000000002,14.040000000000001,1,5.0,2,0.5,2,13330,indaiatuba,SP
a13580f0e8f782b7a543885a0ef99f08,10,10,1304.9,130.49,5,258.78,25.877999999999997,2,4.4,10,0.2,10,22790,rio de janeiro,RJ
a13aaf2d2886ab9fb30fb9a920160b8f,4,4,1011.52,252.88,1,74.31,18.5775,1,4.5,4,0.25,4,89207,joinville,SC
a1474fd46fd3430168f7ec202da39408,12,14,2752.5,196.60714285714286,8,661.02,47.215714285714284,3,4.333333333333333,12,0.16666666666666666,12,83321,pinhais,SP
a150c540f572d0fb53992264bc5c10b5,1,1,119.9,119.9,1,15.59,15.59,1,4.0,1,0.0,1,18035,sorocaba,SP
a1544b9ea0b2390e020537d4daa89049,8,8,841.2,105.15,4,107.33,13.41625,1,3.875,8,0.0,8,13211,jundiai,SP
a154d7316f158bb42e6fa18bbe3afd3a,2,2,139.8,69.9,1,50.33,25.165,0,3.0,2,0.5,2,03804,sao paulo,SP
a17f621c590ea0fab3d5d883e1630ec6,65,80,2778.58,34.73225,34,1122.96,14.037,2,4.137931034482759,58,0.08620689655172414,58,18055,sorocaba,SP
a1bea7061f61f6fdd9a85a6325ba1033,9,9,810.95,90.10555555555555,8,99.93,11.103333333333333,8,4.444444444444445,9,0.1111111111111111,9,06311,carapicuiba / sao paulo,SP
a1bea9970d8f65b240555f99c2214f7f,1,1,75.0,75.0,1,27.48,27.48,1,3.0,1,0.0,1,83323,pinhais,PR
a1ed30492b3b798bc121845bc4aa7366,1,2,41.8,20.9,1,23.7,11.85,1,3.0,1,,0,04708,sao paulo,SP
a20d8058c866dbaeca014d2cd20ac62e,2,2,1194.0,597.0,1,44.9,22.45,1,5.0,2,0.5,2,12209,sao jose dos campos,SP
a213f1bd6458f4a158f3746cb2514559,1,1,41.52,41.52,1,14.43,14.43,1,5.0,1,0.0,1,87043,maringa,PR
a218df5c097b0ca409cfaac1488cc7f6,4,4,130.69,32.6725,4,110.00999999999999,27.502499999999998,3,2.3333333333333335,3,0.0,3,14806,araraquara,SP
a21c11ec5c3f03e7cc9f9203bff9e1c6,3,4,385.0,96.25,2,90.88,22.72,2,3.6666666666666665,3,0.0,3,06513,santana de parnaiba,SP
a23266650e7c84bb93fbbba502137478,11,16,1512.4,94.525,8,279.04,17.44,5,3.8181818181818183,11,0.0,11,90220,porto alegre,RS
a247197e2e9c19a6a53a6888cb8b660f,2,2,798.0,399.0,1,143.07,71.535,1,1.0,2,,0,15056,sao jose do rio preto,SP
a254c682cc01e119f83530446f1df9a9,6,7,569.4,81.34285714285714,3,240.02,34.28857142857143,1,4.0,6,0.16666666666666666,6,16500,cafelandia,SP
a2a41aedb70551d4a85aa04dc2fced48,2,2,52.79,26.395,1,26.94,13.47,1,4.0,2,0.0,2,04447,sao paulo,SP
a2b5b6105ea5942300631d2e76f4ffe0,16,16,3286.6899999999996,205.41812499999997,6,722.65,45.165625,2,4.75,16,0.125,16,06283,osasco,SP
a2b911e9ad40dc7d61c142a4683e2d85,1,1,85.9,85.9,1,34.4,34.4,1,5.0,1,0.0,1,27353,barra mansa,RJ
a2deecd5398f5df4987110c80a1972a3,16,16,827.4300000000001,51.714375000000004,7,292.1,18.25625,2,3.65625,16,0.0,13,05043,sao paulo,SP
a2e85714b56b1cb6bb24a9a6e6cad36f,2,3,339.70000000000005,113.23333333333335,3,40.74,13.58,1,1.0,2,,0,14530,miguelopolis,SP
a2e874074c877c5a05abae80ad6e488f,44,46,8071.9800000000005,175.47782608695653,21,1202.82,26.148260869565217,5,3.9545454545454546,44,0.05,40,15070,sao jose do rio preto,SP
a2fa0bdc798ee84cdb08281337cf4fb6,10,13,392.75,30.21153846153846,7,218.27,16.79,1,4.0,10,0.0,8,88063,florianopolis,SC
a3082f442524a1be452e3189e003b361,3,4,301.6,75.4,3,97.65,24.4125,1,4.333333333333333,3,0.0,3,81560,curitiba,SP
a35124e2d763d7ca3fbe3b97d143200f,4,7,411.5,58.785714285714285,2,78.89,11.27,1,4.75,4,0.0,4,04041,sao paulo,SP
a353b1083c9863d756d9404695016d64,1,1,120.0,120.0,1,17.09,17.09,1,5.0,1,0.0,1,29150,cariacica,ES
a35ef466c6fd6d052f5d241240d3c5e2,3,3,569.9,189.96666666666667,3,79.65,26.55,1,4.666666666666667,3,0.0,3,93347,novo hamburgo,RS
a369d693961cb93b61ca2cc518872a85,11,18,2597.0,144.27777777777777,7,616.79,34.26611111111111,2,4.2,10,0.0,10,15081,sao jose do rio preto,SP
a36ac007a4d18f865c8d32c3b2402c2d,9,9,1359.7800000000002,151.0866666666667,3,177.19,19.68777777777778,2,2.5555555555555554,9,0.0,8,06455,barueri,SP
a36b125ac6d5fdbc7f50de85c9157bdc,24,26,1843.64,70.90923076923077,10,388.99,14.961153846153847,3,3.9583333333333335,24,0.13043478260869565,23,14020,ribeirao preto,SP
a37c340b91cb0169e8b029db6440fba2,5,5,345.0,69.0,1,94.95,18.990000000000002,0,4.8,5,0.0,5,04424,sao paulo,SP
a3a38f4affed601eb87a97788c949667,254,263,26533.32,100.88714828897338,115,5241.95,19.931368821292775,12,4.4227642276422765,246,0.04878048780487805,246,89204,joinville,SC
a3b0df0065e264a91b7bbf5f844af5cd,2,2,186.69,93.345,2,32.06,16.03,1,5.0,2,0.0,2,09721,sao bernardo do capo,SP
a3b42d266fa8afc874b909422ce88582,1,6,839.4000000000001,139.9,1,81.84,13.64,1,5.0,1,0.0,1,14620,orlandia,SP
a3dd39f583bc80bd8c5901c95878921e,34,37,4607.81,124.53540540540541,3,804.35,21.73918918918919,1,4.588235294117647,34,0.029411764705882353,34,41342,salvador,BA
a3e9a2c700480d9bb01fba070ba80a0e,130,144,13440.8,93.33888888888889,72,2883.09,20.021458333333335,2,4.063559322033898,118,0.1016949152542373,118,14940,ibitinga,SP
a3f0b55de503387383c7b1de3ad7f678,24,26,4348.400000000001,167.24615384615387,13,1229.34,47.28230769230769,2,4.391304347826087,23,0.043478260869565216,23,82400,curitiba,PR
a3fa18b3f688ec0fca3eb8bfcbd2d5b3,1,2,47.8,23.9,1,36.46,18.23,1,5.0,1,0.0,1,04557,são paulo,SP
a414555ce331b8c8aea4a9cb8395194d,7,8,1450.95,181.36875,4,242.64,30.33,3,3.3333333333333335,6,0.0,7,03638,sao paulo,SP
a416b6a846a11724393025641d4edd5e,162,181,25670.72,141.827182320442,113,2999.8,16.573480662983428,2,4.154320987654321,162,0.12738853503184713,157,03702,sao paulo,SP
a420f60ff1aa9acc80d0e42959f2b313,67,69,7443.3,107.87391304347827,23,1099.97,15.941594202898552,9,4.0,64,0.09090909090909091,66,05138,sao paulo,SP
a425f92c199eb576938df686728acd20,17,19,1165.8,61.357894736842105,18,308.95,16.260526315789473,5,4.294117647058823,17,0.0,16,81050,curitiba,PR
a435b009cd956ea60748b5cfbddf2e24,3,3,361.18,120.39333333333333,2,45.209999999999994,15.069999999999999,2,4.333333333333333,3,0.6666666666666666,3,14406,franca,SP
a44fb5a447105f8469bdf16bf9159f25,19,19,3706.1,195.0578947368421,11,586.61,30.87421052631579,1,4.052631578947368,19,0.2631578947368421,19,91920,porto alegre,RS
a45314082d50d578a4721c9787ce09ab,2,2,424.9,212.45,2,29.020000000000003,14.510000000000002,2,5.0,2,0.0,2,15130,mirassol,SP
a45765f8afb1e594b22bf9e974b46765,1,1,79.99,79.99,1,8.93,8.93,1,4.0,1,0.0,1,02411,sao paulo,SP
a478c7961d6a992065b24e63b366f90b,8,9,1281.5,142.38888888888889,5,170.06,18.895555555555557,2,4.875,8,0.0,8,89036,blumenau,SC
a49928bcdf77c55c6d6e05e09a9b4ca5,98,106,8816.7,83.17641509433963,3,1757.55,16.58066037735849,3,3.0631578947368423,95,0.26881720430107525,93,03017,sao paulo,SP
a4b6b9b992b46e9ef863637af96e04bc,7,14,7147.0,510.5,6,305.36,21.81142857142857,3,3.2857142857142856,7,0.16666666666666666,6,88090,florianopolis,SC
a4b8d97cd5d3674eeff96abc99d8ed67,1,1,214.08,214.08,1,19.3,19.3,1,1.0,1,0.0,1,13177,sumare,SP
a4bd6e9adf39b63f43dc545d3ca1f53d,4,5,1848.59,369.71799999999996,4,112.38000000000001,22.476000000000003,2,4.5,4,0.0,4,21020,rio de janeiro,RJ
a4e634166243bbb3a13fa584463fa468,2,2,155.55,77.775,2,45.629999999999995,22.814999999999998,2,2.0,2,,0,06286,osasco,SP
a4fc6eadaff1576af888509a53420f6a,1,1,100.86,100.86,1,20.76,20.76,1,3.0,1,0.0,1,09561,sao caetano do sul,SP
a513150f33f99a06569e9cd5c4bb889b,2,2,677.0,338.5,2,34.25,17.125,2,4.5,2,0.0,2,01545,sao paulo,SP
a5259c149128e82c9d6d46e0c1c812bb,8,8,1182.26,147.7825,7,438.87,54.85875,1,3.875,8,0.0,8,76900,ji parana,RO
a53f60f05f822b5c621a50ff6a5cb362,4,6,415.40000000000003,69.23333333333333,4,129.13,21.521666666666665,2,3.6666666666666665,3,0.0,4,38402,uberlandia,MG
a56a8043ebf66e42119618fb8cf232c6,1,1,83.0,83.0,1,23.73,23.73,1,5.0,1,0.0,1,89219,joinville,SC
a56e351445e5863fc8960640ba9190c7,3,4,760.9200000000001,190.23000000000002,2,65.06,16.265,2,4.333333333333333,3,0.3333333333333333,3,88306,itajai,SC
a5a1bfcf728ab0e19182959cf0771ee4,21,24,1812.96,75.54,6,347.89,14.495416666666666,3,4.315789473684211,19,0.10526315789473684,19,13960,socorro,SP
a5bff0f43eb51f0cad7c37fac7244c8a,4,5,445.0,89.0,2,96.27000000000001,19.254,1,4.75,4,0.0,4,04827,sao paulo,SP
a5cba26a62b8b4d0145b68b841e62e7f,54,55,14737.84,267.9607272727273,18,1382.82,25.142181818181818,3,4.518518518518518,54,0.018867924528301886,53,87303,campo mourao,PR
a5dd1946fb63ada8bcaa0c9cd8f11e22,6,7,219.62,31.374285714285715,6,206.71,29.53,2,3.8333333333333335,6,0.0,6,55002,caruaru,PE
a5ff20ff766e7f50bd5066f33da14413,2,4,66.59,16.6475,3,43.58,10.895,2,5.0,1,0.0,1,05522,sao paulo,SP
a61cc04793308395a840807104365121,1,1,14.63,14.63,1,23.74,23.74,1,5.0,1,0.0,1,13240,jarinu,SP
a63bfbaa882c8f4542891b4e2246cc7f,7,7,6772.0,967.4285714285714,5,264.19,37.74142857142857,1,4.428571428571429,7,0.16666666666666666,6,24355,niteroi,RJ
a64e44665225d19dfc0277eeeaaccc57,6,6,335.0,55.833333333333336,3,91.76,15.293333333333335,1,5.0,5,0.2,5,19400,sao paulo,SP
a663d9c3797e90eac99ff60939416a56,1,1,235.0,235.0,1,14.08,14.08,1,5.0,1,0.0,1,03951,sao paulo,SP
a673821011d0cec28146ea42f5ab767f,129,146,13863.69,94.95678082191782,53,2626.45,17.989383561643834,7,4.0905172413793105,116,0.1206896551724138,116,03809,sao paulo,SP
a67780aba9dd436e7ac0aa1f889e73ec,6,6,863.0,143.83333333333334,5,178.04000000000002,29.673333333333336,2,3.6666666666666665,6,0.3333333333333333,6,19027,presidente prudente,SP
a69aa24cec11168e7e39a3fbc727e925,3,3,105.97,35.32333333333333,2,34.32,11.44,1,5.0,3,0.0,3,06330,carapicuiba,SP
a6bd7d1ccdac48c6b33b28596b7eb122,16,16,14368.61,898.038125,16,678.02,42.37625,1,3.6923076923076925,13,0.15384615384615385,13,58280,mamanguape,PB
a6fe7de3d16f6149ffe280349a8535a0,51,52,2904.7999999999997,55.86153846153846,12,742.62,14.281153846153845,1,3.98,50,0.16,50,14401,franca,SP
a70e9066dbfd10b6b97a3f54a1356762,2,4,1716.0,429.0,2,311.4,77.85,1,5.0,2,0.0,2,86975,mandaguari,PR
a72c2f59332659e361d647515c698798,5,6,802.9,133.81666666666666,3,131.03,21.838333333333335,2,4.8,5,0.0,5,95270,flores da cunha,RS
a72f15980dc3e9bfd1a49ac9b2f3af65,1,1,89.9,89.9,1,18.73,18.73,1,4.0,1,0.0,1,17512,marilia,SP
a7a9b880c49781da66651ccf4ba9ac38,3,4,307.6,76.9,4,65.47,16.3675,1,3.6666666666666665,3,0.0,3,13530,itirapina,SP
a7b7354cc588f7566a848bcbb1ce3d96,2,2,79.8,39.9,1,25.07,12.535,1,4.0,2,0.0,2,01215,sao paulo,SP
a7c53f6b3b61adbdaa99dda97e8cbd56,1,1,99.0,99.0,1,11.3,11.3,1,4.0,1,0.0,1,14780,barretos,SP
a7c88262832dfc683781d6a421edefae,5,5,1520.0,304.0,5,82.42,16.484,1,4.2,5,0.0,5,08710,mogi das cruzes,SP
a7d0f8dd44f57ef6de7f7f02e3d82630,2,2,73.78999999999999,36.894999999999996,2,25.88,12.94,2,4.5,2,0.0,2,03225,sao paulo,SP
a7dc4098e4da6e41b426269d12ae7e91,2,3,518.0,172.66666666666666,2,36.45,12.15,1,3.0,2,0.0,2,04386,sao paulo,SP
a7ecf689b40a44361e259b28939023e4,1,1,389.0,389.0,1,21.91,21.91,1,5.0,1,0.0,1,29102,vila velha,ES
a7f13822ceb966b076af67121f87b063,75,86,12477.64,145.0888372093023,32,3117.48,36.24976744186046,5,3.3378378378378377,74,0.0684931506849315,73,08577,itaquaquecetuba,SP
a806a4bb063ea7ca6d374eafa50a6058,5,6,294.4,49.06666666666666,5,110.87,18.478333333333335,1,4.0,5,0.0,5,29161,serra,ES
a81466620e46a6970b22ef40379fdfc9,2,2,321.8,160.9,1,32.98,16.49,1,5.0,2,0.0,2,88730,sao ludgero,SC
a8739afb32aaa45e01815ca76f76f54b,13,15,298.83,19.922,8,264.73,17.648666666666667,1,3.769230769230769,13,0.07692307692307693,13,09850,sao bernardo do campo,SP
a888faf2d1baececa6baf9c3d603ee1f,54,55,17765.8,323.01454545454544,19,1121.52,20.391272727272728,1,4.037037037037037,54,0.1509433962264151,53,87502,umuarama,PR
a89e143d5211473ae18db9577ee34b64,2,2,140.0,70.0,2,19.68,9.84,1,3.0,2,0.0,1,13486,limeira,SP
a90a5da8b09e44264a177c0374a5ac87,3,3,74.69999999999999,24.899999999999995,2,72.6,24.2,1,4.333333333333333,3,0.0,3,84010,ponta grossa,PR
a938325a4b357fd23a6a4d5bb126408e,24,25,3231.0,129.24,20,560.81,22.432399999999998,1,3.9565217391304346,23,0.043478260869565216,23,26510,nilopolis,RJ
a9415cf907dfa12f9ed18693244f5329,1,2,210.0,105.0,1,175.42,87.71,1,5.0,1,0.0,1,36320,prados,MG
a99504ac23ed125aaf5302af6cc30af9,1,1,978.0,978.0,1,47.24,47.24,1,5.0,1,0.0,1,14300,batatais,SP
a9ae440659f48b7849df83e82734150b,1,1,285.0,285.0,1,27.02,27.02,1,5.0,1,0.0,1,09015,santo andre,SP
a9b533a26e898b12e8b8d4c07279bf4d,4,4,119.6,29.9,1,71.46,17.865,1,5.0,4,0.0,4,21545,rio de janeiro,RJ
aa17b35ce4de7b565be3249ba838944f,2,2,79.8,39.9,1,34.2,17.1,1,4.5,2,0.0,2,13214,jundiai,SP
aa1eb17b9fdf6dfd546e25c45c7b9235,3,4,117.99,29.4975,2,36.269999999999996,9.067499999999999,1,4.666666666666667,3,0.0,3,04794,sao paulo,SP
aa2640d851ec322526f1295bbeb20092,1,2,159.98,79.99,1,22.36,11.18,1,3.0,1,0.0,1,01156,sao paulo,SP
aa762680c40618316a896838866140ea,3,3,261.0,87.0,1,62.46,20.82,1,3.3333333333333335,3,0.3333333333333333,3,82510,curitiba,PR
aa8af66c623d7d544dfe4bb85b5ebe3b,1,1,99.0,99.0,1,15.57,15.57,1,5.0,1,0.0,1,32672,betim,MG
aac29b1b99776be73c3049939652091d,98,138,6755.91,48.95586956521739,14,2709.61,19.63485507246377,7,4.095744680851064,94,0.09782608695652174,92,38408,uberlandia,MG
aac51c486b672a9850d59f3e84b1cf88,10,13,728.28,56.02153846153846,6,131.29,10.099230769230768,3,4.8,10,0.0,10,02752,sao paulo,SP
aadfe0417e61315688b6bd7043361e25,1,1,289.9,289.9,1,14.28,14.28,1,4.0,1,0.0,1,74340,goiania,GO
aae3bfea055532c57fb453ed3ec80b30,48,50,3057.92,61.1584,5,799.25,15.985,1,3.652173913043478,46,0.0,47,09271,santo andre,SP
aae5953b9edddf14749c0d65d60eb4b9,2,2,173.0,86.5,2,29.9,14.95,1,5.0,2,0.0,2,31035,belo horizonte,MG
aae5e7b457a3c72ee230a47d98fceda5,5,7,604.8,86.39999999999999,2,140.77,20.110000000000003,1,4.2,5,0.0,5,83040,sao jose dos pinhas,PR
aaed1309374718fdd995ee4c58c9dfcd,105,112,9376.95,83.72276785714287,54,2331.07,20.813125000000003,5,4.096153846153846,104,0.02912621359223301,103,89120,timbo,SC
aafe36600ce604f205b86b5084d3d767,129,131,9251.4,70.62137404580153,30,2421.8,18.48702290076336,4,4.4015748031496065,127,0.047244094488188976,127,88115,sao jose,SC
ab27bbbad5239bc31a34709275a70db4,3,11,382.9,34.809090909090905,3,102.15,9.286363636363637,2,5.0,3,0.0,3,18279,tatui,SP
ab3e0c171fe84a7ba7de130f19cfb485,7,10,863.42,86.342,5,172.28,17.228,2,3.5714285714285716,7,0.3333333333333333,6,86690,colorado,PR
ab75b89cc49c9ab3160d0c91565a442a,2,2,37.98,18.99,2,15.85,7.925,1,2.0,1,,0,17604,tupa,SP
ab91571efab27993ff2f6b36e38055c3,3,4,102.24,25.56,1,56.69,14.1725,1,4.666666666666667,3,0.3333333333333333,3,04319,sao paulo,SP
ab9db4cf53b08b828b64dccaafc2d9f0,5,5,277.67,55.534000000000006,4,125.76,25.152,3,4.2,5,0.0,4,96530,paraiso do sul,RS
aba1721a889e04decc910aa13b768ef4,83,92,14103.3,153.2967391304348,76,1249.17,13.577934782608697,4,4.444444444444445,81,0.1111111111111111,81,05729,sao paulo,SP
abbf6046bbdf1028606a5bc7f00c99e7,7,7,2217.15,316.7357142857143,4,175.99,25.141428571428573,1,4.142857142857143,7,0.0,6,89820,xanxere,SC
abc015ebac1d283a323ca9db35ede4b9,12,13,1106.8,85.13846153846154,8,222.85000000000002,17.142307692307693,2,4.416666666666667,12,0.0,12,14055,ribeirao preto,SP
abcd2cb37d46c2c8fb1bf071c859fc5b,45,52,4880.22,93.85038461538463,32,1320.4,25.392307692307693,1,4.3023255813953485,43,0.047619047619047616,42,78020,cuiaba,MT
abe021b01ba992245271b9aa422032df,2,2,6720.0,3360.0,2,117.24000000000001,58.620000000000005,0,3.5,2,0.0,2,80420,curitiba,PR
abe42c5d03695b4257b5c6cbf4e6784e,50,50,17159.0,343.18,37,999.23,19.9846,2,3.9183673469387754,49,0.16326530612244897,49,21235,rio de janeiro,RJ
ac137bac82ffa8548e62bd9d01d2a14f,1,1,49.6,49.6,1,9.34,9.34,0,1.0,1,,0,03631,sao paulo,SP
ac1ed5fc15901fbc92920361eb4ab350,1,1,110.25,110.25,1,13.79,13.79,1,1.0,1,,0,03334,sao paulo,SP
ac3508719a1d8f5b7614b798f70af136,103,104,12775.84,122.84461538461538,48,3016.39,29.00375,4,4.595959595959596,99,0.030303030303030304,99,92030,canoas,RS
ac51cac5e20d69ff485a54746488ef48,4,4,759.9,189.975,4,73.87,18.4675,1,3.5,4,0.0,3,14096,ribeirao preto,SP
ac6417315ae5da8f9a38ee11de6f7780,8,8,788.9,98.6125,7,182.53,22.81625,4,3.75,8,0.14285714285714285,7,07400,aruja,SP
ac9b01377919cdbd2a1bbb8d5837c70b,1,1,55.9,55.9,1,23.54,23.54,1,3.0,1,0.0,1,08773,mogi das cruzes,SP
acadd4d36859671cb635527c6c977533,12,12,2381.0,198.41666666666666,9,265.94,22.161666666666665,2,4.25,12,0.16666666666666666,12,14270,santa rosa de viterbo,SP
acb6c2ca5c82411c1fdb88d5fd5eb95e,10,11,413.88,37.625454545454545,5,161.61,14.691818181818183,4,3.9,10,0.0,10,03423,sao paulo,SP
acce39e832338debb07b02385cde5967,44,44,4748.1,107.91136363636365,30,1175.56,26.717272727272725,2,4.534883720930233,43,0.0,43,32110,contagem,MG
ace601496e211a664100321f038f50af,1,1,165.0,165.0,1,14.92,14.92,1,2.0,1,,0,02372,sao paulo,SP
aced59e9b31ef866a94f9e7f29d8d418,61,67,7268.5,108.48507462686567,19,1047.3,15.631343283582089,3,4.491228070175438,57,0.08771929824561403,57,03306,sao paulo,SP
acf974e4d5950ad143a247471b831eb9,5,12,423.8,35.31666666666667,3,329.82,27.485,1,4.666666666666667,3,0.0,4,95059,caxias do sul,RS
ad14615bdd492b01b0d97922e87cb87f,1,1,8.25,8.25,1,10.96,10.96,1,5.0,1,0.0,1,88704,tubarao,SC
ad273c9eb54ecb4532de4bf75bae9e4e,10,11,645.0,58.63636363636363,8,184.75,16.795454545454547,2,4.571428571428571,7,0.0,7,80420,curitiba,PR
ad420dd0c4f92f8af951ac24b86d0cf5,42,46,4705.29,102.28891304347826,23,913.11,19.850217391304348,2,4.125,40,0.07142857142857142,42,38230,fronteira,MG
ad738d3fcf42655ed15c4960b7b6c601,1,1,65.0,65.0,1,15.89,15.89,1,1.0,1,,0,93425,novo hamburgo,RS
ad75519a07f039025e83795a4418470f,3,9,302.1,33.56666666666667,3,115.82000000000001,12.86888888888889,1,3.6666666666666665,3,0.0,3,76500,santa terezinha de goias,GO
ad781527c93d00d89a11eecd9dcad7c1,44,44,6899.570000000001,156.8084090909091,2,2379.69,54.08386363636364,1,3.051282051282051,39,0.36363636363636365,33,15015,sao jose do rio preto,SP
ad87df7699e83b8a91822a4a0b765c3a,6,7,349.9,49.98571428571428,5,88.72,12.674285714285714,2,3.8333333333333335,6,0.0,5,13820,jaguariuna,SP
ad8ada0ffa993cb1197d102d9ab21a3e,1,2,599.8,299.9,1,56.36,28.18,1,1.0,1,,0,38445,araguari,MG
ad8b531ae67582f096925cff5630d0d1,3,3,208.35000000000002,69.45,3,67.56,22.52,2,3.0,3,0.0,2,84172,castro,PR
ad97a199236354e53fcd91a5a913e9a2,17,18,13205.9,733.661111111111,8,868.8,48.266666666666666,3,4.529411764705882,17,0.125,16,88350,brusque,SC
adbc26658d6c7b4b6219f9d934598091,88,92,11806.4,128.3304347826087,9,1885.85,20.49836956521739,2,4.116279069767442,86,0.16279069767441862,86,81770,curitiba,PR
adbe70ab2c97442046d393988c8d1d27,5,5,289.5,57.9,2,65.15,13.030000000000001,1,5.0,4,0.0,5,09321,maua,SP
adcf50477d6a1f5d91bb9d54c4903cb5,19,38,1425.14,37.503684210526316,15,798.66,21.01736842105263,4,3.263157894736842,19,0.1875,16,35530,claudio,MG
ade45994b717ccee333492330fbf037b,10,10,7196.0,719.6,6,283.63,28.363,1,4.5,10,0.0,10,87505,umuarama,PR
aded58c8142dedc5494a81f948431fab,4,5,289.5,57.9,4,89.98,17.996000000000002,2,4.666666666666667,3,0.0,3,22051,rio de janeiro,RJ
ae45ad30c2d2e5913094769690a239d2,1,2,251.8,125.9,1,31.26,15.63,1,5.0,1,0.0,1,14405,franca,SP
ae45df84722b1d15c5f32b23a095746c,9,12,901.83,75.1525,10,163.66,13.638333333333334,1,4.777777777777778,9,0.0,9,03062,sao paulo,SP
ae7ab174effdead6c241e547e4ca13f0,6,7,2778.6,396.9428571428571,5,795.46,113.63714285714286,1,4.2,5,0.0,5,86703,arapongas,PR
ae8bfdbf1c2a2a2dee92d799db0a31c6,8,8,339.92,42.49,6,146.22,18.2775,4,4.125,8,0.0,8,85900,toledo,PR
ae9690c6e8fee182c28c9ff8e11ca52c,1,1,47.4,47.4,1,12.41,12.41,1,,0,,0,04361,sao paulo,SP
aeb36d67f1414f234d42a29e27cf1f17,4,4,3263.8,815.95,4,284.3,71.075,1,4.5,4,0.25,4,09060,santo andre,SP
aec99834ab5d38ead22766ada8497e87,1,1,459.0,459.0,1,17.51,17.51,1,5.0,1,0.0,1,83411,colombo,PR
af3ef48d0e13835e529c29ac573c63e5,21,21,1405.63,66.93476190476191,12,467.5,22.261904761904763,2,3.761904761904762,21,0.047619047619047616,21,14802,araraquara,SP
af4a0e4cfe1d9c26b6712b1be25a72e5,21,26,8757.98,336.8453846153846,17,593.62,22.83153846153846,2,3.6315789473684212,19,0.10526315789473684,19,35670,mateus leme,MG
af7cdac9d9897cddead9c6b08976c642,6,6,543.54,90.58999999999999,5,150.47,25.078333333333333,1,3.6666666666666665,6,0.16666666666666666,6,18500,laranjal paulista,SP
afa6714acee029b2dfdf357e5579cc03,16,17,3220.7599999999998,189.45647058823528,8,382.82,22.518823529411765,4,4.25,16,0.125,16,13690,descalvado,SP
afac9f6b0c4e5f0a7ee87e922cd0f873,1,1,20.99,20.99,1,11.85,11.85,0,1.0,1,,0,17047,bauru,SP
afe0067131b73e40875c9b6c10bd2e21,46,46,5130.400000000001,111.53043478260871,7,1125.45,24.46630434782609,1,4.2,45,0.044444444444444446,45,35590,lagoa da prata,MG
b00af24704019bd2e1b335e70ad11f7c,1,1,189.0,189.0,1,18.25,18.25,1,5.0,1,0.0,1,40130,salvador,BA
b01c2b7b8599b325103ebcddc67413e1,4,4,169.45,42.3625,1,72.67,18.1675,1,4.75,4,0.0,4,95800,venancio aires,RS
b026643914f651e8371425e5b8a1e780,1,1,27.9,27.9,1,15.1,15.1,1,5.0,1,0.0,1,22783,rio de janeiro,RJ
b0398568231ba5e6734af1881671a317,4,4,656.77,164.1925,3,113.35,28.3375,3,5.0,3,0.0,3,29704,colatina,ES
b05b432bf68945d4d9783f9e3ca29ee8,2,2,224.8,112.4,2,26.09,13.045,1,4.5,2,0.0,2,16200,birigui,SP
b080809eaacb49e5ca07290981472431,11,11,424.0,38.54545454545455,6,143.4,13.036363636363637,1,4.818181818181818,11,0.0,11,30431,belo horizonte,MG
b0b346d3a89f5eb4c2968af3f083cd43,11,12,614.0,51.166666666666664,6,212.60000000000002,17.71666666666667,2,3.272727272727273,11,0.4444444444444444,9,13105,campinas,SP
b0f2a6122a90a93eb03e68653dd960e3,6,7,1620.3,231.47142857142856,4,137.98,19.71142857142857,1,4.833333333333333,6,0.0,6,80710,curitiba,PR
b1204cfda1d4948679db3cfc0d3cb95c,7,11,2903.7,263.97272727272724,4,174.45,15.859090909090908,3,4.0,7,0.0,6,07170,guarulhos,SP
b127efdabeffb5d559349c7b172eb75d,10,10,308.5,30.85,10,112.77,11.277,1,4.666666666666667,6,0.16666666666666666,6,04308,sao paulo,SP
b12cfd255810394b60caef18ae163547,2,2,560.0,280.0,1,166.14999999999998,83.07499999999999,1,4.5,2,0.0,2,85810,cascavel,PR
b14db04aa7881970e83ffa9426897925,83,111,5898.6,53.14054054054054,12,2225.35,20.048198198198197,2,3.710526315789474,76,0.12162162162162163,74,18048,sorocaba,SP
b16d3dadc47d4eb18be3d88bad0775ce,10,11,722.1,65.64545454545454,10,178.44,16.221818181818183,3,4.3,10,0.1,10,93608,estancia velha,RS
b17b679f4f5ce2e03ce6968c62648246,55,57,4084.75,71.66228070175438,36,1076.07,18.878421052631577,2,3.709090909090909,55,0.18,50,14090,ribeirao preto,SP
b18871c324516afa228a13e8f1ef0ae9,9,23,1064.6,46.28695652173913,5,243.8,10.6,1,3.4444444444444446,9,0.1111111111111111,9,04186,sao paulo,SP
b18dc380845b24038cfc48006478f099,44,54,8353.3,154.69074074074072,12,895.63,16.58574074074074,2,4.1395348837209305,43,0.16279069767441862,43,09951,diadema,SP
b19c48688808720822399ffa9f2dbe2f,1,1,959.99,959.99,1,24.82,24.82,1,5.0,1,0.0,1,04801,sao paulo,SP
b19f3ca2ea475913750f25a5c37c8d8f,24,24,6202.91,258.45458333333335,19,1346.6399999999999,56.10999999999999,2,2.869565217391304,23,0.3333333333333333,18,35501,divinopolis,MG
b1a81260566c1bac3114a6d124413f27,51,54,8684.69,160.8275925925926,26,1565.51,28.990925925925925,4,4.3061224489795915,49,0.02040816326530612,49,99500,carazinho,RS
b1aaae6b66ad3c40f54b389d7ea4bee0,15,17,1176.5,69.20588235294117,15,392.74,23.10235294117647,3,4.357142857142857,14,0.0,14,04714,sao paulo,SP
b1ac6ea7895bc3dd6f0f6f4abbdd2821,40,41,3139.0,76.5609756097561,3,825.33,20.130000000000003,1,4.35,40,0.0,38,92030,canoas,RS
b1b3948701c5c72445495bd161b83a4c,18,18,24699.19,1372.177222222222,4,486.3,27.016666666666666,1,1.7222222222222223,18,0.6428571428571429,14,03390,sao paulo,SP
b1fc4f64df5a0e8b6913ab38803c57a9,107,121,7994.74,66.07223140495867,5,2146.25,17.737603305785125,1,3.979381443298969,97,0.12121212121212122,99,24440,sao goncalo,RJ
b1fecf4da1fa2689bccffa0121953643,19,20,3669.64,183.482,8,397.08,19.854,1,4.947368421052632,19,0.0,19,79107,campo grande,MS
b2479f944e1b90cf8a5de1bbfde284d6,103,131,4752.51,36.27870229007634,38,2239.71,17.09702290076336,3,3.4343434343434343,99,0.14285714285714285,98,14940,ibitinga,SP
b248792ac0b60ec3f93d80af1b4fae47,7,9,454.5,50.5,6,153.85,17.094444444444445,2,3.857142857142857,7,0.14285714285714285,7,09560,sao caetano do sul,SP
b26741d31a563d769b4af0465ab20c56,2,2,648.0,324.0,2,47.03,23.515,2,4.0,2,0.0,2,88061,florianopolis,SC
b274baf5bbd142410eb2958cf685d684,7,7,585.9,83.7,7,148.67000000000002,21.23857142857143,2,4.285714285714286,7,0.0,7,95780,montenegro,RS
b29d3380981c51df13fc6fbe87e1763d,6,7,435.3,62.18571428571429,5,98.58,14.082857142857142,1,3.8333333333333335,6,0.0,6,14057,ribeirao preto,SP
b2a6d334e2833acea353624840e25a0e,25,26,1650.98,63.49923076923077,6,387.61,14.908076923076923,4,4.625,24,0.0,24,04133,sao paulo,SP
b2ac621f0d0322434d04a12b078b9369,30,30,9575.5,319.18333333333334,13,781.39,26.046333333333333,2,4.413793103448276,29,0.10344827586206896,29,80220,curitiba,PR
b2ba3715d723d245138f291a6fe42594,337,363,51676.88,142.36055096418733,183,6496.14,17.895702479338844,27,4.124242424242424,330,0.090625,320,03470,sao paulo,SP
b2bdc5e7940a7d7ca8c4a37953b27a42,1,1,250.0,250.0,1,62.49,62.49,1,4.5,1,,0,13880,vargem grande do sul,SP
b2c97074649f92197d9387d9033dda5f,10,11,684.71,62.24636363636364,9,279.37,25.39727272727273,2,4.7,10,0.1,10,18604,botucatu,SP
b2eecf5ea250510da76590ca79d60e5d,9,11,1060.0,96.36363636363636,5,153.15,13.922727272727274,1,5.0,9,0.0,9,03318,sao paulo,SP
b2f4d63c7203f539a78252565ca32257,1,1,14.9,14.9,1,20.84,20.84,1,5.0,1,0.0,1,28950,armacao dos buzios,RJ
b32be1695eb7ec5f10f72d9610a12527,45,46,26874.0,584.2173913043479,14,2957.02,64.28304347826086,4,4.068181818181818,44,0.045454545454545456,44,95012,caxias do sul,RS
b335c59ab742f751a85db9c411a86739,33,35,2873.34,82.09542857142857,21,607.38,17.353714285714286,2,3.84375,32,0.034482758620689655,29,38442,araguari,MG
b33aaadd1a8891d2dfef0c4c3bdf0371,16,17,1504.0,88.47058823529412,4,359.04,21.12,1,3.9375,16,0.125,16,13481,limeira,SP
b33e7c55446eabf8fe1a42d037ac7d6d,152,155,44985.17,290.22690322580644,34,2725.07,17.58109677419355,5,4.181208053691275,149,0.13013698630136986,146,14850,pradopolis,SP
b347677812ea483b0f528eaf8cbc09b7,21,21,7288.99,347.09476190476187,11,762.35,36.30238095238095,1,4.6,20,0.0,20,82540,curitiba,PR
b372ee768ed69e46ca8cdbd267aa7a38,63,69,12630.0,183.04347826086956,24,1183.84,17.157101449275363,1,4.436507936507937,63,0.0,63,15013,sao jose do rio preto,SP
b37c4c02bda3161a7546a4e6d222d5b2,4,15,24075.0,1605.0,3,412.6,27.506666666666668,2,2.25,4,0.25,4,03667,sao paulo,SP
b3809b8d4394588a47c8470ea331e135,1,1,89.0,89.0,1,7.88,7.88,1,4.0,1,0.0,1,04810,sao paulo,SP
b39d7fe263ef469605dbb32608aee0af,44,49,5193.1,105.98163265306123,19,1062.67,21.68714285714286,1,4.0,39,0.05,40,14940,ibitinga,SP
b3b17aab11f273023a5f22ca52e1eb70,7,13,6850.0,526.9230769230769,7,475.34999999999997,36.565384615384616,1,4.857142857142857,7,0.14285714285714285,7,86065,londrina,PR
b3e2faf2c1004d674f16a3aa3197f0e1,3,3,61.47,20.49,3,33.77,11.256666666666668,1,5.0,3,0.0,3,14093,ribeirao preto,SP
b3f19518fcec265b2e97af287725f981,9,9,486.91,54.101111111111116,4,137.57,15.285555555555554,1,4.222222222222222,9,0.0,8,15170,tanabi,SP
b410bdd36d5db7a65dcd42b7ead933b8,44,44,7726.9,175.61136363636362,2,1006.71,22.879772727272726,1,4.659090909090909,44,0.023809523809523808,42,74645,goiania,GO
b416191c9813d821a295cfabafff4161,2,2,117.8,58.9,1,32.34,16.17,0,2.5,2,0.0,2,14407,franca,SP
b43d8b707f887a30f4675391098354a0,3,4,1342.0,335.5,3,184.76,46.19,2,4.0,2,0.5,2,44600,ipira,SP
b44dbfbf62e52125f3c15d230569ea91,4,8,609.37,76.17125,2,89.69000000000001,11.211250000000001,2,4.75,4,0.0,4,04251,sao paulo,SP
b452cb0ae35044c4a53179c39f49fb06,2,2,63.699999999999996,31.849999999999998,2,38.29,19.145,2,4.0,2,0.0,2,18047,sorocaba,SP
b45d7ebfb7378630f1bcd74b6ff86ff7,5,5,1007.5,201.5,3,102.51,20.502000000000002,1,3.8,5,0.0,3,30285,belo horizonte,MG
b494891378bd8f4560abe576c52deacd,20,22,2958.9,134.49545454545455,21,311.92,14.17818181818182,4,4.65,20,0.05263157894736842,19,04160,sao paulo,SP
b499c00f28f4b7069ff6550af8c1348a,152,187,10327.130000000001,55.22529411764707,68,2577.95,13.785828877005347,12,4.1506849315068495,146,0.1347517730496454,141,13481,limeira,SP
b4a476fbd28de64b1e347abf9089366a,33,38,5724.04,150.63263157894735,15,1011.91,26.629210526315788,3,3.806451612903226,31,0.10344827586206896,29,06653,itapevi,SP
b4b447d715f9ab302a188fb43d3e96b3,5,5,685.9300000000001,137.186,2,93.73,18.746000000000002,1,4.8,5,0.2,5,04711,sao paulo,SP
b4f8921fcc4ff77b66bea6dda43dcd51,18,20,11395.05,569.7524999999999,16,1468.3600000000001,73.418,1,4.529411764705882,17,0.058823529411764705,17,95034,caxias do sul,RS
b4ffb71f0cb1b1c3d63fad021ecf93e1,144,165,6656.09,40.339939393939396,97,2519.98,15.27260606060606,1,4.260714285714286,140,0.02158273381294964,139,03880,sao paulo,SP
b55638ad525e906c698fa2ce742c1742,11,12,1094.8,91.23333333333333,6,290.87,24.239166666666666,1,4.181818181818182,11,0.18181818181818182,11,88780,imbituba,SC
b561927807645834b59ef0d16ba55a24,85,95,4501.99,47.38936842105263,42,1305.04,13.737263157894736,4,4.329268292682927,82,0.14634146341463414,82,02955,sao paulo,SP
b566ab0ef88016e00422755e305103c6,5,5,1208.0,241.6,4,220.21999999999997,44.044,3,3.2,5,0.2,5,37640,extrema,MG
b56828a9f9027f3c918c04ca720d9e3c,3,3,360.0,120.0,2,111.61000000000001,37.20333333333334,1,2.6666666666666665,3,0.3333333333333333,3,11707,praia grande,SP
b56906f7fd1696e043f1bcce164c487b,40,42,2148.49,51.1545238095238,20,846.93,20.165,2,4.051282051282051,39,0.05128205128205128,39,19830,echapora,SP
b57e8460909fa137df7951b4a3b5ea84,1,2,198.0,99.0,2,84.14,42.07,1,2.0,1,,0,90640,porto alegre,RS
b586cd24c010a13916af621b0325fbba,6,7,1108.94,158.42000000000002,7,263.99,37.712857142857146,3,3.8333333333333335,6,0.0,6,89164,rio do sul,SC
b5abf4f36adc043117b4fca82c22984c,11,12,1247.8,103.98333333333333,8,283.99,23.665833333333335,5,2.5,10,0.2857142857142857,7,72251,brasilia,DF
b5b800c4065bebf4d3442311c9857344,1,1,79.9,79.9,1,8.91,8.91,1,5.0,1,0.0,1,03561,sao paulo,SP
b5bb2b985208834bd5bd86c7a402bbad,2,2,621.06,310.53,1,38.66,19.33,1,5.0,2,0.0,2,95800,venancio aires,RS
b5d034ac251546e25afe9067f05c1539,1,1,69.9,69.9,1,15.37,15.37,1,5.0,1,0.0,1,06852,itapecerica da serra,SP
b5dd7151a92ccaaa282cbe9681a05f44,1,1,85.0,85.0,1,18.7,18.7,1,5.0,1,0.0,1,14020,ribeirao preto,SP
b5e3e38609125694d2ea2417522a60b7,16,17,995.04,58.53176470588235,10,301.14,17.714117647058824,1,4.3125,16,0.25,16,88020,florianopolis,SC
b5f0712d22a873b6797ab6cc65c3fcba,1,1,12.99,12.99,1,8.29,8.29,1,4.0,1,0.0,1,02316,sao paulo,SP
b5f49fe968dff6b112861e6cd8e192ef,1,2,194.70000000000002,97.35000000000001,2,42.97,21.485,1,5.0,1,0.0,1,80710,curitiba,PR
b64d51f0435e884e8de603b1655155ae,17,23,416.18,18.094782608695652,15,357.36,15.537391304347826,2,4.4375,16,0.1875,16,07077,garulhos,SP
b67d6c666e8dce1d078c882825e12704,7,8,352.84,44.105,6,104.19,13.02375,2,4.857142857142857,7,0.0,7,03641,sao paulo,SP
b6c6854d4d92a5f6f46be8869da3fa1a,1,1,69.9,69.9,1,17.92,17.92,1,1.0,1,,0,01042,sao paulo,SP
b6d44737c043328708f6749c2dbe50bd,62,80,5369.6,67.12,23,1565.6,19.57,1,4.5964912280701755,57,0.05357142857142857,56,09230,santo andre,SP
b6dc74ed30f124f95227bed4e43a3bed,11,13,518.9599999999999,39.919999999999995,6,228.63,17.586923076923078,1,4.0,11,0.1111111111111111,9,86702,arapongas,PR
b6e1504972665f739dec4facb9943775,14,14,1484.48,106.03428571428572,7,225.89,16.134999999999998,2,4.357142857142857,14,0.07142857142857142,14,13405,piracicaba,SP
b6f52e346160519c24a23af05410ad32,1,1,129.9,129.9,1,13.35,13.35,1,4.0,1,0.0,1,01254,sao paulo,SP
b74d1c09cb380e1d03a6f859c6f4224b,31,39,2221.6,56.96410256410256,11,831.6,21.323076923076922,4,4.214285714285714,28,0.14814814814814814,27,20061,rio de janeiro,RJ
b76a1f8356322f12529c37b67d5c96c2,5,5,298.5,59.7,5,56.39,11.278,4,4.8,5,0.0,5,11015,santos,SP
b76dba6c951ab00dc4edf0a1aa88037e,159,169,2574.7799999999997,15.235384615384614,37,2307.1,13.651479289940827,3,4.178343949044586,157,0.03184713375796178,157,03237,sao paulo,SP
b76f4d90e85657a240495c876313adc5,1,1,299.0,299.0,1,19.3,19.3,1,5.0,1,0.0,1,13185,hortolandia,SP
b77a27b1864483e721dc831d5ba4afa0,2,2,41.8,20.9,2,28.619999999999997,14.309999999999999,1,3.5,2,0.0,1,25251,duque de caxias,RJ
b7ba853e9551f4558440881fd3e5c815,2,2,376.8,188.4,2,37.989999999999995,18.994999999999997,2,1.0,2,0.0,1,95500,santo antonio da patrulha,RS
b7cc6c5e001441ae8cdd5c69a480cbe4,6,6,651.8,108.63333333333333,4,220.49999999999997,36.74999999999999,2,4.166666666666667,6,0.0,5,89520,curitibanos,SC
b7d5b4b87af9d42b601865d3f3810bff,2,2,1049.0,524.5,2,41.019999999999996,20.509999999999998,1,2.0,2,0.0,1,88020,florianopolis,SC
b7e1750c1157341d2abd0251e07c186b,3,4,159.6,39.9,4,60.96,15.24,2,4.333333333333333,3,0.0,3,05741,sao paulo,SP
b7ed9fb14c8eadb37adb9c45d67ab0fb,7,11,566.0,51.45454545454545,5,221.75,20.15909090909091,2,3.2857142857142856,7,0.0,7,12331,jacarei,SP
b8114f2f589a6804810f04f99b36b498,8,11,1399.62,127.23818181818181,4,292.41,26.582727272727276,1,4.75,8,0.0,8,09633,sao bernardo do campo,SP
b81e3a6c866a764974fe849821abeebd,8,11,836.1500000000001,76.01363636363637,8,216.86,19.714545454545455,2,4.625,8,0.0,8,09360,maua,SP
b839e41795b7f3ad94cc2014a52f6796,33,36,42829.0,1189.6944444444443,10,920.93,25.58138888888889,3,4.090909090909091,33,0.030303030303030304,33,09541,sao caetano do sul,SP
b83cedfb587e7911540e3f576d6917ce,24,25,2224.95,88.99799999999999,16,343.8,13.752,2,4.173913043478261,23,0.08695652173913043,23,04870,sao paulo,SP
b8555308bfdb4ca1ed54325a58da9a97,26,28,3047.2000000000003,108.82857142857144,4,582.83,20.815357142857145,1,4.0,26,0.07692307692307693,26,09751,sao bernardo do campo,SP
b8578d2d823bd8e251f6fdd02b40902d,9,9,1255.6,139.5111111111111,6,244.0,27.11111111111111,1,4.875,8,0.0,8,89069,blumenau,SC
b8630e1121437d41cb08e3c749c2c2e2,12,12,6988.0,582.3333333333334,6,346.1,28.84166666666667,2,4.333333333333333,12,0.16666666666666666,12,25070,duque de caxias,RJ
b86a47b3366e3b5424a7b225781f4908,1,1,86.5,86.5,1,19.85,19.85,0,3.0,1,0.0,1,37900,passos,MG
b87a7ea0c30fad2dd6781b74a0064859,9,9,515.4,57.266666666666666,8,122.35,13.594444444444443,1,3.4444444444444446,9,0.3333333333333333,9,04133,sao paulo,SP
b88e7c57cb2d8b973b7dd4a2bfa14b36,4,4,353.9,88.475,3,65.77,16.4425,1,4.25,4,0.0,4,81350,curitiba,PR
b8a0adc91af209270c2c725168eb00fd,6,6,281.4,46.9,6,107.09,17.848333333333333,1,4.6,5,0.0,5,14940,ibitinga,SP
b8bc237ba3788b23da09c0f1f3a3288c,45,47,13685.710000000001,291.1853191489362,1,1935.45,41.17978723404256,1,4.318181818181818,44,0.022222222222222223,45,88303,itajai,SC
b8d890108a7a80e4f5d59eea9f362438,2,3,89.69999999999999,29.899999999999995,2,34.59,11.530000000000001,1,3.5,2,0.5,2,81110,curitiba,PR
b906dd0e57f282c7089171b6ed07982e,2,2,175.0,87.5,2,35.75,17.875,1,4.0,1,0.0,1,87083,parana,PR
b90e891671cffd9557f33a97dc523645,34,39,4449.0,114.07692307692308,13,632.31,16.213076923076922,2,4.303030303030303,33,0.0,33,83010,sao jose dos pinhais,PR
b92e3c8f9738272ff7c59e111e108d7c,62,70,8231.09,117.587,36,2414.21,34.48871428571429,4,4.186440677966102,59,0.03389830508474576,59,36502,uba,MG
b94cc9f10ddc85e4ba73a6f7974e7101,39,39,25346.1,649.9,7,1022.39,26.215128205128206,2,4.297297297297297,37,0.07692307692307693,39,27930,macae,RJ
b98b715fe9e276204e2a3464f48cd796,6,6,450.58000000000004,75.09666666666668,4,67.03999999999999,11.173333333333332,3,3.3333333333333335,6,0.25,4,03827,sao paulo,SP
b9a03475e6447e631b6799ec8274800f,10,11,1349.1,122.64545454545454,7,294.98,26.816363636363636,3,4.2,10,0.0,10,85830,formosa do oeste,PR
b9c0ffa92f3ff9a5a3d45ef7213c0842,3,3,490.0,163.33333333333334,2,82.17,27.39,2,5.0,3,0.0,3,08246,sao paulo,SP
b9ca8e8baa5d4aa038394a700f63e69f,14,14,1289.77,92.12642857142858,8,388.18,27.72714285714286,3,4.214285714285714,14,0.07142857142857142,14,03001,sao paulo,SP
b9de031b671cd48b28fae9d828cbf2b4,1,1,155.32,155.32,1,43.37,43.37,1,5.0,1,0.0,1,04283,sao paulo,SP
b9ec22de23f18567de0e09d776ca0309,2,2,341.98,170.99,2,40.49,20.245,1,5.0,2,0.0,2,72318,brasilia,DF
ba143b05f0110f0dc71ad71b4466ce92,85,86,6110.58,71.05325581395348,22,1343.01,15.616395348837209,3,4.445783132530121,83,0.15853658536585366,82,02274,sao paulo,SP
ba5daa4041e1f15cdf34b76e3e18a450,15,15,806.8000000000001,53.78666666666667,11,152.55,10.17,1,4.266666666666667,15,0.0,15,04363,sao paulo,SP
ba6b4a237f92479743cf0ca06b67a9ac,8,8,801.89,100.23625,5,111.82,13.9775,5,4.25,8,0.125,8,23550,rio de janeiro,RJ
ba6b68b55fe8704377a7d43c8e5c0185,5,5,739.77,147.954,3,92.44999999999999,18.49,2,4.2,5,0.0,5,30130,belo horizonte,MG
ba6ce6de456f6c11d08c17701ba5c26f,6,7,744.35,106.33571428571429,3,130.16,18.594285714285714,1,4.166666666666667,6,0.16666666666666666,6,18044,sorocaba,SP
ba89796db68db180bd389de96b2ff3b6,2,2,309.8,154.9,2,43.46,21.73,2,5.0,2,0.0,2,05763,sao paulo,SP
ba8e85df286308fe68a2ce83a8f8b2d6,1,1,80.9,80.9,1,16.76,16.76,1,5.0,1,0.0,1,88135,santa catarina,SC
ba90964cff9b9e0e6f32b23b82465f7b,38,38,44212.5,1163.4868421052631,11,1311.0,34.5,5,4.421052631578948,38,0.05263157894736842,38,07140,guarulhos,SP
baa49d93c8c8841e27400a300f5d74b2,6,6,246.39999999999998,41.06666666666666,3,88.02,14.67,1,4.5,6,0.16666666666666666,6,88113,sao jose,SC
bab0a8cd684e41ba6e2637dca0979d3b,1,1,269.9,269.9,1,19.14,19.14,1,5.0,1,0.0,1,22793,rio de janeiro,RJ
babcc0ab201e4c60188427cae51a5b8b,1,1,79.0,79.0,1,14.13,14.13,1,5.0,1,0.0,1,13660,porto ferreira,SP
bac44fa8e13424950488659b5f765c41,1,1,19.9,19.9,1,14.52,14.52,1,5.0,1,0.0,1,04534,sao paulo,SP
bac692d6c0ed08467878018e6cc9c26c,1,3,477.0,159.0,1,82.23,27.41,1,4.0,1,0.0,1,89041,blumenau,SC
bacb1f0ed56ad24198f5810d2b3fe9a5,42,42,6940.45,165.2488095238095,22,892.94,21.26047619047619,3,4.051282051282051,39,0.02702702702702703,37,12328,jacarei,SP
baeda7047354773262ba2405f97038ba,1,1,35.0,35.0,1,15.1,15.1,1,5.0,1,0.0,1,13471,americana,SP
baf15155e37ef5492731459bdc05be8a,1,1,47.0,47.0,1,8.72,8.72,1,5.0,1,0.0,1,05715,sao paulo,SP
bafc5aa11e413978be29040f51342e70,9,9,1679.55,186.61666666666667,6,149.92,16.657777777777778,1,3.7777777777777777,9,0.1111111111111111,9,30130,belo horizonte,MG
bb135baca94c82fcb731335ad5b04a03,18,38,1049.8,27.626315789473683,16,472.88,12.44421052631579,4,3.125,16,0.0,16,04362,sao paulo,SP
bb2afe2061d53c6968aa0cffa233a8ec,5,6,549.4,91.56666666666666,4,94.62,15.770000000000001,1,4.8,5,0.0,5,04307,sao paulo,SP
bb3dca718920a4d7ec3cc9ffb025108b,2,3,108.0,36.0,2,93.7,31.233333333333334,1,3.0,2,0.0,2,08011,sao paulo,SP
bb5bd94c8f59cc050072d2930c869cac,16,17,2543.87,149.63941176470587,12,302.77000000000004,17.810000000000002,2,4.3076923076923075,13,0.07692307692307693,13,05008,sao paulo,SP
bb5d956dece964a06c12bceb66b923ae,2,2,1278.36,639.18,2,50.14,25.07,1,5.0,2,0.0,2,20930,rio de janeiro,RJ
bb7a14e229b1c95156719c3d9552eeee,11,11,3190.1,290.0090909090909,6,329.34999999999997,29.940909090909088,3,4.181818181818182,11,0.1,10,23095,rio de janeiro,RJ
bb7ad8a45c027be8ab075b8e465f8ca0,2,2,19.98,9.99,1,32.64,16.32,1,5.0,2,0.0,2,88056,floranopolis,SC
bba3293d6f5d5af2f415e004e8b93ae3,17,17,11702.1,688.3588235294118,7,326.69,19.217058823529413,2,4.294117647058823,17,0.058823529411764705,17,04726,sao paulo,SP
bba74270a87732727b5a3b4fd9ac1c39,36,41,6001.59,146.38024390243902,20,758.85,18.508536585365853,5,3.9722222222222223,36,0.0,35,32604,betim,MG
bba8d0c234a52b87b3957037a215d1a4,1,1,120.0,120.0,1,19.53,19.53,1,5.0,1,0.0,1,74343,goiania,GO
bbad7e518d7af88a0897397ffdca1979,69,85,4462.22,52.49670588235294,14,1338.2,15.743529411764706,8,3.296875,64,0.171875,64,01512,sao paulo,SP
bbaff50f3b708fda865918715276cd87,12,16,449.7,28.10625,11,202.07,12.629375,1,4.7272727272727275,11,0.18181818181818182,11,12940,atibaia,SP
bbd3acfe6de99892e73940d3fdceaf68,2,2,69.0,34.5,2,24.55,12.275,1,5.0,1,0.0,1,09111,santo andre,SP
bbe87dce25ba8b38bb61cc7210a3f10b,2,2,287.0,143.5,2,68.39,34.195,1,5.0,2,0.0,2,13870,sao joao da boa vista,SP
bbf4a892cac7b82422baa711dffb8997,1,1,70.0,70.0,1,35.34,35.34,1,5.0,1,0.0,1,82200,curitiba,PR
bbf9ad41dca6603e614efcdad7aab8c4,14,14,7846.0,560.4285714285714,4,776.26,55.44714285714286,1,4.5,14,0.0,14,60348,fortaleza,CE
bc07d855eac23aab5ac8a120f21d16b2,12,13,1283.1100000000001,98.70076923076924,9,213.07,16.39,4,4.166666666666667,12,0.18181818181818182,11,08710,mogi das cruzes,SP
bc2ac6b95e1accce9858528ee566c17e,18,22,2045.0,92.95454545454545,14,234.56,10.661818181818182,1,4.555555555555555,18,0.0,18,13085,campinas,SP
bc302730ea8cf49b5c74f579febb5bbf,11,11,2640.9,240.0818181818182,9,289.27,26.297272727272727,3,3.8181818181818183,11,0.09090909090909091,11,13015,campinas,SP
bc30de0d71bd6260b936a026b5cf7200,3,3,392.37,130.79,2,90.47999999999999,30.159999999999997,1,4.666666666666667,3,0.0,3,13920,pedreira,SP
bc39d8938f90a3a2b98193723ed59774,2,2,306.8,153.4,1,22.31,11.155,1,4.0,1,0.0,2,07791,cajamar,SP
bc47d5d1490df2b36add65d733eafaba,24,25,1004.8,40.192,7,415.11,16.604400000000002,1,3.5714285714285716,21,0.1111111111111111,18,09163,santo andre,SP
bc503e244f187939d10c92a5c8e378ce,7,16,637.67,39.854375,4,222.13,13.883125,1,4.2,5,0.0,4,16200,birigui,SP
bc8c8d665ec4664d286be0d521722b19,1,1,22.5,22.5,1,8.32,8.32,1,2.0,1,1.0,1,04851,sao paulo,SP
bca9230d3bbb4efa51872bf605a2f1ad,5,5,117.57,23.514,3,50.63,10.126000000000001,1,4.0,5,0.2,5,04296,sao paulo,SP
bcc9dd23e2a8bd8267cf92b19304a1b9,3,3,202.79000000000002,67.59666666666668,2,43.43,14.476666666666667,1,2.3333333333333335,3,0.6666666666666666,3,14940,ibitinga,SP
bccf933e006e9b94a6184af782963e77,45,46,4162.74,90.49434782608695,22,884.47,19.227608695652176,1,4.5227272727272725,44,0.022222222222222223,45,19806,assis,SP
bcd2d7510d58e293f20fad6438c1b314,1,1,23.9,23.9,1,15.56,15.56,1,,0,1.0,1,81540,curitiba,PR
bce6a5ecf98e99fd2a8868b15c51f04b,14,15,3464.9,230.99333333333334,3,241.60000000000002,16.10666666666667,1,4.071428571428571,14,0.21428571428571427,14,07180,guarulhos,SP
bcf5566870987da7bc811fbc8c5b9fd9,1,4,96.0,24.0,1,31.12,7.78,1,1.0,1,,0,03378,sao paulo,SP
bd0389da23d89b726abf911cccc54596,87,90,7472.16,83.024,57,1656.31,18.403444444444442,5,4.209302325581396,86,0.08139534883720931,86,71691,brasilia,DF
bd0a1b0aadca9a83d9304f7e8ff5fbd5,4,4,150.6,37.65,4,54.59,13.6475,1,5.0,3,0.0,3,01212,sao paulo,SP
bd149ed516d4c5d418d5781f8e18919f,8,9,414.0,46.0,3,141.94,15.77111111111111,1,4.875,8,0.0,8,07241,guarulhos,SP
bd15ee794d5e640d9dd71b665b2ab15b,12,12,374.79999999999995,31.23333333333333,4,219.32999999999998,18.2775,2,4.0,11,0.18181818181818182,11,14078,ribeirao preto,SP
bd1d49a326abfa9b1036772e40445430,12,13,637.7,49.05384615384616,10,188.5,14.5,1,4.083333333333333,12,0.08333333333333333,12,17017,bauru,SP
bd23da7354813347129d751591d1a6e2,89,90,10544.300000000001,117.1588888888889,9,1466.83,16.298111111111112,1,4.035294117647059,85,0.04819277108433735,83,03971,sao paulo,SP
bd43e172d599bed47a85da877172ca8c,1,1,23.92,23.92,1,18.27,18.27,1,5.0,1,0.0,1,89280,sao bento do sul,SC
bd4431c1a8dfa744b59e1e2a8bc99b9e,7,7,809.5,115.64285714285714,5,204.09,29.155714285714286,1,4.571428571428571,7,0.0,7,20761,rio de janeiro,RJ
bd4889b5e9133b35b66e42a8665cea5c,36,42,6271.9,149.33095238095237,16,984.64,23.443809523809524,1,4.4,35,0.0,36,02963,sao paulo,SP
bd4ff04377f974574f7f0bf9d6ce7dde,4,4,164.96,41.24,3,50.14,12.535,3,3.5,4,0.25,4,17370,santa maria da serra,SP
bd65d163ded559eb90a10cd09fec178f,1,2,19.8,9.9,2,18.68,9.34,1,4.0,1,0.0,1,03526,sao paulo,SP
bd697db56ff8e7c9cd1abeb7f72029b2,22,22,3069.78,139.53545454545454,18,345.42,15.700909090909091,1,4.285714285714286,21,0.0,20,03533,sao paulo,SP
bdae679a9b282249bc23b9b69dae9a99,6,12,663.15,55.262499999999996,7,188.82999999999998,15.735833333333332,2,3.75,4,0.0,4,72210,brasilia,DF
bdb3edbaee43a761e2d4f258dc08f348,5,5,259.5,51.9,3,68.86,13.772,2,3.75,4,0.25,4,18680,lencois paulista,SP
bdf0d02d36a1d839d0c39c4a887cdd49,5,7,120.0,17.142857142857142,2,95.95,13.707142857142857,1,5.0,5,0.0,5,16200,birigui,SP
be1e9e378700cecaa4ebf71433d7915c,2,2,119.89000000000001,59.94500000000001,1,37.62,18.81,0,3.0,2,1.0,2,14025,ribeirao preto,SP
be3b4b0f050a6aa1b2d901c4b77e979f,3,8,578.1999999999999,72.27499999999999,3,155.52,19.44,2,4.0,3,0.0,3,84430,imbituva,PR
be67f78487e2cecb0d55bc769709e4f5,1,1,102.0,102.0,1,23.64,23.64,1,5.0,1,0.0,1,32419,ibirite,MG
be7a093e5b4d147b36b72bb1f9e415e5,1,1,60.9,60.9,1,22.36,22.36,1,5.0,1,0.0,1,85900,toledo,PR
be8e909810184b9b19e886129149d8e5,15,15,629.85,41.99,3,216.23,14.415333333333333,3,3.7333333333333334,15,0.2,15,13418,piracicaba,SP
be9a160a9011f627c3e121d076c1ec7b,7,7,2934.0,419.14285714285717,7,248.52,35.502857142857145,2,3.5714285714285716,7,0.0,5,89256,jaragua do sul,SC
beadbee30901a7f61d031b6b686095ad,64,68,4373.98,64.32323529411764,7,937.54,13.78735294117647,3,3.9365079365079363,63,0.25396825396825395,63,07097,guarulhos,SP
bec568278124768c474ee90971ca94d1,2,2,219.9,109.95,2,29.16,14.58,2,4.0,1,0.0,1,03553,sao paulo,SP
bede56095ba33c42038fb85f707b8a42,2,2,3973.9,1986.95,2,210.87,105.435,1,4.5,2,0.0,2,13271,valinhos,SP
bee36b4f9a2b9fdcaff6ec05df202ed0,2,2,33.8,16.9,1,19.68,9.84,1,3.0,2,0.0,1,03308,sao paulo,SP
bf00385a5f7fc1ef39a13c2e9ee50a5f,29,29,870.3,30.010344827586206,18,342.73,11.818275862068965,6,4.310344827586207,29,0.0,28,01224,sao paulo,SP
bf0045791395e66460eb04749c68672a,2,2,119.8,59.9,1,35.45,17.725,1,4.0,2,0.0,2,04256,sao paulo,SP
bf0d50a6410d487dc97d2baac0a8c0be,1,1,27.9,27.9,1,9.26,9.26,1,2.0,1,,0,13408,piracicaba,SP
bf100ecb7997df312b285358fb32f92c,20,21,1991.9,94.85238095238095,9,345.11,16.433809523809526,3,4.444444444444445,18,0.0,20,83070,sao jose dos pinhais,PR
bf3c6d2a28b2b5501e6c15448982dcc9,35,43,3956.5,92.01162790697674,10,691.65,16.084883720930232,2,4.6,35,0.02857142857142857,35,04180,sao paulo,SP
bf84056e679dbe9c69929847a40e338f,36,40,2024.04,50.601,3,453.28000000000003,11.332,2,3.75,36,0.08571428571428572,35,02537,sao paulo,SP
bf961104a38e01b9062ee026bb657dee,4,4,585.56,146.39,1,79.9,19.975,1,4.5,4,0.0,4,14055,ribeirao preto,SP
bfd27a966d91cfaafdb25d076585f0da,117,118,19921.0,168.82203389830508,54,2724.05,23.085169491525424,6,4.278260869565218,115,0.05263157894736842,114,13930,serra negra,SP
bfd938b22bc99bce1ae60dc602889f52,6,12,922.8000000000001,76.9,4,195.46,16.288333333333334,3,3.8333333333333335,6,0.0,4,22775,rio de janeiro,RJ
bff9deb0ec77d437f3305a79cf25529e,5,5,161.95,32.39,1,80.78999999999999,16.157999999999998,1,4.0,5,0.0,5,13481,limeira,SP
c003204e1ab016dfa150abc119207b24,197,202,25108.09,124.29747524752476,11,4742.8,23.47920792079208,2,4.466666666666667,195,0.06701030927835051,194,07790,cajamar,SP
c00396cbdd2e088fe4281baa5920aef1,1,3,832.4100000000001,277.47,1,73.44,24.48,1,5.0,1,0.0,1,83535,campo magro,PR
c004e5ea15737026cecaee0447e00b75,2,2,4700.0,2350.0,1,174.32,87.16,1,1.0,2,1.0,1,02035,sao paulo,SP
c0098efcf800861dcae589affca31408,9,9,1189.28,132.14222222222222,8,187.46,20.82888888888889,1,4.777777777777778,9,0.1111111111111111,9,14080,ribeirao preto,SP
c013e57c075a06e5b5c48ee03c525719,42,45,1971.55,43.81222222222222,13,857.11,19.04688888888889,1,4.3,40,0.075,40,13568,sao carlos,SP
c026ef0d72e9132d9fa112308090c8dc,1,1,520.0,520.0,1,37.72,37.72,1,4.0,1,0.0,1,20766,rio de janeiro,RJ
c03121937e54a93fcc1825c3098bbb6e,7,7,1043.0,149.0,1,154.94,22.134285714285713,1,5.0,7,0.0,7,82800,curitiba,PR
c04d70d515d15a7e3db3a73320598566,3,4,158.2,39.55,3,56.62,14.155,1,5.0,3,0.0,3,24020,niteroi,RJ
c0563dd588b775f2e37747ef6ad6c92c,28,28,3697.2000000000003,132.04285714285714,8,397.47999999999996,14.195714285714285,1,4.444444444444445,27,0.1111111111111111,27,09220,santo andre,SP
c092292535a57dacd95a8765f5518f87,1,1,125.0,125.0,1,18.98,18.98,1,5.0,1,0.0,1,26600,paracambi,RJ
c0aff2da32c17759d30b22fb0af6649d,4,5,188.8,37.760000000000005,3,83.53,16.706,2,3.75,4,0.0,4,88032,florianopolis,SC
c0e0b73d039eb9a99b6ce4cb7a429cd3,1,1,29.88,29.88,1,7.68,7.68,1,5.0,1,0.0,1,89170,laurentino,SC
c0e6839516f5398edc34adf5f1d53d1a,3,3,432.92,144.30666666666667,2,87.92,29.30666666666667,1,2.6666666666666665,3,0.0,1,11430,guaruja,SP
c0f3eea2e14555b6faeea3dd58c1b1c3,1,1,79.99,79.99,1,15.66,15.66,1,5.0,1,0.0,1,04195,sao paulo,SP
c0f783394e37cd9c9d7f5f81141450fa,6,6,249.39999999999998,41.56666666666666,5,87.35,14.558333333333332,0,3.6,5,0.0,6,13416,piracicaba,SP
c113b8df1fc375bc3d73d29c1b1144d1,3,5,333.0,66.6,2,67.87,13.574000000000002,0,4.333333333333333,3,0.0,3,08021,sao paulo,SP
c12b92bf1c350f3e6bf88d3596219c86,17,17,4808.78,282.8694117647059,9,444.06,26.121176470588235,6,3.8125,16,0.0625,16,17400,garca,SP
c12d7463a579237ffb9248bd7cff378b,1,1,25.9,25.9,1,8.72,8.72,1,4.0,1,0.0,1,08275,sao paulo,SP
c13ef0cfbe42f190780f621ce81f2234,1,1,390.0,390.0,1,61.28,61.28,1,3.0,1,1.0,1,01207,sao paulo sp,SP
c13fb473e7cb8b83ccd543c094df0608,2,2,54.8,27.4,2,28.72,14.36,2,3.5,2,0.0,2,05319,sao paulo,SP
c1552b1dab6e6f760950368ae61fb600,2,2,53.8,26.9,2,14.89,7.445,1,2.5,2,0.0,2,12215,sao jose dos campos,SP
c157bdeedcbc9a8e3c8bf0d87ff24428,7,10,514.27,51.427,4,208.7,20.869999999999997,1,4.428571428571429,7,0.0,7,18120,mairinque,SP
c161d1327ebc3a156c09582ab2f59f6c,3,3,52.99,17.663333333333334,2,23.34,7.78,2,3.0,3,0.0,2,03521,sao paulo,SP
c18309219e789960add0b2255ca4b091,1,1,9.9,9.9,1,14.1,14.1,1,5.0,1,0.0,1,20521,rio de janeiro,RJ
c1849d4d32d7a6cecd5aa471809d3135,3,3,388.98,129.66,3,41.730000000000004,13.910000000000002,2,4.333333333333333,3,0.0,3,09070,santo andre,SP
c1d1ebb4745cc43cb6f05e9c8a705c9a,3,3,34.5,11.5,3,42.67,14.223333333333334,0,3.0,2,,0,08070,sao paulo,SP
c1dde11f12d05c478f5de2d7319ad3b2,1,1,12.5,12.5,1,7.39,7.39,1,1.0,1,0.0,1,01026,sao paulo,SP
c1ed9e3daf6154542826a6996af0fb8c,9,17,971.25,57.13235294117647,7,329.39,19.375882352941176,1,3.888888888888889,9,0.125,8,88308,itajai,SC
c1f12f926d0ba950578b4fa41115cbb6,2,4,479.6,119.9,2,76.96,19.24,2,4.0,2,0.5,2,04317,sao paulo,SP
c200c73f9d7e5a08ca439d6a0803da7c,1,2,40.0,20.0,1,28.2,14.1,1,1.0,1,,0,83507,almirante tamandare,PR
c240c4061717ac1806ae6ee72be3533b,1,1,59.9,59.9,1,13.99,13.99,1,,0,,0,20920,rio de janeiro,RJ
c24173065483e421f9e5e7f599de101d,9,9,373.91,41.54555555555556,4,117.3,13.033333333333333,1,3.5555555555555554,9,0.1111111111111111,9,03548,sao paulo,SP
c26a2be5b53b7db6b276280da212a779,13,18,7482.0,415.6666666666667,4,806.85,44.825,1,3.3846153846153846,13,0.0,13,28630,nova friburgo,RJ
c26ba52cf8d2f34915f2f6b7ffa0a3f3,4,4,125.96,31.49,2,46.69,11.6725,0,4.0,4,0.0,3,21510,rio de janeiro,RJ
c273175f7c6c80fb02f051e2fc6d0d72,14,14,1188.23,84.87357142857142,11,255.22,18.23,2,3.7857142857142856,14,0.07142857142857142,14,05849,sao paulo,SP
c286ec035ee04ba81c97508f0b5df544,2,2,493.0,246.5,2,72.9,36.45,1,2.5,2,0.0,1,81320,curitiba,PR
c2bda99904207edd1834f03e0022b007,2,2,79.8,39.9,1,21.88,10.94,1,2.5,2,0.0,1,08280,sao paulo,SP
c2d70ce2c5d0a2eb75e78668236e6dc8,13,15,2470.9,164.72666666666666,4,229.01999999999998,15.267999999999999,1,4.615384615384615,13,0.0,13,04275,sao paulo,SP
c31eff8334d6b3047ed34bebd4d62c36,122,123,13191.5,107.2479674796748,5,2394.55,19.46788617886179,2,3.871794871794872,117,0.14655172413793102,116,13322,salto,SP
c3251e13f1bbda6c74e37c160f991e19,2,2,437.79999999999995,218.89999999999998,2,75.28,37.64,2,5.0,2,0.0,2,13660,porto ferreira,SP
c32fc744b9160ac853450488e3cfea93,3,3,185.70000000000002,61.900000000000006,3,37.82,12.606666666666667,1,3.0,2,0.0,1,14020,ribeirao preto,SP
c33847515fa6305ce6feb1e818569f13,114,128,15519.85,121.248828125,39,4374.41,34.175078125,2,3.8981481481481484,108,0.046296296296296294,108,88359,brusque,SC
c33a5c3c983090c8b78a28e65052a20d,9,9,629.1,69.9,3,145.06,16.11777777777778,1,4.625,8,0.0,7,88802,criciuma,SC
c353f8fc0ce8344999f17d578eb69a5e,2,2,175.98,87.99,1,36.59,18.295,1,5.0,2,0.0,2,90850,porto alegre,RS
c35672b10ad50968f567ea3f4b91e877,18,22,1150.57,52.29863636363636,3,364.78,16.58090909090909,2,4.5,18,0.05555555555555555,18,26551,mesquita,RJ
c35affa65afd250151285c5917fc1c8a,9,9,5279.91,586.6566666666666,9,714.01,79.33444444444444,1,4.0,9,0.125,8,08050,sao paluo,SP
c360e4787614ed31ac7a2f95d3b22dc6,1,1,188.9,188.9,1,30.05,30.05,1,2.0,1,0.0,1,18681,lencois paulista,SP
c37b2059d4f90d4feead554e5246565e,12,16,839.3,52.45625,10,221.98,13.87375,1,4.111111111111111,9,0.3333333333333333,9,05170,sao paulo,SP
c3867b4666c7d76867627c2f7fb22e21,245,259,37153.4,143.44942084942085,98,5043.78,19.474054054054054,1,3.919831223628692,237,0.12217194570135746,221,14580,guara,SP
c394e193cda3b4225ff2094d32184849,3,12,3419.88,284.99,1,191.56,15.963333333333333,1,3.6666666666666665,3,0.0,2,04104,sao paulo,SP
c398bc00a606d33758afd91f4e64fd15,2,2,150.0,75.0,1,15.5,7.75,1,4.5,2,0.0,2,21740,rio de janeiro,RJ
c3aad7dc65449ae90a5e9c3c6c1e78e0,6,6,510.0,85.0,5,130.36,21.72666666666667,1,4.666666666666667,6,0.0,6,15350,auriflama/sp,SP
c3acdfac4e3e97ff87529454fbc03642,12,12,16788.0,1399.0,9,269.28000000000003,22.44,1,4.25,12,0.08333333333333333,12,05705,sao paulo,SP
c3cfdc648177fdbbbb35635a37472c53,278,307,43048.18,140.22208469055374,111,6079.63,19.803355048859935,2,4.514705882352941,272,0.02564102564102564,273,80610,curitiba,PR
c3e1abd72a42fe690fcd89cf5720fe29,13,13,1798.61,138.35461538461539,5,168.97,12.997692307692308,1,4.461538461538462,13,0.0,13,13840,mogi guacu,SP
c3e2398fcc7e581cda2e546557bf6968,1,1,14.9,14.9,1,15.23,15.23,1,5.0,1,0.0,1,04781,sao paulo,SP
c3ee2331a724e6fc02c4b698b57a73f3,2,3,1347.0,449.0,2,140.88,46.96,1,3.0,2,0.0,2,05108,sao paulo,SP
c3f5668699a1b04c0fa61ecea1e2bff6,3,3,407.81,135.93666666666667,3,107.12,35.70666666666667,2,5.0,3,0.0,3,86808,apucarana,PR
c3fe93ba3085f92855c97e57f38c8c05,7,7,245.0,35.0,5,113.97,16.28142857142857,1,5.0,7,0.0,6,81510,curitiba,PR
c42fd8e4d47dfb18ce5222f2dd7752f9,7,11,466.99,42.45363636363636,9,161.64000000000001,14.694545454545455,2,3.8,5,0.2857142857142857,7,06246,osasco,SP
c43d924a0f1688ee9fae0efcd6f539d4,1,1,29.9,29.9,1,15.11,15.11,1,4.0,1,0.0,1,20710,rio de janeiro,RJ
c447f8dd3ed213f291d65ef074a268eb,7,8,655.0,81.875,4,122.22999999999999,15.278749999999999,2,3.7142857142857144,7,0.0,7,19802,assis,SP
c458e2045a8aa8964f8879af03fdcce6,4,9,494.91,54.99,4,196.79,21.865555555555556,1,2.75,4,0.0,4,09572,sao caetano do sul,SP
c4af86330efa7a2620772227d2d670c9,4,4,5396.0,1349.0,1,364.96,91.24,1,4.333333333333333,3,0.0,4,08840,mogi das cruzes,SP
c4b911d06343b21dd906651f8101cb49,2,2,90.98,45.49,2,50.349999999999994,25.174999999999997,1,1.0,2,,0,17560,vera cruz,SP
c4d51195486dc781531876a7d00453d8,17,17,11468.98,674.6458823529412,6,569.37,33.49235294117647,2,3.9411764705882355,17,0.29411764705882354,17,19023,presidente prudente,SP
c4f7fee5b0db50e87766f5a4d1b1b758,8,9,11961.829999999998,1329.092222222222,5,571.77,63.53,4,2.875,8,0.0,5,18085,sorocaba,SP
c4fabeea6e569d42d02993bb1f4f1cbc,11,11,859.3000000000001,78.11818181818182,3,277.22,25.201818181818183,2,4.0,11,0.09090909090909091,11,60741,fortaleza,CE
c4fb51fb1c5b7c07bc5e67be6e7e8f6e,15,16,1567.9,97.99375,5,558.71,34.919375,5,3.533333333333333,15,0.13333333333333333,15,80060,curitiba,PR
c500367424994318b9e779ff1ae9a330,9,9,4346.4,482.9333333333333,8,311.98999999999995,34.66555555555555,3,3.7777777777777777,9,0.1111111111111111,9,13145,paulinia,SP
c510bc1718f0f2961eaa42a23330681a,13,13,12251.0,942.3846153846154,11,960.87,73.91307692307693,1,4.0,13,0.0,12,13330,indaiatuba,SP
c522be04e020c1e7b79f3acff36513d5,7,7,739.9300000000001,105.70428571428572,4,98.37,14.052857142857144,4,3.5714285714285716,7,0.3333333333333333,6,06501,santana de parnaiba,SP
c52c644cc0dc85121207a27013efc6af,1,2,397.8,198.9,1,283.16,141.58,1,5.0,1,0.0,1,36325,tiradentes,MG
c53bcd3be457a342a97e39e5a9f0be22,5,5,509.5,101.9,3,186.09,37.218,1,3.3333333333333335,3,0.0,3,49980,neopolis,SE
c542f5a8c64d973f30e9df8d06f70b4a,1,1,81.0,81.0,1,17.31,17.31,1,1.0,1,,0,02013,sao paulo,SP
c54679b132454625907c773d273d4126,7,8,1032.0,129.0,2,107.92999999999999,13.491249999999999,1,4.833333333333333,6,0.0,6,11443,guaruja,SP
c5e60e39c0f42b8e827daa13cff74afa,6,8,134.0,16.75,4,89.10000000000001,11.137500000000001,1,4.75,4,0.25,4,03449,sao paulo,SP
c5ebe6598748b0aeaa61cfb820478b92,3,3,297.0,99.0,3,40.17,13.39,1,4.666666666666667,3,0.0,3,95910,lajeado,RS
c5f7e746b7e6d07def6c0dae9903279b,10,11,1429.0,129.9090909090909,5,229.92000000000002,20.901818181818182,1,4.555555555555555,9,0.0,9,81350,curitiba,PR
c5f7feb04a6a1fb3596322bfc3cf1917,11,11,1720.6,156.4181818181818,10,337.86,30.714545454545455,1,4.555555555555555,9,0.1111111111111111,9,09571,sao caetano do sul,SP
c60b801f2d52c7f7f91de00870882a75,41,41,12913.5,314.9634146341463,18,739.39,18.03390243902439,5,3.4473684210526314,38,0.2222222222222222,36,07174,guarulhos,SP
c611f4ce9ce875bcc063fa97fd4d7d12,1,1,319.0,319.0,1,13.25,13.25,1,4.0,1,1.0,1,12944,atibaia,SP
c6218512d16fcac0af02fe92691cf274,8,8,674.0,84.25,4,194.64,24.33,2,3.9285714285714284,7,0.14285714285714285,7,32315,contagem,MG
c6381b1321d7d97717a5bb4ed5b77882,2,3,66.0,22.0,3,34.01,11.336666666666666,2,3.0,2,0.0,2,04276,sao paulo,SP
c6381d2d013342748761e906d45aff76,15,28,2042.98,72.96357142857143,7,571.28,20.40285714285714,2,3.8666666666666667,15,0.0,15,93180,portao,RS
c64a2aec32cc408a8a4c6d7c46017f91,9,9,3221.5,357.94444444444446,2,406.67,45.18555555555556,1,3.888888888888889,9,0.0,9,95625,imbe,RS
c66dccfb3f109511246da627dd5a2498,45,45,12708.55,282.4122222222222,44,973.7,21.637777777777778,2,4.511627906976744,43,0.047619047619047616,42,11900,registro,SP
c679fb69a36e1d8349e8c50a217b4d58,14,17,1825.68,107.39294117647059,13,388.21000000000004,22.83588235294118,2,4.363636363636363,11,0.16666666666666666,12,95020,caxias do sul,RS
c68fb906c8f4b4b946d8386bfa6e5467,45,48,4541.16,94.6075,36,892.45,18.592708333333334,8,4.5227272727272725,44,0.022222222222222223,45,14870,jaboticabal,SP
c6a7539d424a8402232c2228d7a03c5e,10,15,607.5,40.5,1,393.82,26.254666666666665,1,3.1,10,0.1,10,03191,sao paulo,SP
c6bda72e4dbf5c5866b13cb1810c6d03,59,59,14059.380000000001,238.29457627118646,27,1136.74,19.26677966101695,4,4.536363636363636,55,0.03636363636363636,55,03087,sao paulo,SP
c70a353f02429c00775a46a75fb787da,6,6,242.0,40.333333333333336,4,94.94,15.823333333333332,1,4.666666666666667,6,0.0,6,08275,sao paulo,SP
c70c1b0d8ca86052f45a432a38b73958,261,338,36537.369999999995,108.09872781065087,66,3938.91,11.653579881656805,1,4.36964980544747,257,0.08527131782945736,258,13186,hortolandia,SP
c714262700f93defc16bf17a51a4cb23,4,4,421.8,105.45,4,69.53,17.3825,2,4.666666666666667,3,0.0,3,02751,sao paulo,SP
c716e0b86ed568878475b60fbb6323ad,1,1,35.0,35.0,1,15.23,15.23,1,5.0,1,0.0,1,22783,rio de janeiro,SP
c7246702dc991a06d788120dc7544391,1,1,54.86,54.86,1,17.66,17.66,1,5.0,1,0.0,1,60440,fortaleza,CE
c72de06d72748d1a0dfb2125be43ba63,21,22,17522.0,796.4545454545455,8,1211.18,55.053636363636365,3,4.476190476190476,21,0.0,21,46430,guanambi,BA
c731d18cea9bf687ffee82a241c25b11,24,26,3662.0,140.84615384615384,18,610.65,23.486538461538462,5,4.7,20,0.0,20,89701,concordia,SC
c747d5b92c7648417faea95d36d763e8,1,1,139.0,139.0,1,85.75,85.75,1,5.0,1,0.0,1,61800,pacatuba,CE
c74f14c1e26cf1bd5bd34b6a1e274426,1,1,39.0,39.0,1,16.79,16.79,1,5.0,1,0.0,1,89900,sao miguel do oeste,SC
c76d418370990614e89e956c7a7567d9,2,2,305.24,152.62,1,64.53,32.265,1,3.5,2,0.0,2,06787,taboao da serra,SP
c79151301b9d90985d1fa52879213105,4,8,322.3,40.2875,3,130.81,16.35125,1,3.75,4,0.0,3,87083,maringa,PR
c794dab4928dd97beb41d05514441e86,16,16,1312.3999999999999,82.02499999999999,9,232.19,14.511875,1,4.375,16,0.125,16,13160,artur nogueira,SP
c7a0a13cbcf29d5ce51c8f80afdc0b89,8,9,483.08,53.675555555555555,4,174.72,19.413333333333334,2,4.125,8,0.0,8,89170,laurentino,SC
c7b7db6c8f3c64a7cc1afa634db21d50,1,1,1489.0,1489.0,1,22.86,22.86,1,1.0,1,1.0,1,04367,sao paulo,SP
c7bb64409aa480bb7d0335faaaf3d242,4,4,97.6,24.4,2,67.56,16.89,1,2.25,4,0.0,4,89218,joinville,SC
c7c7b2682c648339a0e9846bb1023a39,2,3,168.0,56.0,2,31.68,10.56,0,4.5,2,0.0,2,12916,braganca paulista,SP
c7dcd301ecfe5ab7f778ac172cf74be7,4,4,457.69,114.4225,3,62.14,15.535,2,2.5,4,0.0,3,30120,belo horizonte,MG
c7fdb77fdbff3c41981bc52f787e959e,10,12,696.32,58.02666666666667,8,175.56,14.63,1,3.5555555555555554,9,0.25,8,09111,santo andre,SP
c8025364abeecb115431bf95c11a747f,2,2,928.0,464.0,2,43.28,21.64,1,4.5,2,0.5,2,90630,porto alegre,RS
c8143b3069f6746a77421b5ce30a450c,1,1,142.47,142.47,1,43.41,43.41,1,5.0,1,0.0,1,75345,abadia de goias,GO
c826c40d7b19f62a09e2d7c5e7295ee2,354,373,45643.74,122.36927613941018,17,5573.48,14.942305630026809,1,4.085714285714285,350,0.09593023255813954,344,07133,guarulhos,SP
c840d3fdbba0790404fdae73d253b253,9,14,4522.28,323.02,7,359.65,25.689285714285713,2,3.5555555555555554,9,0.0,9,81530,curitiba,PR
c8417879a15366a17c30af34c798c332,26,36,1767.9,49.108333333333334,15,487.54,13.54277777777778,4,4.25,24,0.125,24,04445,sao paulo,SP
c84592044b180dec206770c38603814b,15,15,511.94000000000005,34.129333333333335,5,224.26,14.950666666666667,4,4.2,15,0.0,14,01026,sao paulo,SP
c8467937e403e76a8ee9f0ab13f6f5ef,30,33,1853.79,56.17545454545454,6,588.95,17.846969696969698,1,4.071428571428571,28,0.13333333333333333,30,37704,pocos de caldas,MG
c847e075301870dd144a116762eaff9a,42,43,15348.7,356.946511627907,5,1112.08,25.862325581395346,4,4.170731707317073,41,0.0975609756097561,41,38022,uberaba,MG
c85d7b477a709c85a1e8b8f25aa1b270,1,2,75.0,37.5,1,32.22,16.11,1,1.0,1,,0,09640,sao bernardo do campo,SP
c864036feaab8c1659f65ea4faebe1da,58,58,10454.2,180.2448275862069,29,1845.57,31.820172413793102,1,4.568965517241379,58,0.034482758620689655,58,83605,campo largo,PR
c8660dcf9ba70575f45d80fe28c27713,4,7,335.0,47.857142857142854,2,103.99,14.855714285714285,2,4.5,4,0.25,4,02040,sao paulo,SP
c8665a4dd081a2c436b1cd921079d0d9,1,1,79.39,79.39,1,14.14,14.14,1,5.0,1,0.0,1,14750,pitangueiras,SP
c8771b1a10bb99bb34d3c459c5cffb53,1,1,64.9,64.9,1,31.2,31.2,1,5.0,1,0.0,1,36512,tocantins,SP
c878515173c84a492ebe50d6b493230b,9,10,1118.84,111.88399999999999,6,189.2,18.919999999999998,4,4.111111111111111,9,0.2222222222222222,9,85880,itaipulandia,PR
c87abc38c8ed3240861729e1aeadf221,1,1,133.0,133.0,1,15.68,15.68,1,1.0,1,0.0,1,05713,sao paulo,SP
c88f62b4c386a59281014d677864d016,1,1,1099.0,1099.0,1,251.5,251.5,1,1.0,1,,0,86707,arapongas,PR
c89cf7c468a48af70aada384e722f9e2,14,14,745.0,53.214285714285715,7,226.01,16.143571428571427,1,4.0,13,0.07142857142857142,14,25730,petropolis,RJ
c8b0e2b0a7095e5d8219575d5e7e1181,84,85,12170.210000000001,143.1789411764706,58,1487.1299999999999,17.49564705882353,1,4.111111111111111,81,0.07317073170731707,82,08598,itaquaquecetuba,SP
c8b3445d737de6befde0c88ede534a5e,30,36,3149.04,87.47333333333333,7,651.75,18.104166666666668,2,4.413793103448276,29,0.034482758620689655,29,05734,sao paulo,SP
c8c1bea22194a4eefa2dc9a9fa89f536,7,13,1266.0,97.38461538461539,3,292.73,22.517692307692307,1,5.0,7,0.0,7,88210,porto belo,SC
c8cc60ffd415254af5d9b9f34f32c369,8,9,722.2,80.24444444444445,7,194.03,21.558888888888887,1,4.75,8,0.0,8,18053,sorocaba,SP
c8e135e7b21ecbc36c1153a29d2f5a06,7,7,1165.5,166.5,5,101.98,14.56857142857143,1,4.857142857142857,7,0.0,7,01411,sao paulo,SP
c963a25b8671419c6ce9eebe8fd03218,1,1,49.0,49.0,1,19.32,19.32,1,5.0,1,0.0,1,23943,angra dos reis rj,RJ
c97aa4ee7420f937da13b7f9e2228b99,1,1,29.9,29.9,1,6.66,6.66,1,,0,,0,93510,novo hamburgo,RS
c990d6cf976a5718aaedc539f383ab88,10,11,200.9,18.263636363636365,5,141.09,12.826363636363636,3,3.3,10,0.375,8,13145,paulinia,SP
c9a06ece156bb057372c68718ec8909b,14,14,4688.9,334.9214285714285,3,540.72,38.62285714285714,3,3.0,14,0.0,11,73020,brasilia,DF
c9aafcd0621b2207c10e32c649cada4d,44,52,2997.25,57.63942307692308,31,888.65,17.089423076923076,1,4.095238095238095,42,0.10526315789473684,38,08011,sao paulo,SP
c9c7905cffc4ef9ff9f113554423e671,127,139,10657.18,76.67035971223022,22,2109.53,15.176474820143886,9,4.152,125,0.104,125,06871,itapecerica da serra,SP
c9d2ba8dde44a275ae06475ed1d2fafc,1,1,28.79,28.79,1,14.52,14.52,1,5.0,1,0.0,1,38400,uberlandia,MG
c9e5ad1f6647f5dbd1172adf6ae3cada,4,4,259.03,64.7575,3,60.95,15.2375,3,4.75,4,0.0,4,90240,porto alegre,RS
ca3bd7cd9f149df75950150d010fe4a2,71,138,9731.85,70.52065217391305,51,3439.52,24.92405797101449,2,3.9714285714285715,70,0.04477611940298507,67,04361,sao paulo,SP
ca4b77513ac2040591b0d8fae6958380,14,15,1772.45,118.16333333333334,12,201.17000000000002,13.411333333333335,1,4.5,14,0.21428571428571427,14,09190,sando andre,SP
ca5832c6960267b71041f74bb39e8b12,1,1,79.9,79.9,1,17.81,17.81,1,1.0,1,1.0,1,89820,xanxere,SC
ca77545ca4d2dfd1431bf61334e2fa3c,6,10,760.0,76.0,2,213.71,21.371000000000002,2,4.666666666666667,6,0.0,6,87020,maringa,PR
ca7c6bd577e559472af1c699de9e764e,6,8,148.0,18.5,1,70.82,8.8525,1,4.333333333333333,6,0.0,6,09812,sao bernardo do campo,SP
caa9bc43a9fe8cf9c564ddd8a03cc4a6,13,14,803.87,57.419285714285714,5,233.87,16.705000000000002,1,4.666666666666667,12,0.07692307692307693,13,12308,jacarei,SP
cab85505710c7cb9b720bceb52b01cee,206,209,11389.1,54.4933014354067,28,2906.14,13.904976076555023,1,4.293103448275862,203,0.02512562814070352,199,02252,sao paulo,SP
cac4c8e7b1ca6252d8f20b2fc1a2e4af,75,83,4168.18,50.21903614457832,33,1554.3600000000001,18.727228915662653,7,3.6449275362318843,69,0.2318840579710145,69,13347,indaiatuba,SP
cac4e0bc1a3269fa2b6ea5e763f6115b,2,3,57.88,19.293333333333333,2,50.14,16.713333333333335,1,5.0,2,0.0,2,88351,brusque,SC
cac63f48c38cd7d002a7e846dcd99a23,10,10,874.0,87.4,7,140.62,14.062000000000001,1,4.777777777777778,9,0.0,9,13170,sumare,SP
cac876b37d3abcd6bd76caca30277996,27,33,2229.77,67.56878787878787,14,729.02,22.09151515151515,6,4.52,25,0.038461538461538464,26,85816,cascavel,PR
cad10cc982ab6a391570c211b995c17c,1,1,47.4,47.4,1,12.79,12.79,1,5.0,1,0.0,1,18701,avare,SP
cad9969167c09b48ae6f1d123f7fa68d,2,2,43.2,21.6,2,26.98,13.49,1,3.0,2,0.0,1,37706,pocos de caldas,MG
cb0b3bcf14e0a709df412a99424a59d7,2,2,460.0,230.0,2,47.43,23.715,1,4.5,2,0.0,2,04255,sao paulo,SP
cb162c8eef257253782d245c08d9097c,1,1,34.99,34.99,1,14.13,14.13,1,5.0,1,0.0,1,06419,barueri,SP
cb32766839f443db85c82a43c4a6c19e,2,2,234.0,117.0,2,31.51,15.755,1,3.0,2,0.0,2,13506,rio claro,SP
cb3dd9ce66268c7a3ca7241ac70ab58c,50,52,2879.76,55.38,27,845.95,16.26826923076923,2,4.15,50,0.0625,48,03028,sao paulo,SP
cb41bfbcbda0aea354a834ab222f9a59,12,12,4002.0,333.5,3,886.68,73.89,1,3.3333333333333335,12,0.36363636363636365,11,03520,sao paulo,SP
cb4a705d00e100b9732d0ca34817d441,1,2,998.0,499.0,1,82.56,41.28,1,1.0,1,0.0,1,88032,florianopolis,SC
cb5df0dcb9e280b1780e9d589889f2c7,16,19,2934.7200000000003,154.45894736842106,15,754.49,39.71,5,2.6,15,0.18181818181818182,11,15115,bady bassitt,SP
cb5ff1b9715e99589f3e0c7a6afab9e3,4,4,85.0,21.25,2,54.03,13.5075,1,4.0,4,0.0,4,87060,maringa,PR
cb6c9f5888a7a090c75beaf615925792,11,11,779.8900000000001,70.89909090909092,9,229.08,20.825454545454548,5,4.1,10,0.1,10,29100,vila velha,ES
cb810bd318f51b3dc3c753944d61a1fa,1,1,1750.0,1750.0,1,39.02,39.02,1,4.0,1,0.0,1,24240,niteroi,RJ
cb8bcce248bb1fb274ba762d8b971456,68,69,9402.2,136.26376811594204,5,1232.82,17.86695652173913,3,4.2388059701492535,67,0.015384615384615385,65,37540,santa rita do sapucai,MG
cb9fb4ca75d7ba8437480e8dde64fe98,10,10,532.14,53.214,3,173.42000000000002,17.342000000000002,0,4.222222222222222,9,0.0,9,03551,sao paulo,SP
cbbd5ae8f53de5f5097cd8217b529e24,2,2,351.8,175.9,1,70.44999999999999,35.224999999999994,1,2.5,2,0.0,1,06544,santana de parnaiba,SP
cbd996ad3c1b7dc71fd0e5f5df9087e2,165,196,8411.04,42.91346938775511,13,2873.92,14.662857142857144,3,4.14375,160,0.0880503144654088,159,15081,sao jose do rio preto,SP
cbf09e831b0c11f6f23ffb51004db972,10,10,1535.2,153.52,4,280.2,28.02,2,4.4,10,0.0,10,09726,sbc/sp,SP
cc1f04647be106ba74e62b21f358af25,1,1,11.9,11.9,1,8.29,8.29,1,1.0,1,0.0,1,02739,sao paulo,SP
cc3d14116804f7209f3884f6367f1152,27,30,5477.8,182.59333333333333,4,582.79,19.426333333333332,3,4.615384615384615,26,0.038461538461538464,26,82940,curitiba,PR
cc419e0650a3c5ba77189a1882b7556a,1706,1775,104288.42,58.75403943661972,37,25668.99,14.46140281690141,4,4.077869659381768,1693,0.06136087484811665,1646,09015,santo andre,SP
cc5a78bbad32776dc4e3af205218368c,33,38,4269.18,112.34684210526316,25,1304.17,34.320263157894736,5,4.451612903225806,31,0.03225806451612903,31,35501,divinopolis,MG
cc63f0dd2acba93ffed4fe9f8e0321fa,55,63,7096.71,112.64619047619048,17,1399.97,22.221746031746033,2,4.090909090909091,55,0.0,55,15025,sao jose do rio preto,SP
cc80e2f693fa6e2408f47ccf62413fc1,2,2,420.0,210.0,1,88.63,44.315,1,4.0,2,0.0,2,81050,curitiba,PR
cca3071e3e9bb7d12640c9fbe2301306,712,830,64009.89,77.12034939759036,322,14371.4,17.314939759036143,6,3.9264264264264264,666,0.058646616541353384,665,14940,ibitinga,SP
ccada0ef508e698917a6eab263375905,3,3,172.8,57.6,3,59.160000000000004,19.720000000000002,1,3.6666666666666665,3,0.0,3,85948,pato bragado,PR
ccb83a794700270fde70898fe9ff368b,12,12,11062.0,921.8333333333334,2,1723.73,143.64416666666668,1,4.333333333333333,12,0.16666666666666666,12,88960,sombrio,SC
ccbd753e6863fe7314dc6c0ca5a074e7,1,1,495.0,495.0,1,101.56,101.56,1,4.0,1,0.0,1,89046,blumenau,SC
ccc4bbb5f32a6ab2b7066a4130f114e3,187,192,74004.62,385.44072916666664,12,5256.98,27.380104166666666,2,4.3224043715847,183,0.07734806629834254,181,80310,curitiba,PR
cce6ab8d1682639fe45ab70234f1665f,63,66,2522.7,38.22272727272727,17,1167.44,17.688484848484848,1,4.412698412698413,63,0.04918032786885246,61,81020,curitiba,SP
ccf8813e5a7d6c84d865cd38bfc2b130,26,26,2635.5,101.36538461538461,8,415.79,15.991923076923078,2,4.666666666666667,24,0.08333333333333333,24,12080,taubate,SP
cd06602b43d8800bd0afad514919d35c,44,53,2588.07,48.83150943396227,20,747.26,14.099245283018869,3,3.761904761904762,42,0.04878048780487805,41,04119,sao paulo,SP
cd2169d9f31ff6fbb9ca3373b0c9e354,1,1,569.0,569.0,1,56.33,56.33,1,4.0,1,0.0,1,28633,nova friburgo,RJ
cd233f8bfa30ebfd651f47ee7d054951,1,1,79.9,79.9,1,18.66,18.66,1,5.0,1,0.0,1,16208,birigui,SP
cd3d09fbe6e3e9ff0c0ac0c300e93ae7,12,12,651.04,54.25333333333333,11,229.19,19.099166666666665,1,4.166666666666667,12,0.08333333333333333,12,13380,nova odessa,SP
cd52a8efd71af3336b14b5039b951cc1,3,3,170.8,56.93333333333334,1,59.74,19.913333333333334,1,2.0,2,0.0,1,88136,palhoca,SP
cd68562d3f44870c08922d380acae552,125,132,18569.7,140.67954545454546,58,2207.49,16.72340909090909,9,3.943548387096774,124,0.18032786885245902,122,14050,ribeirao preto,SP
cd6efc47efaabf134f8bdb654e10b4f1,31,32,4158.55,129.9546875,10,598.61,18.7065625,6,4.466666666666667,30,0.1,30,23050,rio de janeiro,RJ
cd843d4cf8ef32827de0396605163ba3,5,5,1915.0,383.0,3,697.56,139.512,1,3.8,5,0.0,5,36071,juiz de fora,MG
cda598c48d7c614bc1cad7d8ff6f0010,17,18,1118.6000000000001,62.14444444444445,4,301.6,16.755555555555556,4,4.125,16,0.0,16,15137,mirassol,SP
ce20a2ec1514c25e16f2b5b39bc818f0,4,7,287.0,41.0,3,209.03,29.861428571428572,1,4.75,4,0.25,4,05186,sao paulo,SP
ce248b21cb2adc36282ede306b7660e5,65,66,15230.06,230.75848484848484,37,2066.89,31.316515151515148,8,4.229508196721311,61,0.11666666666666667,60,89251,jaragua do sul,SC
ce27a3cc3c8cc1ea79d11e561e9bebb6,135,164,10682.65,65.13810975609756,40,2329.22,14.202560975609755,11,3.9153846153846152,130,0.02459016393442623,122,03006,sao paulo,SP
ce33c6211beaa8fef4cae8b52db39862,1,1,49.0,49.0,1,14.52,14.52,1,3.0,1,0.0,1,08655,suzano,SP
ce3ad9de960102d0677a81f5d0bb7b2d,1,1,158.0,158.0,1,16.21,16.21,1,5.0,1,0.0,1,20031,rio de janeiro,RJ
ce4755084bc097113867e6454f8f5e52,1,1,18.9,18.9,1,12.79,12.79,1,5.0,1,0.0,1,14090,ribeirao preto,SP
ce616e1913288884e7742faac9d981db,15,24,365.1,15.2125,9,274.93,11.455416666666666,1,4.571428571428571,14,0.07692307692307693,13,06711,cotia,SP
ce69a8021d18961dd2a40269b7c2c293,19,19,4818.0,253.57894736842104,13,471.05,24.792105263157897,4,4.666666666666667,18,0.1111111111111111,18,81070,curitiba,PR
ce7d1888639e6fb06b2749cbfdac1ff7,78,84,11793.89,140.4034523809524,14,3082.65,36.698214285714286,4,4.315068493150685,73,0.0958904109589041,73,37443,baependi,MG
cea729054f157f5870bdd321a958d994,24,26,2482.1,95.46538461538461,17,349.52,13.443076923076923,2,4.142857142857143,21,0.047619047619047616,21,03161,sao paulo,SP
ceaec5548eefc6e23e6607c5435102e7,203,211,52917.18,250.7923222748815,33,6331.84,30.00872037914692,7,4.141414141414141,198,0.06091370558375635,197,03821,sao paulo,SP
ceb7b4fb9401cd378de7886317ad1b47,1,1,399.9,399.9,1,16.55,16.55,1,3.0,1,,0,22790,04482255,RJ
cecd97bc34ed8330bd4cd15713eda670,1,1,57.99,57.99,1,18.51,18.51,1,1.0,1,0.0,1,89819,cordilheira alta,SC
cee48807215b30a12ca2ca10ffb5f250,39,40,7212.2300000000005,180.30575000000002,27,913.29,22.83225,2,3.8157894736842106,38,0.15789473684210525,38,11431,guaruja,SP
cf1313c6e2c01c2f4b014f97db4bcd2b,5,5,315.70000000000005,63.14000000000001,3,81.3,16.259999999999998,2,5.0,5,0.2,5,22050,rio de janeiro \rio de janeiro,RJ
cf2384dd2f1dddea3f838efed0945e65,16,16,2101.5,131.34375,5,433.44,27.09,2,3.9375,16,0.0,16,13930,serra negra,SP
cf281cf8b7affbdfe751b29cc85580e1,1,1,64.9,64.9,1,25.33,25.33,1,1.0,1,,0,61760,eusebio,CE
cf654707ed6a99f112c7ec3d6f314b8b,3,4,756.0,189.0,4,33.54,8.385,1,4.666666666666667,3,0.0,3,04615,sao paulo,SP
cf6f6bc4df3999b9c6440f124fb2f687,1,1,3.5,3.5,1,8.72,8.72,1,5.0,1,,0,04937,sao paulo,SP
cf8ab1616079e2793aa29d524df01bb1,9,9,14391.0,1599.0,2,759.37,84.37444444444445,1,2.0,9,0.16666666666666666,6,04088,sao paulo,SP
cfa5ab0e4d3fc212fd0b3410e7081c62,16,21,6180.8,294.32380952380953,11,1039.01,49.47666666666667,6,3.8666666666666667,15,0.0,14,36500,uba,MG
cfb1a033743668a192316f3c6d1d2671,147,184,12803.64,69.585,61,3432.56,18.655217391304348,1,4.16412213740458,131,0.125,128,18110,votorantim,SP
cfd7ddab722b902f7ac5b5f3ba6d723d,12,13,3385.0299999999997,260.38692307692304,8,673.0799999999999,51.77538461538461,5,4.75,12,0.0,12,32372,contagem,MG
cfe94489ddd337d1e29e12f2a7205d10,20,24,2376.0,99.0,1,296.82,12.3675,1,4.3,20,0.1,20,03178,sao paulo,SP
d03698c2efd04a549382afa6623e27fb,18,21,8865.47,422.16523809523807,14,779.15,37.102380952380955,2,4.705882352941177,17,0.058823529411764705,17,45658,ilheus,BA
d05ae8f7a5bd1d2a690a44cd079e4e27,78,81,13436.0,165.87654320987653,11,1159.43,14.313950617283952,1,3.9066666666666667,75,0.09333333333333334,75,22775,rio de janeiro,RJ
d06d019f72a04e5497a0b64190af170c,17,17,2415.93,142.1135294117647,5,225.51,13.26529411764706,1,4.529411764705882,17,0.058823529411764705,17,06703,cotia,SP
d0d70d21e2234dd7cd3cf63fe414148a,8,9,598.4,66.48888888888888,6,366.59,40.73222222222222,1,4.714285714285714,7,0.0,7,58865,sao bento,PB
d101c6da914ae3d53f7bee42283f2fe2,13,16,1297.4,81.0875,4,260.15,16.259375,3,3.6153846153846154,13,0.07692307692307693,13,08072,sao paulo,SP
d12c926d74ceff0a90a21184466ce161,78,99,3944.18,39.84020202020202,30,1248.64,12.612525252525254,8,4.328947368421052,76,0.013513513513513514,74,02634,sao paulo,SP
d13e50eaa47b4cbe9eb81465865d8cfc,67,69,7155.05,103.6963768115942,7,857.79,12.431739130434782,2,4.82089552238806,67,0.21212121212121213,66,09210,santo andre,SP
d149de2f383552baea37a7198c2296ce,3,3,320.70000000000005,106.90000000000002,2,33.67,11.223333333333334,1,5.0,3,0.0,3,04193,sao paulo,SP
d1582f4043306e6b91afa6a8a884f898,9,9,990.0,110.0,1,131.92,14.657777777777776,1,4.111111111111111,9,0.1111111111111111,9,03445,sao paulo,SP
d17f467e4bf608a510c20d82f4ba3b6b,12,12,3021.66,251.80499999999998,11,534.89,44.57416666666666,3,4.0,12,0.18181818181818182,11,95098,caxias do sul,RS
d180e07dc1e58c31c3f0cd599dc4d945,1,1,58.8,58.8,1,14.16,14.16,0,3.0,1,0.0,1,30620,belo horizonte,MG
d197aa8fbc64087f61984deef05f6227,6,7,519.09,74.1557142857143,6,111.56,15.937142857142858,2,4.833333333333333,6,0.0,6,12224,sao jose dos campos,SP
d1a1b40ec554c593a1a99366746289dd,1,1,49.7,49.7,1,14.52,14.52,1,2.0,1,,0,85501,pato branco,PR
d1a5cc844736958c11b8efab9a2b4c87,1,1,237.6,237.6,1,16.41,16.41,1,1.0,1,1.0,1,80310,curitiba,PR
d1aa1ec0839dcab73a6161130eb1f94a,1,1,119.9,119.9,1,16.14,16.14,1,4.0,1,1.0,1,80220,curitiba,PR
d1b65fc7debc3361ea86b5f14c68d2e2,40,41,11703.07,285.44073170731707,30,1438.73,35.0909756097561,3,4.55,40,0.05128205128205128,39,13844,mogi guacu,SP
d1b9d4be4b6f9ebd85f8acd6745ba612,11,11,1154.35,104.94090909090909,10,194.18,17.652727272727272,1,4.5,10,0.0,10,34006,nova lima,MG
d1c281d3ae149232351cd8c8cc885f0d,215,240,26942.6,112.26083333333332,115,5396.46,22.48525,2,3.9166666666666665,192,0.09895833333333333,192,14940,ibitinga,SP
d1c7fa84e48cfa21a0e595167c1c500e,12,12,1156.03,96.33583333333333,6,321.35,26.77916666666667,3,4.545454545454546,11,0.0,11,99730,jacutinga,RS
d1e2fe627180431ffda076abb303c56f,1,1,289.0,289.0,1,9.05,9.05,1,1.0,1,,0,25900,rio de janeiro,RJ
d1ef48b38baca7e831711c4a0aeb398f,29,35,1469.1200000000001,41.97485714285715,18,675.5699999999999,19.302,6,4.428571428571429,28,0.1111111111111111,27,86800,apucarana,PR
d20b021d3efdf267a402c402a48ea64b,90,106,4140.17,39.058207547169815,45,1575.0,14.858490566037736,3,3.789473684210526,76,0.2054794520547945,73,14940,ibitinga,SP
d23019c84ffae2d5ef2270367b8605fc,39,39,29205.1,748.8487179487179,8,2749.7400000000002,70.50615384615385,1,4.378378378378378,37,0.02702702702702703,37,86073,londrina,PR
d2374cbcbb3ca4ab1086534108cc3ab7,524,631,21223.92,33.63537242472266,111,9593.88,15.204247226624405,4,3.8441295546558703,494,0.06134969325153374,489,14940,ibitinga,SP
d2572f31e9023e9850ef986a636ff9bf,1,1,279.0,279.0,1,26.69,26.69,1,5.0,1,0.0,1,30640,belo horizonte,MG
d25aa0aaacb370e912f8cf6efeba38b3,17,21,2658.45,126.59285714285713,5,714.6800000000001,34.032380952380954,2,4.5625,16,0.0625,16,89108,massaranduba,SC
d263fa444c1504a75cbca5cc465f592a,1,1,399.0,399.0,1,45.07,45.07,1,5.0,1,0.0,1,13478,americana,SP
d26aa40b90272d4843d63be7c1462c8d,2,2,152.9,76.45,2,24.52,12.26,1,4.5,2,0.0,2,03065,sao paulo,SP
d297f1055de2956aedfd3b04113dce3e,1,1,54.3,54.3,1,7.64,7.64,1,4.0,1,0.0,1,13382,nova odessa,SP
d29ba1220fb8634fa3a107e54497b8a4,9,9,724.94,80.5488888888889,7,182.92000000000002,20.324444444444445,1,3.2222222222222223,9,0.0,9,13560,sao carlos,SP
d2df77822373f19934e87694d8640767,2,2,155.9,77.95,2,40.5,20.25,2,3.0,2,0.0,2,86706,arapongas,PR
d2e753bb80b7d4faa77483ed00edc8ca,14,15,1320.7,88.04666666666667,9,454.24,30.282666666666668,2,4.0,11,0.09090909090909091,11,45810,porto seguro,BA
d2f3e277560ed4c6361284429b00f037,7,7,320.55,45.792857142857144,7,134.11,19.15857142857143,1,4.6,5,0.0,5,12942,atibaia,SP
d32e3909cfb714fb2a6cb092c85b9c5f,10,11,2827.9,257.08181818181816,8,251.0,22.818181818181817,2,3.5,10,0.3,10,13215,jundiai,SP
d354c38a7182125a748cb10474fe963b,18,20,1610.33,80.5165,7,315.85,15.7925,1,4.294117647058823,17,0.058823529411764705,17,28495,aperibe,RJ
d3674f271c91f824f82d24d92011f669,20,20,1718.3,85.91499999999999,6,383.52,19.176,2,4.1,20,0.1,20,72233,brasilia,DF
d36b07fd3c5088e477a72d1fccfe29d4,1,1,328.9,328.9,1,10.96,10.96,1,5.0,1,0.0,1,18200,itapetininga,SP
d379f449f2a3b271bc01c0782020f705,28,29,4423.06,152.5193103448276,13,1076.74,37.12896551724138,3,4.0,27,0.037037037037037035,27,35500,divinopolis,MG
d3891911c2feae53c52fea2bd14054e5,2,2,141.0,70.5,2,25.990000000000002,12.995000000000001,1,5.0,2,0.0,2,06760,sao paulo,SP
d3dcf0604eabf0224fbd5948b5e02f69,9,9,2902.2999999999997,322.47777777777776,8,165.10999999999999,18.345555555555553,4,3.888888888888889,9,0.3333333333333333,9,03654,sao paulo,SP
d3e7d37c0df9aef383f3f2a15b0dddfb,1,1,161.0,161.0,1,40.34,40.34,1,5.0,1,0.0,1,83050,sao jose dos pinhais,PR
d3f39f05462b79a4562d35893a28f159,34,38,2411.3,63.45526315789474,6,557.47,14.670263157894738,2,3.838709677419355,31,0.13333333333333333,30,13730,mococa,SP
d4828feed4cda2cd9d6b37899a95a71e,1,1,39.9,39.9,1,22.21,22.21,1,2.0,1,0.0,1,63020,juzeiro do norte,CE
d4910f1cdcfdabd48d6b316e395d4a23,11,12,1146.88,95.57333333333334,2,215.04,17.919999999999998,1,4.909090909090909,11,0.09090909090909091,11,09190,santo andre,SP
d4a5e99e0dd915df64ba55a7fbd583fd,2,6,65.15,10.858333333333334,2,84.6,14.1,1,3.0,2,0.0,2,05041,sao paulo,SP
d4d99b60c4c94cd35acd502cec65dc8d,1,1,72.9,72.9,1,14.39,14.39,1,3.0,1,0.0,1,04904,sao paulo,SP
d4e12e7884759a14fa0f5f896c791cae,29,32,1400.0,43.75,14,439.67,13.7396875,1,4.620689655172414,29,0.06896551724137931,29,02242,sao paulo,SP
d4e4b5192cba4e0e66eb12a9d347239d,12,12,441.8,36.81666666666667,11,210.29,17.524166666666666,1,4.166666666666667,12,0.0,11,85904,toledo,PR
d4f117125b59ce73c3302f88ee40c458,17,17,783.29,46.07588235294117,8,215.32,12.665882352941177,1,4.823529411764706,17,0.0,17,04058,sao paulo,SP
d4f91e8be86b38da2ee35bc489645a9d,1,1,49.99,49.99,1,11.17,11.17,1,5.0,1,0.0,1,12512,guaratingueta,SP
d4ffeb15b67e81ff9af2b4252d99fb7e,11,12,1400.4,116.7,8,324.40999999999997,27.034166666666664,3,4.3,10,0.0,11,12943,atibaia,SP
d50d79cb34e38265a8649c383dcffd48,70,70,13012.42,185.8917142857143,19,1932.26,27.603714285714286,5,4.2388059701492535,67,0.07352941176470588,68,08290,sao paulo,SP
d51e0a403fe2e689ece6c73359d96e12,19,26,7790.0,299.61538461538464,5,673.02,25.885384615384616,1,4.105263157894737,19,0.1111111111111111,18,17580,pompeia,SP
d52cbce9845184537284a23c3bc3da0e,2,4,75.0,18.75,3,63.78,15.945,1,5.0,2,0.0,2,88495,garopaba,SC
d558ebe531605a1285ab2b1bc3256dfb,3,3,709.0,236.33333333333334,2,73.23,24.41,1,4.666666666666667,3,0.0,3,35501,divinopolis,MG
d566c37fa119d5e66c4e9052e83ee4ea,65,73,5145.7,70.48904109589041,25,979.22,13.413972602739726,2,4.682539682539683,63,0.03125,64,04131,sao paulo,SP
d57e18d5f73c7ccb7f7339b61166898d,61,63,3187.7,50.598412698412695,25,923.49,14.65857142857143,3,4.45,60,0.03333333333333333,60,03613,sao paulo,SP
d58d521f3789def2e7a22715e0badd93,2,2,65.98,32.99,1,18.22,9.11,1,3.5,2,0.0,2,03643,sao paulo,SP
d594982fd877af63ace38ea1fca27c76,7,7,217.04,31.005714285714284,2,92.66,13.237142857142857,2,4.428571428571429,7,0.0,7,01031,sao paulo,SP
d598f929fc44e1e38678e7f47250ec04,1,1,69.9,69.9,1,37.4,37.4,1,5.0,1,0.0,1,73801,formosa,GO
d5b9a084373da994a6e37f732169a853,7,7,1769.0,252.71428571428572,5,176.29000000000002,25.184285714285718,1,4.0,6,0.3333333333333333,6,09182,santo andre,SP
d5ba419e26d246a0719437cf37d9b46d,34,35,4061.4,116.04,9,520.11,14.860285714285714,1,4.0,32,0.125,32,03437,sao paulo,SP
d5c530f4884a75ae0dba9c148718d278,6,9,280.88,31.20888888888889,6,164.05,18.227777777777778,1,4.0,5,0.25,4,35660,centro,MG
d624126b9206f595fb3fbb6ba03b28a8,23,28,7198.8,257.1,13,569.7,20.34642857142857,2,4.318181818181818,22,0.043478260869565216,23,80045,curitiba,PR
d63c73efd41eb002280e7ec831424edb,2,2,5598.0,2799.0,2,168.58999999999997,84.29499999999999,1,4.0,2,0.0,2,13405,piracicaba,SP
d63f306de130e0391d38a792541723b8,1,1,49.0,49.0,1,7.6,7.6,1,5.0,1,0.0,1,03236,sao paulo,SP
d650b663c3b5f6fb392b6326366efa9a,60,60,19242.9,320.71500000000003,30,910.14,15.169,2,4.254237288135593,59,0.07142857142857142,56,06713,cotia,SP
d65f31d2413268e671989503f6cf9993,2,3,488.8,162.93333333333334,3,71.15,23.71666666666667,1,1.0,2,,0,13160,artur nogueira,SP
d66c11a9572221d92fbb8c4897db5f9b,16,16,776.56,48.535,9,387.82,24.23875,3,4.5625,16,0.0,16,20770,rio de janeiro,RJ
d66c305afaec317ebee552073a674429,41,47,4886.46,103.96723404255319,25,1199.24,25.515744680851064,8,4.4,40,0.02702702702702703,37,33936,ribeirao das neves,MG
d673a59aac7a70d8b01e6902bf090a11,79,84,3908.94,46.535000000000004,16,1590.62,18.93595238095238,2,4.1,70,0.11428571428571428,70,14940,ibitinga,SP
d6ab728cf30867cf3f1a2e216ae2f9b7,12,14,2002.0,143.0,13,231.82,16.55857142857143,2,4.416666666666667,12,0.0,12,03185,sao paulo,SP
d6b1ce66b035a475f00c017792ff9769,92,108,12277.4,113.67962962962963,18,2038.48,18.874814814814815,3,4.35632183908046,87,0.06818181818181818,88,13327,salto,SP
d6b664fa0667064c6d76394e7848d790,6,6,6080.0,1013.3333333333334,2,324.34,54.056666666666665,1,4.833333333333333,6,0.16666666666666666,6,14801,araraquara,SP
d6cd01c59123df02fc226eadbadb5f89,2,3,244.9,81.63333333333334,2,31.21,10.403333333333334,2,3.0,2,0.0,1,01207,sao paulo,SP
d71d863e5ef30d94e440c11be17dcd8f,29,36,11900.9,330.5805555555555,7,754.75,20.96527777777778,5,2.88,25,0.13636363636363635,22,06144,osasco,SP
d73cbd89533ce8b041a9190241453ac8,4,4,368.6,92.15,4,65.02,16.255,1,3.5,4,0.0,3,36525,guiricema,MG
d7485b33791774c36108f8c69602d48d,10,10,399.82,39.982,8,219.32,21.932,1,4.0,9,0.1111111111111111,9,81020,curitiba,PR
d7827b2af99326a03b0ed9c7a24db0d3,1,1,1455.0,1455.0,1,101.7,101.7,1,5.0,1,0.0,1,86076,londrina,SP
d79e8478eed9999493990b44955fb22e,5,5,721.89,144.378,3,80.72,16.144,2,4.0,4,0.2,5,20081,rio de janeiro / rio de janeiro,RJ
d7ab82074b5f1dfba46db123df101bff,2,3,38.67,12.89,2,45.3,15.1,0,4.5,2,0.0,2,12941,atibaia,SP
d7b2377bae6ace1b11fc69a11900ac36,4,4,329.6,82.4,4,51.96,12.99,1,3.25,4,0.3333333333333333,3,02415,sao paulo,SP
d7d517afce974cd491b8d52bb5b5b1fc,1,1,89.99,89.99,1,18.73,18.73,1,4.0,1,0.0,1,03508,sao paulo,SP
d7f1cfc638473be93baedbfd02208016,1,1,30.0,30.0,1,17.14,17.14,1,5.0,1,0.0,1,26112,belford roxo,RJ
d85efbc8eff2b7adf524e2820569adc8,1,1,55.0,55.0,1,8.29,8.29,1,5.0,1,0.0,1,05268,sao paulo,SP
d8b8f2cf9ff6ba0389072541cb42498c,1,1,149.0,149.0,1,20.01,20.01,1,5.0,1,0.0,1,73813,formosa,GO
d8bf0fc082fd4a77fc2e5679b6c00133,1,1,139.9,139.9,1,9.14,9.14,1,5.0,1,0.0,1,03184,sao paulo,SP
d8c7ba53e7e38711eaef8c2849d6d2e1,22,22,1190.87,54.13045454545454,6,597.47,27.157727272727275,3,4.476190476190476,21,0.0,21,87120,floresta,PR
d8cf3b6a2151949f930d0252b180ec42,6,19,623.7,32.82631578947369,4,406.48,21.393684210526317,1,3.2,5,0.0,5,87160,mandaguacu,PR
d8d9567d0bfb0bc7eb845a205ba42657,4,4,74.6,18.65,3,59.71,14.9275,2,4.333333333333333,3,0.6666666666666666,3,03688,sao paulo,SP
d8dd176509baa37f359644d082bf7f7b,2,2,198.0,99.0,1,31.9,15.95,1,1.5,2,1.0,2,09570,sao caetano do sul,SP
d90fe2229fee1a5da999ccd0c06c1667,3,3,450.0,150.0,2,66.91,22.30333333333333,1,4.666666666666667,3,0.0,3,03416,sao paulo,SP
d91fb3b7d041e83b64a00a3edfb37e4f,535,536,40889.74,76.28682835820895,315,9290.77,17.333526119402986,6,4.091023226616447,531,0.06297709923664122,524,11704,praia grande,SP
d921b68bf747894be13a97ae52b0f386,77,77,15645.8,203.1922077922078,46,1758.01,22.8312987012987,6,4.605263157894737,76,0.013157894736842105,76,35570,formiga,MG
d93844a9c55ba7ce353388bcf849ea56,12,14,2708.5,193.46428571428572,12,521.02,37.215714285714284,1,4.25,12,0.08333333333333333,12,82320,curitiba,PR
d93919c944be9cff128f6c9cb899eacb,33,33,2666.7000000000003,80.80909090909091,6,957.31,29.009393939393938,2,4.0,33,0.18181818181818182,33,13375,mombuca,SP
d93b8458c6fe139d85cfa5eadbf55bd2,1,1,19.9,19.9,1,14.1,14.1,1,5.0,1,0.0,1,02238,sao paulo,SP
d9442042130b7fe579d1295f9f4a248f,19,22,772.16,35.098181818181814,8,338.88,15.403636363636364,4,4.368421052631579,19,0.05263157894736842,19,03550,sao paulo,SP
d94a40fd42351c259927028d163af842,101,110,13823.8,125.67090909090908,17,3397.14,30.883090909090907,2,4.290322580645161,93,0.043010752688172046,93,37443,baependi,MG
d94ba08b99bedd6a5f6c875ecc4a6fac,9,10,599.0,59.9,1,179.27,17.927,1,4.777777777777778,9,0.0,8,86800,apucarana,PR
d97df38225e5abadaff1e72cb72b823c,29,29,1846.0,63.6551724137931,19,516.92,17.824827586206894,1,4.038461538461538,26,0.18518518518518517,27,09560,sao caetano do sul,SP
d98eec89afa3380e14463da2aabaea72,168,183,6968.53,38.07939890710382,26,3256.7799999999997,17.79661202185792,4,4.4079754601226995,163,0.024390243902439025,164,90010,porto alegre,RS
d9a84e1403de8da0c3aa531d6d108ba6,54,59,1425.2,24.15593220338983,35,732.14,12.409152542372881,5,4.653846153846154,52,0.058823529411764705,51,03562,sao paulo,SP
d9b00a97818674c7f8d8b1ef0e689679,1,1,69.9,69.9,1,9.18,9.18,1,3.0,1,0.0,1,84035,ponta grossa,PR
d9bd94811c3338dceb4181f3dbc0c73e,54,61,6911.02,113.29540983606559,20,771.09,12.640819672131148,5,4.796296296296297,54,0.1111111111111111,54,04186,sao paulo,SP
d9c349beabc06aa6ff1c6d68b5e9e22e,1,1,168.1,168.1,1,37.55,37.55,1,5.0,1,0.0,1,03586,sao paulo,SP
d9cb0052a666de5308b32f32ad5f1b1c,3,3,231.89999999999998,77.3,3,38.59,12.863333333333335,1,5.0,2,0.0,2,15400,olimpia,SP
d9cd369bffa979d1634f8e1318bf2f1b,3,3,678.0,226.0,3,66.81,22.27,1,5.0,3,0.0,3,15115,bady bassitt,SP
d9d43faf741ceaa8da52fdbb81d9e0e3,6,8,210.0,26.25,8,211.25,26.40625,1,3.6666666666666665,6,0.0,4,36010,juiz de fora,SP
d9e7e7778b32987280a6f2cb9a39c57d,11,13,722.5,55.57692307692308,7,263.89,20.299230769230768,1,3.5454545454545454,11,0.36363636363636365,11,03304,sao paulo,SP
d9e8c084b68fe958861d8f2c21202e6b,9,12,3050.0,254.16666666666666,2,181.86,15.155000000000001,2,4.333333333333333,9,0.0,9,05528,sao paulo,SP
da03c298e3999e9d828591fc2179d109,4,5,787.7,157.54000000000002,2,54.78,10.956,1,4.75,4,0.0,4,04041,sao paulo,SP
da20530872245d6cd9d2f5725613c430,2,3,314.96000000000004,104.98666666666668,2,79.25999999999999,26.419999999999998,1,4.5,2,0.0,2,95650,igrejinha,RS
da2782c804606d2a5d8e1760dbb3e7ec,1,1,89.0,89.0,1,14.37,14.37,1,1.0,1,1.0,1,02022,sao paulo,SP
da3fede3469bf49b7293ce3fc45b294d,1,1,44.9,44.9,1,12.79,12.79,1,5.0,1,0.0,1,08743,mogi das cruzes,SP
da4d149c0ddbac90557103ac0a0ec356,1,1,730.0,730.0,1,45.98,45.98,1,3.0,1,,0,09861,sbc,SP
da6a60cc8cc724fe51be021ff8be779c,12,13,728.79,56.060769230769225,9,255.79,19.676153846153845,2,4.75,12,0.0,12,28941,sao pedro da aldeia,RJ
da7039f29f90ce5b4846ffc0fcc93beb,17,18,1259.1,69.94999999999999,7,244.45000000000002,13.580555555555556,1,4.75,16,0.0625,16,09041,santo andre,SP
da8622b14eb17ae2831f4ac5b9dab84a,1314,1551,160236.57,103.31177949709866,222,24955.75,16.090103159252095,4,4.215354330708662,1270,0.0770440251572327,1272,13405,piracicaba,SP
dace965ca58120f92f8d742a9fa1864b,8,8,1442.0,180.25,7,131.77,16.47125,1,4.625,8,0.0,8,14015,sao paulo,SP
dadc51ef321949ec9a3ab25cd902e23d,1,1,85.0,85.0,1,14.34,14.34,1,1.0,1,,0,04821,sao paulo,SP
daeb5653dd96c1b11860f72209795012,40,41,2305.9,56.24146341463415,27,632.16,15.418536585365853,8,4.0875,40,0.07894736842105263,38,31310,belo horizonte,MG
daf565f087a52def0fd5c5825b3661bc,9,9,813.9000000000001,90.43333333333334,5,307.93,34.214444444444446,1,3.857142857142857,7,0.125,8,88350,brusque,SC
db1f0f7c7e5e87f40b62226f020bb297,3,3,59.01,19.669999999999998,3,64.72,21.573333333333334,1,4.666666666666667,3,0.0,3,83322,pinhais,PR
db2956745b3a8e9f3785c99f34b5d25e,47,48,8599.0,179.14583333333334,6,975.27,20.318125,1,3.8222222222222224,45,0.11627906976744186,43,11600,sao sebastiao,SP
db4350fd57ae30082dec7acbaacc17f9,137,146,3331.31,22.81719178082192,51,2090.33,14.317328767123287,5,4.21875,128,0.0390625,128,03126,sao paulo,SP
db46ca7bce82b11f7e247539271fc390,16,16,933.97,58.373125,8,215.89,13.493125,1,4.8,15,0.0,15,23080,rio de janeiro,RJ
db6a4d4b5f1f5f98820ce6ce2619e2de,1,1,135.99,135.99,1,12.16,12.16,1,5.0,1,0.0,1,02968,sao paulo,SP
db7ed69a53aa9fb1c01930ba54a88bbe,1,1,109.0,109.0,1,11.78,11.78,1,5.0,1,0.0,1,13820,jaguariuna,SP
dbb9b48c841a0e39e21f98e1a6b2ec3e,108,118,7186.85,60.90550847457627,55,1581.41,13.401779661016949,10,4.300970873786408,103,0.038834951456310676,103,03929,sao paulo,SP
dbbcfe2c8d026742134ac3e28ccde274,4,4,308.59000000000003,77.14750000000001,4,54.379999999999995,13.594999999999999,1,4.0,4,0.0,4,81630,curitiba,PR
dbc22125167c298ef99da25668e1011f,406,429,33776.78,78.73375291375291,101,8012.38,18.676876456876457,4,4.2969543147208125,394,0.02610966057441253,383,37564,borda da mata,MG
dbc51f5e45d654ecc16cb68e6817ecea,1,1,199.99,199.99,1,18.14,18.14,1,4.0,1,0.0,1,14402,franca,SP
dbd66278cbfe1aa1000f90a217ca4695,85,99,4928.9,49.78686868686869,18,1543.87,15.594646464646464,5,4.542168674698795,83,0.060240963855421686,83,05588,sao paulo,SP
dbdd0ec73a4817971d962698f2fea022,16,16,6384.0,399.0,3,1790.8,111.925,1,4.375,16,0.0625,16,60710,fortaleza,CE
dbec9a0a7efeff029d4d9dce7dc4cc95,3,3,1170.0,390.0,2,118.59,39.53,1,4.0,3,0.0,3,31920,belo horizonte,MG
dc120d932ddf9d4dfb6fd68beefda622,1,1,130.0,130.0,1,14.44,14.44,1,,0,,0,83010,sao jose dos pinhais,PR
dc317f341ab0e22f39acbd9dbf9b4a1f,55,58,18988.4,327.38620689655176,7,3581.73,61.75396551724138,3,4.148148148148148,54,0.05555555555555555,54,94910,cachoeirinha,RS
dc4a0fc896dc34b0d5bfec8438291c80,231,249,24180.77,97.11152610441768,167,4614.32,18.53140562248996,4,3.8294930875576036,217,0.06635071090047394,211,14940,ibitinga,SP
dc50afafdfa325eadc890c7fa42a8f4e,4,4,424.2,106.05,3,57.28,14.32,2,4.75,4,0.0,4,87050,maringa,PR
dc64d75cc406bb0697be983831430e60,4,4,813.0,203.25,2,92.55000000000001,23.137500000000003,1,4.75,4,0.0,4,31560,belo horizonte,MG
dc7192adf8ba09569261f4a8d576afe0,7,8,917.0,114.625,5,161.43,20.17875,3,4.333333333333333,6,0.0,6,18401,itapeva,SP
dc8798cbf453b7e0f98745e396cc5616,41,51,2056.3,40.319607843137256,37,624.4,12.24313725490196,2,3.0853658536585367,41,0.05714285714285714,35,05455,sao paulo,SP
dcb7367a92f5ffb89f1e2152ed260285,1,1,79.9,79.9,1,18.44,18.44,1,5.0,1,0.0,1,17700,osvaldo cruz,SP
dcf3755cefcdc158ad0b7bdde51e871b,3,3,269.70000000000005,89.90000000000002,3,89.33,29.776666666666667,2,4.0,2,0.0,3,96503,cachoeira do sul,RS
dd264199fc8b687ad029de7de6d760e6,1,1,87.9,87.9,1,20.7,20.7,1,5.0,1,0.0,1,85815,cascavel,PR
dd2bdf855a9172734fbc3744021ae9b9,108,113,10816.7,95.72300884955753,43,2037.18,18.028141592920356,8,3.8461538461538463,104,0.05714285714285714,105,31255,belo horizonte,MG
dd39ad39b5d3df33037e141c72497ba6,2,2,135.8,67.9,2,29.049999999999997,14.524999999999999,2,5.0,2,0.0,2,04282,sao paulo,SP
dd4d95ba2d15c071e6c695e2ef6ce169,4,4,1748.0,437.0,2,214.41,53.6025,1,4.25,4,0.5,4,29315,cachoeiro de itapemirim,ES
dd533b429f380718b70ad9922c294bae,41,45,2819.77,62.66155555555555,15,1151.21,25.582444444444445,2,3.8684210526315788,38,0.1388888888888889,36,14781,barretos,SP
dd5450b022b2d00a2145a66331e1aef6,1,1,59.0,59.0,1,22.34,22.34,1,5.0,1,0.0,1,89208,joinville,SC
dd55f1bb788714a40e7954c3be6df745,35,37,7041.759999999999,190.31783783783783,10,659.42,17.82216216216216,7,3.742857142857143,35,0.17142857142857143,35,01021,sao paulo,SP
dd58ee93286b0821565574c570e9e1dc,2,2,2948.0,1474.0,2,75.31,37.655,1,5.0,2,0.0,2,81650,curitiba,PR
dd7ddc04e1b6c2c614352b383efe2d36,122,143,9178.51,64.18538461538462,41,2893.4900000000002,20.234195804195807,1,3.8947368421052633,114,0.16666666666666666,114,03471,sao paulo,SP
dd88d13bea9e4c2bf47daf224f8141e5,1,1,458.0,458.0,1,29.38,29.38,1,5.0,1,0.0,1,95900,lajeado,RS
dd8a29ce82d5c705ba932d81494600a5,2,2,205.75,102.875,2,27.5,13.75,1,3.5,2,0.0,2,08220,sao paulo,SP
dd9661d3cda1e6feb237f0c4d8b26f2e,1,1,174.0,174.0,1,16.98,16.98,1,5.0,1,0.0,1,89620,campos novos,SC
dda37071807e404c5bb2a1590c66326f,1,1,199.99,199.99,1,19.28,19.28,1,5.0,1,0.0,1,03282,sao paulo,SP
ddd51ae8cda92f3995a51fc0f0f3eec7,8,25,842.6999999999999,33.708,6,276.92,11.0768,1,4.625,8,0.0,8,23062,rio de janeiro,RJ
dde698c6d0bd24834c586e5111c2bba7,1,1,155.9,155.9,1,19.19,19.19,1,5.0,1,0.0,1,25755,petropolis,RJ
de09d00cfc265b8804c7df34075a68fa,3,3,784.0,261.3333333333333,3,43.97,14.656666666666666,1,3.3333333333333335,3,0.0,3,02118,sao paulo,SP
de0c78824586e9a5f5f04fd84e25df39,14,16,2489.3,155.58125,4,208.53,13.033125,1,4.923076923076923,13,0.0,13,06730,vargem grande paulista,SP
de23c3b98a88888289c6f5cc1209054a,164,181,26399.670000000002,145.85453038674035,93,2682.14,14.818453038674033,6,4.275,160,0.10191082802547771,157,05530,sao paulo,SP
de66a66f2dd06bb9ec37aa96987466a3,7,8,353.32,44.165,2,115.66,14.4575,2,4.142857142857143,7,0.0,7,20910,rio de janeiro,RJ
de722cd6dad950a92b7d4f82673f8833,339,379,55426.1,146.2430079155673,7,9686.65,25.55844327176781,2,4.3104477611940295,335,0.04477611940298507,335,51250,recife,PE
de9727ca376d1be6ec121b110aa7954c,10,12,1058.7,88.22500000000001,4,211.39,17.61583333333333,1,3.6666666666666665,9,0.125,8,87114,sarandi,PR
deaadd805612bf94faaa9fa702516e11,1,1,50.0,50.0,1,15.11,15.11,1,1.0,1,,0,05756,sao paulo,SP
debe6615cd90cc0c2eac2b8988e1f628,5,5,278.5,55.7,3,95.53,19.106,2,4.6,5,0.0,5,04282,sao paulo,SP
dedcab67899479e4ea5dcc4eba47f587,2,2,84.0,42.0,1,21.64,10.82,1,4.5,2,0.0,2,89258,jaragua do sul,SC
dee656f0f566ed1aa85bd137c943f08f,93,95,6271.9800000000005,66.02084210526316,32,1696.69,17.859894736842104,12,4.393258426966292,89,0.056179775280898875,89,12701,cruzeiro,SP
df0f42bc4c2142eacf0eaf2cffd0cfbb,14,16,1654.0,103.375,2,292.45,18.278125,1,4.384615384615385,13,0.0,13,88306,itajai,SC
df47da4ae86fa4db890d05aaf24e21d8,5,5,310.5,62.1,2,77.18,15.436000000000002,2,4.2,5,0.0,5,04360,sao paulo,SP
df560393f3a51e74553ab94004ba5c87,28,29,3661.1800000000003,126.24758620689656,10,606.15,20.901724137931033,2,3.6785714285714284,28,0.07692307692307693,26,87900,loanda,PR
df56d7b40d437f88407c5f78b63bc328,22,25,2791.28,111.6512,8,460.21999999999997,18.4088,1,4.090909090909091,22,0.045454545454545456,22,85812,cascavel,PR
df683dfda87bf71ac3fc63063fba369d,1,1,39.9,39.9,1,16.05,16.05,1,1.0,1,1.0,1,95180,farroupilha,RS
df91910b6a03bb2e3358fa6a35e32f6f,14,14,2312.1,165.15,4,395.02,28.215714285714284,1,4.461538461538462,13,0.0,12,09560,sao paulo,SP
dfa0c4c6229ab200a4a1336b4d7128ff,77,86,4777.1,55.54767441860466,35,1767.11,20.54779069767442,11,4.152777777777778,72,0.041666666666666664,72,88085,florianopolis,SC
dfc475d54e1b6dbeeb7d7d9bdaa63827,19,21,1793.76,85.41714285714286,5,434.31,20.681428571428572,2,4.5,18,0.058823529411764705,17,81460,curitiba,PR
dfc5fb7259bb2b599ca565e6e9448f0f,33,34,6124.63,180.13617647058823,11,721.35,21.216176470588238,2,4.3,30,0.03333333333333333,30,09780,sao bernardo do campo,SP
dff87e4de60c9736ce8df835951b09bc,2,2,998.0,499.0,2,45.43,22.715,1,2.5,2,,0,03172,sao paulo,SP
e00d85ce20ea50c1224c66ca5050527d,1,1,149.0,149.0,1,8.3,8.3,1,4.0,1,0.0,1,06286,osasco,SP
e0482f2c769468c3bbcd8a01e09d98c5,1,1,189.0,189.0,1,45.4,45.4,1,4.0,1,0.0,1,02320,sao paulo,SP
e0487761face83d64fcada2408959a36,2,2,49.25,24.625,2,14.870000000000001,7.4350000000000005,2,4.5,2,0.0,2,01021,sao paulo,SP
e067ad2c1c0b48758eb1b5228bcf7a68,54,61,5042.55,82.66475409836066,36,1005.36,16.481311475409836,1,4.148148148148148,54,0.09259259259259259,54,11045,santos,SP
e06f09ec0a4aca210779cf1cfc63cf19,29,31,5279.49,170.30612903225807,25,621.92,20.061935483870965,11,3.9482758620689653,29,0.06896551724137931,29,04773,sao paulo,SP
e0878efa0e0b7e5313ac0b43bc04c081,27,29,5065.299999999999,174.6655172413793,4,529.61,18.26241379310345,2,3.5185185185185186,27,0.19230769230769232,26,80230,curitiba,PR
e09887ca8c7bf8a4621ce481820414ef,3,4,119.96000000000001,29.990000000000002,4,58.699999999999996,14.674999999999999,1,2.3333333333333335,3,0.5,2,08431,sao paulo,SP
e0a366315b1b726b6c7832d664c0f530,43,51,7400.09,145.09980392156862,21,745.08,14.609411764705882,4,4.380952380952381,42,0.047619047619047616,42,02258,sao paulo,SP
e0a3c37054ade6478d923a6efc10f308,2,2,219.8,109.9,2,35.18,17.59,1,5.0,2,0.0,2,88340,camboriu,SC
e0b162a693bc7f9eab00f783a31d60ea,1,1,20.0,20.0,1,29.69,29.69,1,,0,,0,96020,pelotas,RS
e0eabded302882513ced4ea3eb0c7059,8,8,978.4000000000001,122.30000000000001,3,138.79,17.34875,2,4.625,8,0.0,8,13023,campinas,SP
e116c7455dd26a4d8c3e92532583905f,1,2,36.76,18.38,1,14.78,7.39,1,4.0,1,,0,01140,sao paulo,SP
e1643dff33666ca629e3644c02738179,3,3,170.0,56.666666666666664,2,29.31,9.77,1,4.333333333333333,3,0.0,3,03182,sao paulo,SP
e174dc2de86d60fee178170a154c05e7,1,1,19.8,19.8,1,14.1,14.1,1,1.0,1,,0,09210,santo andre,SP
e1a210d482714ce337763a19aef94ba4,1,1,49.9,49.9,1,26.61,26.61,1,1.0,1,,0,85807,cascavel,PR
e1b12447a7563944843191754aeb5562,9,10,472.46000000000004,47.246,6,126.67,12.667,4,4.875,8,0.25,8,07145,guarulhos,SP
e1bed63d68ac36fe1f3061befe196af5,1,1,199.0,199.0,1,18.0,18.0,1,5.0,1,0.0,1,13848,mogi guacu,SP
e1c76f339ebd5460999f25a2aa8c92c5,1,1,899.9,899.9,1,28.8,28.8,1,5.0,1,0.0,1,03029,sao paulo,SP
e1dc0754bada9ee4cfe9713f22f61292,12,12,885.0,73.75,4,264.78,22.064999999999998,4,3.8333333333333335,12,0.0,12,25035,duque de caxias,RJ
e21a1e8be4715b0fcfd5385643bc49c4,21,24,703.5999999999999,29.316666666666663,14,472.28999999999996,19.678749999999997,3,3.8,20,0.0,19,88715,jaguaruna,SC
e24d3429d294b2eb200b064ebb035879,19,22,1878.58,85.39,14,372.12,16.914545454545454,1,4.2631578947368425,19,0.05263157894736842,19,03514,sao paulo,SP
e24fc9fcd865784fb25705606fe3dfe7,52,56,12936.0,231.0,22,1030.71,18.405535714285715,3,4.173076923076923,52,0.0784313725490196,51,12913,braganca paulista,SP
e250d617a0ad591ba9bd663e584a895d,8,20,904.12,45.206,9,300.79,15.0395,1,3.857142857142857,7,0.0,7,07084,guarulhos,SP
e256a62e0ac58c0edfba09966142d561,12,14,1474.1100000000001,105.29357142857144,5,335.44,23.96,2,4.416666666666667,12,0.0,12,81320,curitiba,PR
e26901d5ab434ce92fd9b5c256820a4e,202,221,11990.9,54.25746606334842,16,2947.98,13.339276018099548,6,4.119402985074627,201,0.025510204081632654,196,09350,maua,SP
e2a1ac9bf33e5549a2a4f834e70df2f8,5,5,14999.449999999999,2999.89,1,201.11,40.222,1,4.8,5,0.0,5,01210,sao paulo,SP
e2aee0892199b1d92530e371abd825bf,38,41,5662.57,138.11146341463413,13,2654.72,64.74926829268293,4,3.8333333333333335,36,0.14705882352941177,34,86600,rolandia,PR
e2c92f9c1c7746d899d18f2e158bbff7,14,14,1894.7,135.3357142857143,8,391.91,27.993571428571432,1,4.071428571428571,14,0.0,12,15054,sao jose do rio preto,SP
e333046ce6517bd8bb510291d44f0130,68,74,7268.0,98.21621621621621,47,1431.32,19.34216216216216,6,4.409090909090909,66,0.06060606060606061,66,18950,ipaussu,SP
e38db885400cd35c71dfd162f2c1dbcf,30,32,2066.8,64.5875,17,670.75,20.9609375,1,4.466666666666667,30,0.13333333333333333,30,70740,brasilia,DF
e3a386fc36e22064434e1fa256f6a9fa,16,17,793.9,46.699999999999996,10,253.25,14.897058823529411,1,4.1875,16,0.1875,16,13165,engenheiro coelho,SP
e3b4998c7a498169dc7bce44e6bb6277,3,3,6897.9,2299.2999999999997,3,216.79,72.26333333333334,3,2.6666666666666665,3,0.0,1,03635,sao paulo,SP
e3d3b3efac954a60d61be70b7e05b49b,3,3,1282.05,427.34999999999997,3,123.78,41.26,1,4.333333333333333,3,0.0,3,03370,sao paulo,SP
e3dd723429d1b23614b7fa85e2c7a853,7,8,471.05,58.88125,4,126.57,15.82125,2,3.7142857142857144,7,0.2857142857142857,7,09810,sao bernardo do campo,SP
e3e15e2c0b9700561efac21c6be48066,3,4,97.24,24.31,3,42.5,10.625,1,2.0,3,,0,05315,sao paulo,SP
e3e290b38963293022cdcd6db8328103,3,3,135.7,45.23333333333333,2,46.34,15.446666666666667,1,5.0,1,0.0,1,01403,sao paulo,SP
e4253cef933647000a82ff39c67b7bde,2,2,68.0,34.0,2,40.73,20.365,1,2.0,2,,0,05856,sao paulo,SP
e433f5fd4050e3352b5d83522b7fe24b,1,1,548.06,548.06,1,48.71,48.71,1,4.0,1,0.0,1,86702,arapongas,PR
e439f7176d763f92de325271111b2fd5,7,7,1348.4,192.62857142857143,4,235.62,33.660000000000004,1,5.0,7,0.0,6,89219,joinville,SC
e45edf75f568ed2f93f78d060e246e25,6,7,164.29999999999998,23.471428571428568,6,113.92,16.274285714285714,1,4.166666666666667,6,0.16666666666666666,6,22790,rio de janeiro,RJ
e46bc031f2c5bae4ccb40bb90712e9b4,1,1,277.3,277.3,1,50.09,50.09,1,1.0,1,,0,05174,sao paulo,SP
e48b04bf1aa1ef711caebeb7aede6180,25,25,3187.1000000000004,127.48400000000001,5,645.63,25.8252,2,4.48,25,0.0,25,80240,curitiba,PR
e48cc16ab70bfa09e1401740dce0b3d7,14,17,1084.83,63.813529411764705,9,326.3,19.194117647058825,1,3.769230769230769,13,0.0,13,16022,aracatuba,SP
e49c26c3edfa46d227d5121a6b6e4d37,35,36,3654.25,101.50694444444444,31,1175.46,32.65166666666667,7,4.5,34,0.0,33,55325,brejao,PE
e4ebd3f87bf70440014f07ddda7fbe03,7,7,671.5,95.92857142857143,4,115.75999999999999,16.537142857142857,2,4.571428571428571,7,0.14285714285714285,7,19470,presidente epitacio,SP
e4f121bf6ef8b9a1d4d3e65dd0473fab,2,2,70.0,35.0,2,36.46,18.23,2,3.0,2,0.5,2,15085,sao jose do rio preto,SP
e4fc40017a6d22c46a14ac2e17f87c3e,3,3,387.0,129.0,2,275.05,91.68333333333334,2,2.3333333333333335,3,0.0,1,86702,arapongas,PR
e503f22be6a4f456d9851920a5d9c670,2,2,198.9,99.45,2,32.44,16.22,1,4.0,2,0.0,2,04508,sao paulo,SP
e504a4e2efaa45cbff7e268a2c58c956,11,12,1188.8000000000002,99.06666666666668,6,275.26,22.938333333333333,1,3.8,10,0.3333333333333333,9,13520,sao pedro,SP
e51f22821f0c12a16ad5c020cdcd55e9,4,4,898.71,224.6775,4,98.13,24.5325,1,4.75,4,0.0,4,06341,carapicuiba,SP
e53d5b9b29d1218281f4a907ada18626,4,5,350.67,70.134,4,133.25,26.65,1,4.5,2,0.0,2,85903,toledo,PR
e546117ed9cafbc40239c0c78635c584,2,2,456.0,228.0,1,28.34,14.17,1,4.5,2,0.0,2,04705,sao paulo,SP
e5475dcab1e07b63d7f6e902d8f5eda8,19,19,2192.0,115.36842105263158,10,251.22,13.222105263157895,2,4.105263157894737,19,0.05263157894736842,19,09921,diadema,SP
e5545d4d4473876ea78c5bcebca365c3,1,1,44.5,44.5,1,12.97,12.97,1,5.0,1,0.0,1,17512,marilia,SP
e560e4022d8f7aebf155db95946c5c0f,2,2,780.0,390.0,1,90.21000000000001,45.105000000000004,1,5.0,2,0.0,2,31110,belo horizonte,MG
e5899683388855d3dabe8913bbe365de,3,3,452.88,150.96,3,80.98,26.993333333333336,1,4.0,3,0.0,3,13575,sao carlos,SP
e58a5b390e28abc0b216cfb0e07d27d7,7,7,1022.6,146.0857142857143,3,144.63,20.66142857142857,2,4.857142857142857,7,0.0,7,22640,rio de janeiro,RJ
e595809a6c31ec4314fd06ef198c244d,1,1,39.0,39.0,1,18.23,18.23,1,5.0,1,0.0,1,88370,navegantes,SC
e59aa562b9f8076dd550fcddf0e73491,70,84,31574.3,375.8845238095238,9,2229.67,26.543690476190477,1,4.214285714285714,70,0.10144927536231885,69,82810,curitiba,PR
e59e489e2ea74bd409b798b5daf49de3,3,5,495.0,99.0,3,86.76,17.352,1,2.0,2,0.0,2,87060,maringa,PR
e59e575a175fadcadf8479e191770425,1,1,199.9,199.9,1,50.98,50.98,1,5.0,1,0.0,1,26210,nova iguacu,RJ
e5a3438891c0bfdb9394643f95273d8e,224,255,7738.349999999999,30.34647058823529,185,3374.27,13.23243137254902,1,3.949771689497717,219,0.18779342723004694,213,13483,limeira,SP
e5a38146df062edaf55c38afa99e42dc,121,125,15360.07,122.88056,27,1894.52,15.15616,9,3.9747899159663866,119,0.09243697478991597,119,01233,sao paulo,SP
e5bd51692380fd8cabb19b756b95e714,3,3,119.69999999999999,39.9,2,33.34,11.113333333333335,0,2.3333333333333335,3,1.0,2,09220,santo andre,SP
e5c84227854980f1db19a58958c551d9,4,4,72.81,18.2025,4,68.83,17.2075,2,4.75,4,0.0,4,83823,fazenda rio grande,PR
e5cbe890e679490127e9a390b46bbd20,2,2,908.99,454.495,2,28.72,14.36,1,4.5,2,0.0,2,01041,sao paulo,SP
e5d4b2b0c3bca22085f7a19a28de0c42,4,4,205.8,51.45,4,63.76,15.94,2,4.5,4,0.25,4,89201,joinville,SC
e5def42655b7490edac5a56fe8e9e603,1,1,129.9,129.9,1,11.52,11.52,1,5.0,1,0.0,1,13900,amparo,SP
e5e33c0d8e7e002f398f5dc4cbbb338f,28,29,6698.7,230.9896551724138,21,778.63,26.849310344827586,2,4.321428571428571,28,0.11538461538461539,26,17032,bauru,SP
e5f9e61ceb5f523cc966e0f34095032f,4,4,2238.0,559.5,2,115.44,28.86,2,4.0,4,0.25,4,88353,brusque,SC
e601b04acf48b4576e73ddca9481f0dc,15,16,491.94,30.74625,11,211.0,13.1875,7,4.285714285714286,14,0.0,14,04476,sao paulo,SP
e603cf3fec55f8697c9059638d6c8eb5,8,11,297.0,27.0,1,185.47,16.86090909090909,0,4.25,8,0.0,7,96080,pelotas,RS
e627629ba868740e287800f1a9be81c2,13,13,504.5,38.80769230769231,13,139.05,10.696153846153846,2,4.416666666666667,12,0.0,10,01421,sao paulo,SP
e628d4a53c109f09ca88098338b3a3f5,1,1,285.0,285.0,1,58.9,58.9,1,1.0,1,,0,30170,belo horizonte,MG
e62b2d6ac10570a035a30bafcf01d263,62,71,5340.39,75.21676056338029,24,1035.08,14.578591549295774,12,4.0,57,0.13333333333333333,60,05767,sao paulo,SP
e63e8bfa530fb16910dd6956e592bb81,42,43,1311.7,30.504651162790697,12,667.47,15.522558139534885,2,4.243243243243243,37,0.05555555555555555,36,07160,guarulhos,SP
e644cbadf7eeb30d0d29f335ce7d52ec,8,10,878.9,87.89,4,184.69,18.469,3,3.625,8,0.0,7,03029,sao paulo,SP
e64882b4ef12aee8d0faca4db5b681f4,1,2,230.0,115.0,1,43.22,21.61,1,4.0,1,0.0,1,74210,goiania,GO
e64d65bc8dbec2accda90c58de5d1246,12,12,1678.8000000000002,139.9,2,221.16,18.43,1,3.0833333333333335,12,0.3333333333333333,12,13500,rio claro,SP
e64ddbe1cbcf4f2fc3092b7c481f3f9d,1,1,20.9,20.9,1,7.39,7.39,1,5.0,1,0.0,1,03513,sao paulo,SP
e6a69c4a27dfdd98ffe5aa757ad744bc,24,29,2076.2,71.59310344827585,13,442.74,15.266896551724138,4,4.0,23,0.0,20,04424,sao paulo,SP
e6ffc9ac6a7adc9d16a1cfc2286dd546,1,1,34.99,34.99,1,8.29,8.29,1,1.0,1,,0,02565,sao paulo,SP
e70053bf73d1b5863932e53a9fa47496,7,7,4025.0,575.0,7,133.58,19.082857142857144,2,4.285714285714286,7,0.0,7,05059,sao paulo,SP
e72b4feb7abe210c52aa667abc25a3a2,1,2,38.2,19.1,1,17.44,8.72,1,5.0,1,0.0,1,03122,sao paulo,SP
e732329483fd5f27367dd997b47f598a,1,1,109.9,109.9,1,34.57,34.57,1,5.0,1,0.0,1,89030,blumenau,SC
e73bf2cea7fe4b0b4d287a7568ed1099,4,5,737.6999999999999,147.54,4,100.13000000000001,20.026000000000003,2,5.0,3,0.0,3,89812,chapeco,SC
e76ecc7e9a1a1e3c6df9d2a8261c423d,1,1,20.0,20.0,1,14.1,14.1,1,5.0,1,0.0,1,30140,belo horizonte,MG
e7d5b006eb624f13074497221eb37807,28,63,3478.93,55.22111111111111,8,741.49,11.76968253968254,2,3.9285714285714284,28,0.07142857142857142,28,09291,santo andre,SP
e7df4cd29ab5abab70fb0783ddb53987,23,24,9608.699999999999,400.36249999999995,21,413.37,17.22375,3,4.363636363636363,22,0.18181818181818182,22,04122,sao paulo,SP
e7f3bf1ecd8526eb7f3b18059e6716e5,18,19,1471.54,77.44947368421053,10,276.15,14.534210526315789,3,4.529411764705882,17,0.0,16,11680,ubatuba,SP
e819bcfade7b5d88a27325eb6cfd62c5,5,11,202.89999999999998,18.44545454545454,4,135.35,12.304545454545455,3,5.0,4,0.25,4,07242,guarulhos,SP
e81e1f9c3e762e620f3fb60a51499e16,17,18,4465.99,248.11055555555555,7,513.5,28.52777777777778,3,4.0,16,0.058823529411764705,17,89520,curitibanos,SC
e82de6494d91d3c4c54450f59b227a94,3,3,118.9,39.63333333333333,2,38.8,12.933333333333332,2,5.0,2,0.3333333333333333,3,14940,ibitinga,SP
e83c76265fc54bf41eac728805e4da77,8,8,237.29999999999998,29.662499999999998,3,99.19,12.39875,1,3.625,8,0.125,8,16074,aracatuba,SP
e83e93b71371817b11d78a63ff156aee,2,3,286.0,95.33333333333333,2,87.38000000000001,29.12666666666667,1,4.5,2,0.0,2,06409,barueri,SP
e84ad2127668df3aafc6b73531a0beb8,19,23,987.0,42.91304347826087,5,286.73,12.466521739130435,2,4.368421052631579,19,0.05263157894736842,19,04613,sao paulo,SP
e88165a185134e13fdfc85d4fa654db8,2,2,108.0,54.0,2,41.22,20.61,1,3.0,2,0.5,2,08517,ferraz de  vasconcelos,SP
e882b2a25a10b9c057cc49695f222c19,57,58,51057.54,880.3024137931035,19,2856.22,49.2451724137931,8,4.578947368421052,57,0.0,57,25963,teresopolis,RJ
e883aa812c37a7413226856f4579fe91,26,29,4097.1,141.2793103448276,6,457.36,15.77103448275862,5,4.153846153846154,26,0.038461538461538464,26,06696,itapevi,SP
e88c9b79e592e370d6bd852eeefbf057,8,9,251.87,27.985555555555557,7,142.10999999999999,15.79,1,4.75,8,0.0,8,85501,pato branco,PR
e88f7a2995ba184710d339c5c4bf2e30,2,2,251.6,125.8,1,35.91,17.955,1,5.0,2,0.0,2,15505,votuporanga,SP
e89c4adbe7b1d0819dbb636e16461cf1,24,25,3181.3,127.25200000000001,8,454.85,18.194000000000003,1,3.8333333333333335,24,0.125,24,13347,indaiatuba,SP
e8a85b5f3df47be0984c55fd4064dbb4,8,14,743.0,53.07142857142857,6,222.99,15.927857142857144,4,4.5,8,0.125,8,71825,brasilia,DF
e8b3a3a38279a82f0e5d006d5e5b7d2c,87,92,13154.7,142.9858695652174,52,1761.69,19.148804347826086,6,3.8255813953488373,86,0.05063291139240506,79,87230,jussara,PR
e8b4225284fbb02d16f200513f1f395d,31,31,5788.52,186.72645161290325,18,1297.6100000000001,41.858387096774194,1,4.193548387096774,31,0.1,30,14960,novo horizonte,SP
e8dba4d70f7f2b20e775d09cae01142d,9,9,855.91,95.10111111111111,6,176.48,19.608888888888888,2,4.5,8,0.125,8,13456,santa barbara d oeste,SP
e8f6dc8e6a1dcde89d20e3995c8d90b3,36,48,2256.34,47.007083333333334,29,2051.68,42.74333333333333,9,3.911764705882353,34,0.09090909090909091,33,03476,sao paulo,SP
e8ff5a6ceb895583033fc2a0f314e3c2,1,1,139.89,139.89,1,19.08,19.08,1,5.0,1,0.0,1,89063,blumenau,SC
e908c0f3646e8b60375734a350d95d71,1,1,2951.0,2951.0,1,58.53,58.53,1,4.0,1,0.0,1,01226,sao paulo,SP
e94b64dc6979b302a5a5be1662c83bb6,2,2,306.89,153.445,2,31.740000000000002,15.870000000000001,1,5.0,2,0.0,2,06852,itapecerica da serra,SP
e9511df20ccd82658a30c37b7fb343af,22,30,2096.6,69.88666666666667,9,726.5,24.216666666666665,2,4.318181818181818,22,0.0,22,17026,bauru,SP
e96498ed8daaa3e9c23f7a62da76591c,34,34,9619.09,282.9144117647059,23,713.1,20.973529411764705,1,3.9411764705882355,34,0.14705882352941177,34,05373,sao paulo,SP
e9729944ba65dc3ce425e0c5a22ae7b2,4,4,916.7,229.175,3,61.73,15.4325,1,3.6666666666666665,3,0.3333333333333333,3,25730,petropolis,RJ
e9779976487b77c6d4ac45f75ec7afe9,657,750,43162.95,57.550599999999996,133,10139.71,13.519613333333332,8,4.23943661971831,639,0.07448494453248812,631,11701,praia grande,SP
e9874ae10b2d60d43917b6bbfa13a599,1,1,199.0,199.0,1,23.1,23.1,1,5.0,1,0.0,1,86604,rolandia,PR
e99e927c81e3f51739c94fcdfca9f10f,22,25,2702.83,108.11319999999999,6,657.64,26.3056,3,3.8,20,0.21052631578947367,19,38400,uberlandia,MG
e9b6c33b71b67737693b4cfa68341c8d,1,1,119.9,119.9,1,21.49,21.49,1,4.0,1,0.0,1,03009,sao paulo,SP
e9bc59e7b60fc3063eb2290deda4cced,216,269,34343.06,127.66936802973977,42,4688.5,17.429368029739777,2,4.019323671497585,207,0.115,200,87083,maringa,PR
e9c2dc0dd4ac38448289be644ac94f42,3,3,118.39,39.46333333333333,3,56.22,18.74,2,5.0,3,0.0,3,89210,joinville,SC
e9c6969d40e6a3d2d0f90013165c2b98,10,10,5239.98,523.9979999999999,8,242.0,24.2,1,4.4,10,0.0,10,03448,sao paulo,SP
e9d99831abad74458942f21e16f33f92,130,149,4922.4800000000005,33.036778523489936,35,1993.58,13.37973154362416,4,3.9453125,128,0.10852713178294573,129,03542,sao paulo,SP
e9e446d01bd10a97a8ffcfc4a3a20cb2,4,4,60.05,15.0125,4,29.56,7.39,1,3.5,4,0.0,3,02261,sao paulo,SP
ea00f977a203ff88adf7057cb7806998,19,19,389.71999999999997,20.51157894736842,5,183.68,9.667368421052632,1,4.105263157894737,19,0.1111111111111111,18,11085,santos,SP
ea1776927851da2532aa70d6a32c095a,3,3,318.8,106.26666666666667,3,53.519999999999996,17.84,2,2.6666666666666665,3,0.0,2,08223,sao paulo,SP
ea3ebea5317b0efbc663ecc8ce5e9bc2,3,3,299.70000000000005,99.90000000000002,3,57.65,19.216666666666665,1,4.0,3,0.0,3,88036,florianopolis,SC
ea4e9ce63a2134743b4a92777437fcdd,3,4,316.6,79.15,3,65.7,16.425,1,4.666666666666667,3,0.0,3,88135,palhoca,SC
ea566164622c6b439516ab18062c42cd,50,52,10309.42,198.2580769230769,19,858.56,16.51076923076923,9,3.78,50,0.22,50,05303,sao  paulo,SP
ea65d8b58316a6f2362f2a9e4b3e86ad,9,16,2061.4,128.8375,8,230.82,14.42625,6,4.0,9,0.0,9,13030,campinas,SP
ea67327e24487bdfac5fbfa37ea124df,32,34,6250.18,183.82882352941178,24,930.1,27.355882352941176,1,3.7,30,0.03333333333333333,30,14940,ibitinga,SP
ea6b12bf9ffe2bac34602ec631d97a47,11,11,2625.7999999999997,238.7090909090909,8,205.52,18.683636363636364,3,4.090909090909091,11,0.0,9,07093,guarulhos,SP
ea846a0e7ad98a741783e886d89dfa44,2,3,137.0,45.666666666666664,2,55.26,18.419999999999998,1,5.0,2,0.0,2,16072,aracatuba,SP
ea8482cd71df3c1969d7b9473ff13abc,1146,1203,37177.52,30.90400665004156,220,17544.77,14.584181213632586,2,4.023131672597865,1124,0.1057347670250896,1116,04160,sao paulo,SP
eaaa46e98c9e61f6764dd1d7a2ab8b3e,1,1,98.0,98.0,1,27.64,27.64,1,5.0,1,0.0,1,59775,messias targino,RN
ead2bab70821ea148476ae9bc08548ac,9,9,412.1,45.78888888888889,4,116.2,12.911111111111111,1,5.0,6,0.0,6,31980,belo horizonte,MG
eae9af4811c294c56795d70e715b7337,1,1,15.9,15.9,1,11.11,11.11,0,,0,,0,03060,sao paulo,SP
eaf6d55068dea77334e8477d3878d89e,3,3,51.0,17.0,2,33.01,11.003333333333332,1,5.0,3,0.0,3,04660,sao paulo,SP
eb1bf309f4f6af9a97e9ddac3fdbeabe,1,1,22.3,22.3,1,8.88,8.88,1,5.0,1,0.0,1,09961,diadema,SP
eb3071b9f0b0ddaa2df5ea130f09f26b,9,11,6230.0,566.3636363636364,2,581.42,52.85636363636363,2,4.555555555555555,9,0.1111111111111111,9,04281,sao paulo,SP
eb4a59a06b3948e851a7d7a830bcbc42,2,2,64.0,32.0,1,44.0,22.0,1,3.0,2,0.0,1,41820,salvador,BA
eb4df17aed01d918c65f0f8d650900c0,11,11,3739.87,339.98818181818183,9,185.59,16.87181818181818,1,3.909090909090909,11,0.2727272727272727,11,13140,paulinia,SP
eb5b6204dde3a6e03b5f1bb8479f055b,19,21,452.2,21.53333333333333,8,275.13,13.10142857142857,5,3.9473684210526314,19,0.05263157894736842,19,06900,embu guacu,SP
eb72802c83dc7547529c9546d1a9b8ef,8,8,1063.92,132.99,7,117.71,14.71375,6,4.625,8,0.0,8,13504,rio claro,SP
eb9267cccc90f1b49c8d2f9887c7dd97,1,1,319.9,319.9,1,26.37,26.37,1,5.0,1,0.0,1,52011,recife,PE
eb9cd5b35d95206585e2185318cb5c61,2,3,550.0,183.33333333333334,1,61.55,20.516666666666666,1,3.0,2,0.5,2,03064,sao paulo,SP
eba88037e1dca898cd02881f67ced679,6,6,838.1,139.68333333333334,4,93.47,15.578333333333333,1,4.333333333333333,6,0.16666666666666666,6,03647,sao paulo,SP
ebd1417732defaf66c50b5a800eb293e,1,1,309.0,309.0,1,16.33,16.33,1,5.0,1,0.0,1,86047,londrina,PR
ebd2d60905fb58271facef5596b620d3,84,88,7941.72,90.24681818181818,39,1733.3,19.696590909090908,1,4.158536585365853,82,0.0375,80,18683,lencois paulista,SP
ebe3dabc4955c9b0d695e7bda38bf5c3,1,1,55.0,55.0,1,11.89,11.89,1,3.0,1,1.0,1,14085,ribeirao preto,SP
ebef8d8c92b4fd3226e5d407bbff21ac,3,3,253.70000000000002,84.56666666666668,3,48.36,16.12,2,2.6666666666666665,3,0.3333333333333333,3,14020,ribeirao preto,SP
ec21206b7894c503788a684a7bc822a6,3,3,247.8,82.60000000000001,3,48.61,16.203333333333333,2,2.6666666666666665,3,0.0,1,28950,armacao dos buzios,RJ
ec2e006556300a79a5a91e4876ab3a56,4,8,125.2,15.65,2,66.04,8.255,2,1.25,4,0.5,2,03445,sao paulo,SP
ec4608a1f76453166bb312b2968aeaf4,18,35,1181.75,33.76428571428571,5,939.61,26.846,1,3.3125,16,0.2,15,13660,porto ferreira,SP
ec5c1d94df153d473b37f880977ae58e,2,3,199.67000000000002,66.55666666666667,2,84.07,28.02333333333333,2,2.0,2,0.0,2,21320,rio de janeiro,SP
ec80e49e69745ab6c14f984bf2149423,12,12,3709.0,309.0833333333333,2,188.31,15.6925,1,4.0,11,0.16666666666666666,12,13480,limeira,SP
ec8463980a4e0ea9f8517aea1ed0c419,2,8,239.2,29.9,1,118.75999999999999,14.844999999999999,1,5.0,2,0.5,2,88010,florianopolis,SC
ec8879960bd2221d5c32f8e12f7da711,36,36,4062.4,112.84444444444445,9,818.98,22.749444444444446,1,4.314285714285714,35,0.17142857142857143,35,13253,itatiba,SP
ec933281fb017b5020d06df29c3f77e8,8,8,1432.0,179.0,3,230.85,28.85625,1,5.0,8,0.0,8,03820,sao paulo,SP
ecccfa2bb93b34a3bf033cc5d1dcdc69,15,19,1338.64,70.45473684210526,7,262.71,13.826842105263157,1,2.5714285714285716,14,0.16666666666666666,12,81810,curitiba,PR
ececbfcff9804a2d6b40f589df8eef2b,98,104,6792.4,65.31153846153846,62,1868.66,17.967884615384616,3,4.125,96,0.10526315789473684,95,14407,franca,SP
ed4311e67debd72b8610a5347a743087,25,26,3636.0,139.84615384615384,7,706.81,27.185,1,4.625,24,0.08,25,07170,guarulhos,SP
ed46f1eb4a638113deb2a1137b5f22e9,4,4,3470.0,867.5,3,216.68,54.17,1,4.0,4,0.0,4,89080,indaial,SC
ed49da7cadefc454d6a67de249eab240,2,2,43.0,21.5,1,22.83,11.415,1,3.0,2,0.0,2,05571,sao paulo,SP
ed4acab38528488b65a9a9c603ff024a,32,40,12759.45,318.98625000000004,30,610.31,15.257749999999998,4,3.71875,32,0.03225806451612903,31,08260,sao paulo,SP
ed859002ad59dbf8cf3602696a6c3000,7,13,2421.7,186.28461538461536,5,268.94,20.68769230769231,3,3.7142857142857144,7,0.0,6,86035,londrina,PR
ed8cb7b190ceb6067227478e48cf8dde,15,17,573.5,33.73529411764706,10,242.71,14.277058823529412,4,3.5714285714285716,14,0.07142857142857142,14,11015,santos,SP
ed9eef5be0992d413d251fadba1a410d,3,9,404.09999999999997,44.9,5,143.24,15.915555555555557,1,4.666666666666667,3,0.0,3,13845,mogi guacu,SP
edb1ef5e36e0c8cd84eb3c9b003e486d,166,175,79284.55,453.0545714285714,55,3905.1,22.314857142857143,1,4.426829268292683,164,0.07975460122699386,163,25957,teresopolis,RJ
edb58a1390adf273840030a3d6253829,1,1,39.9,39.9,1,18.38,18.38,1,5.0,1,0.0,1,13414,piracicaba,SP
edb65fe661681b1c0de8bd47c8655855,1,1,69.0,69.0,1,15.24,15.24,1,3.0,1,0.0,1,08111,sao paulo,SP
edc518ba25576a0188a0e8f2c3af186f,6,8,1647.3899999999999,205.92374999999998,5,262.15999999999997,32.769999999999996,4,4.0,5,0.0,5,07023,guarulhos,SP
edd066cd02126d7800f9b66e980e9931,6,6,987.6999999999999,164.61666666666665,6,186.23,31.03833333333333,1,5.0,6,0.16666666666666666,6,70070,brasilia,DF
eddd1991bd6d9309995a480c39b95137,3,3,866.0,288.6666666666667,2,132.41,44.13666666666666,0,2.6666666666666665,3,0.0,2,84010,ponta grossa,PR
ede0c03645598cdfc63ca8237acbe73d,46,50,2518.37,50.367399999999996,24,751.5,15.03,3,3.522727272727273,44,0.3488372093023256,43,14092,ribeirao preto,SP
ede2977fbaf3738583170735ca403f6c,1,1,289.9,289.9,1,37.35,37.35,1,5.0,1,0.0,1,80010,curitiba,PR
edf3fabebcc20f7463cc9c53da932ea8,1,1,219.9,219.9,1,24.12,24.12,1,4.0,1,1.0,1,08320,sao paulo,SP
edf96ef93ed595084bbcbd9224bd2894,25,28,3757.0,134.17857142857142,8,608.78,21.742142857142856,2,3.88,25,0.12,25,01545,sao paulo,SP
ee27a8f15b1dded4d213a468ba4eb391,1,1,6499.0,6499.0,1,227.66,227.66,1,5.0,1,0.0,1,74210,goiania,GO
ee2fbacc2fc3794e656cc4d933d59ce7,2,3,464.97,154.99,2,53.73,17.91,1,4.0,2,0.0,2,05061,sao paulo,SP
eeb6de78f79159600292e314a77cbd18,83,84,43739.84,520.712380952381,46,3055.44,36.37428571428571,3,4.445783132530121,83,0.036585365853658534,82,88501,lages,SC
eebb3372362aa9a46975164bed19a7e7,7,8,591.92,73.99,2,119.4,14.925,1,2.5,6,0.5,4,04578,sao paulo,SP
eec3469d83e142f9a104886655338c37,4,4,185.7,46.425,4,54.74,13.685,2,4.5,4,0.0,4,17030,bauru,SP
eed78ac17f7f795a19a709745f00cd4e,22,56,4349.5,77.66964285714286,12,846.34,15.113214285714287,1,3.75,20,0.0,20,18608,botucatu,SP
ef0ace09169ac090589d85746e3e036f,129,140,16223.300000000001,115.88071428571429,22,2315.65,16.540357142857143,2,4.388888888888889,126,0.088,125,24451,sao goncalo,RJ
ef2fbc2b607d8492bcffe657a4645434,20,22,970.8,44.127272727272725,7,362.89,16.495,5,3.9444444444444446,18,0.11764705882352941,17,20051,rio de janeiro,RJ
ef30892870c278497523264be1be2241,9,9,783.2,87.02222222222223,5,109.33999999999999,12.148888888888887,1,4.555555555555555,9,0.0,9,14801,araraquara,SP
ef506c96320abeedfb894c34db06f478,324,340,9771.43,28.7395,116,5197.0,15.285294117647059,4,3.9522292993630574,314,0.08737864077669903,309,03569,sao paulo,SP
ef728fa1f17436c91ed1ccd03dcf9631,3,4,128.7,32.175,4,58.12,14.53,1,4.333333333333333,3,0.0,3,17201,jau,SP
ef990a83bbea832f36ebe81376335aa8,43,44,4642.59,105.5134090909091,8,914.65,20.787499999999998,2,3.75,40,0.275,40,89214,joinville,SC
ef9952469137ff190bacafe117f51537,5,5,1002.66,200.53199999999998,2,83.94,16.788,1,4.8,5,0.0,5,38022,uberaba,MG
efb628aa07c8ca93d7db0d85b91a4f5a,1,1,204.0,204.0,1,58.1,58.1,1,4.0,1,1.0,1,26230,nova iguacu,RJ
efcd8d2104f1a05d028af7bad20d974b,47,51,2424.78,47.54470588235294,34,855.41,16.772745098039216,1,4.390243902439025,41,0.025,40,16012,aracatuba,SP
efff9341f3f8f5237b44ff67ed36a7bf,5,5,872.99,174.598,4,99.66,19.932,3,4.4,5,0.0,5,29090,vitoria,ES
f00e21b1e91a79653163b7fd8f293ff1,31,31,3900.09,125.80935483870968,29,570.97,18.418387096774193,5,4.1,30,0.03225806451612903,31,37795,andradas,SP
f00f5b35d0abcacbdd863672f4bb2c1a,1,1,299.0,299.0,1,14.43,14.43,1,4.0,1,0.0,1,01238,sao paulo,SP
f021c962aaba8ef6eb527a9c2c8394d1,5,5,4398.5,879.7,4,135.37,27.074,1,4.2,5,0.0,5,88301,itajai,SC
f049a72cf58fd31b11f8919cade515e7,3,4,138.75,34.6875,3,32.24,8.06,3,4.5,2,0.0,2,01023,sao paulo,SP
f0563bacf40c311f1c4d3d6b67b8a7a7,1,1,1199.0,1199.0,1,28.78,28.78,1,1.0,1,,0,88704,tubarao,SC
f0837c8d71434931d9e38e7b79234797,22,23,3446.9,149.86521739130436,8,602.46,26.19391304347826,1,4.590909090909091,22,0.045454545454545456,22,95995,arvorezinha,RS
f08a5b9dd6767129688d001acafc21e5,11,18,14069.630000000001,781.6461111111112,7,496.11,27.561666666666667,3,4.2727272727272725,11,0.18181818181818182,11,90230,porto alegre,RS
f08c008c8a8d31417763738a1788a2a8,22,23,1291.72,56.16173913043478,3,422.96999999999997,18.389999999999997,1,3.4444444444444446,18,0.17647058823529413,17,85875,santa terezinha de itaipu,PR
f09b760d23495ac9a7e00d29b769007c,1,1,21.9,21.9,1,17.19,17.19,1,4.0,1,0.0,1,15802,catanduva,SP
f09e26011d833ddab11593c1a097a92a,1,1,79.9,79.9,1,22.19,22.19,1,1.0,1,,0,13632,pirassununga,SP
f0b47fbbc6dee9aafe415a6e33051b3f,68,86,3795.91,44.13848837209302,38,1336.28,15.53813953488372,4,4.276923076923077,65,0.109375,64,09360,maua,SP
f0e103c63864d5405b958d984b6e94c9,11,11,951.7,86.51818181818182,7,149.71,13.610000000000001,2,4.7272727272727275,11,0.0,11,06150,osasco,SP
f0ec6a2adb05c62655a26dd347b8dede,1,2,72.0,36.0,1,14.78,7.39,1,1.0,1,,0,01303,sao paulo,SP
f0ec78809fe0bc3edb11c9fe5b97b059,2,2,62.599999999999994,31.299999999999997,2,23.659999999999997,11.829999999999998,1,4.0,2,0.0,2,04291,sao paulo,SP
f114dca2828bf718548db175ebe2cfcd,1,1,139.0,139.0,1,13.99,13.99,1,1.0,1,0.0,1,86192,cambe,PR
f1198c871e0171278b63f40d112caeec,2,2,475.8,237.9,2,82.27,41.135,1,4.5,2,0.0,2,01220,sao paulo,SP
f125f3a310c2e5f822d116147de1e474,16,22,2761.4,125.51818181818182,4,287.89,13.085909090909091,2,4.1875,16,0.125,16,03068,sao paulo,SP
f12d3c2a14729ae461b920c11fe20fdc,9,11,364.45,33.13181818181818,4,94.87,8.624545454545455,2,4.444444444444445,9,0.0,9,09080,santo andre,SP
f12ff17ad8bbf01ec5c33b17e506649b,29,29,6241.0,215.20689655172413,14,651.73,22.47344827586207,1,3.8275862068965516,29,0.10714285714285714,28,03186,sao paulo,SP
f18112da765e0971ca5d510dec322bdd,2,2,327.8,163.9,2,82.95,41.475,0,4.0,2,0.0,2,88351,brusque,SC
f181738b150df1f37cb0bd72e705b193,36,37,5529.7,149.45135135135135,8,1103.05,29.81216216216216,3,4.457142857142857,35,0.11428571428571428,35,06317,carapicuiba,SP
f19516b9ff26bfeb091b30108db4ddbd,5,5,727.6,145.52,5,141.84,28.368000000000002,2,3.0,4,0.0,2,13160,artur nogueira,SP
f1b854361f4e15d5851b494df66f22b2,3,4,1168.8,292.2,3,306.44,76.61,2,3.3333333333333335,3,0.0,3,20020,rio de janeiro,RJ
f1b93673502375d491780bb49d615dbc,8,10,2638.9300000000003,263.89300000000003,8,320.35,32.035000000000004,3,3.125,8,0.25,8,12228,sao jose dos campos,SP
f1c1ac3f3efc07e659c035008e615e66,4,14,2561.96,182.99714285714285,4,302.82,21.63,1,3.75,4,0.0,3,02119,sao paulo,SP
f1ce5fdecd64935c28b9ff932751d0dc,2,2,158.0,79.0,2,22.53,11.265,1,4.5,2,0.0,2,06539,santana de parnaiba,SP
f1ed6bd0a9b11b581f16c851c6a5a527,17,18,1622.77,90.15388888888889,3,373.81,20.767222222222223,3,4.411764705882353,17,0.058823529411764705,17,90240,porto alegre,RS
f1fd5ab1181f827ffad998c1a5de7d74,15,15,7045.99,469.73266666666666,11,831.97,55.464666666666666,2,4.666666666666667,15,0.0,15,80010,curitiba,PR
f1fdf2d13186575751aa25876536d85c,1,1,26.3,26.3,1,8.29,8.29,1,5.0,1,0.0,1,05314,sao paulo,SP
f205b1a3ca9a34e0f8a228bae6e4c7b3,8,8,1088.0,136.0,7,396.9,49.6125,1,4.875,8,0.0,8,94965,cachoeirinha,RS
f214d28e8d8e3ef068748498ccc2f813,54,59,2212.41,37.498474576271185,21,809.11,13.713728813559323,4,4.134615384615385,52,0.0784313725490196,51,03872,sao paulo,SP
f22a247b79dd22ecd91dc8e3b2a1b07c,8,8,439.94,54.9925,5,134.9,16.8625,1,4.0,8,0.25,8,08573,itaquaquecetuba,SP
f2336e113377dd21c744d9c4fc8293a9,4,4,3563.0,890.75,2,199.07999999999998,49.769999999999996,2,4.25,4,0.0,4,03659,sao paulo,SP
f235413f677777a0738ff215d0184901,3,3,1696.7,565.5666666666667,2,91.64,30.546666666666667,1,3.6666666666666665,3,0.0,2,17250,bariri,SP
f25e239052084705e17a982bc600ab2a,8,8,7380.0,922.5,8,405.48,50.685,4,4.142857142857143,7,0.0,7,01123,sao paulo,SP
f262cbc1c910c83959f849465454ddd3,192,207,10482.83,50.64169082125604,80,2507.02,12.1112077294686,9,4.144736842105263,190,0.09574468085106383,188,03564,sao paulo,SP
f266295f49a28eee21f413e0cbb0521d,2,2,149.8,74.9,2,28.14,14.07,2,4.5,2,0.0,2,84020,ponta grossa,PR
f26d70155c2b6326fcfa1780c8c684e4,1,1,202.89,202.89,1,16.17,16.17,1,5.0,1,0.0,1,89150,presidente getulio,SC
f27e33c6d29b5138fa9967bcd445b6d5,93,98,8888.3,90.69693877551019,22,1593.95,16.264795918367348,11,4.076923076923077,91,0.10989010989010989,91,04273,sao paulo,SP
f3041c2e75ec683697a6a5ea82192210,1,1,145.0,145.0,1,24.0,24.0,1,5.0,1,0.0,1,35680,itauna,MG
f3055483058c84d75ca2a3314fb4deef,1,1,67.5,67.5,1,35.79,35.79,1,1.0,1,,0,40368,salvador,BA
f307937c1bb287c3efc2a514b94b0d1d,1,1,189.99,189.99,1,26.61,26.61,1,5.0,1,0.0,1,38183,araxa,MG
f326006815956455b2859abd58fe7e39,9,30,3147.16,104.90533333333333,6,666.02,22.200666666666667,3,4.666666666666667,9,0.0,9,15601,fernandopolis,SP
f3295428338a40977a03f555246a70f4,7,7,644.98,92.14,7,124.4,17.771428571428572,1,3.5714285714285716,7,0.2857142857142857,7,29032,vitoria,ES
f3511c85f59f8dec53d140501ee8e7a8,1,1,69.9,69.9,1,8.11,8.11,1,5.0,1,0.0,1,80045,curitiba,PR
f356c348fbc8df6a882823e21f5ce8b7,2,2,195.18,97.59,1,30.47,15.235,1,4.0,1,0.0,1,92025,canoas,RS
f35b3c613c4f7b2275f4185d0a3c59ec,9,9,4047.25,449.69444444444446,8,167.04,18.56,2,4.555555555555555,9,0.2222222222222222,9,05417,sao paulo,SP
f35becee938e982bd615edf8ef12bcfb,6,6,148.59,24.765,5,78.22,13.036666666666667,2,4.0,6,0.0,6,19160,alvares machado,SP
f3862c2188522d89860c38a3ea8b550d,1,1,15.5,15.5,1,12.79,12.79,1,5.0,1,0.0,1,14092,ribeirao preto,SP
f3975e8a41157005d4bcbb358678cd9b,2,2,178.8,89.4,2,83.97999999999999,41.989999999999995,2,5.0,2,0.0,2,89870,pinhalzinho,SC
f3b80352b986ab4d1057a4b724be19d0,87,92,10505.1,114.1858695652174,4,2187.63,23.77858695652174,2,4.172413793103448,87,0.0,86,71200,brasilia,DF
f3c38ab652836d21de61fb8314b69182,15,15,1581.0,105.4,11,247.59,16.506,4,4.266666666666667,15,0.06666666666666667,15,01206,sao paulo,SP
f3da5b2ff499efb8d4a6d371d175d7dd,79,84,3702.29,44.07488095238095,30,1124.57,13.387738095238095,11,3.835526315789474,76,0.14666666666666667,75,02407,sao paulo,SP
f410c8873029fcc3809b9df6d0b28914,2,2,289.8,144.9,2,37.3,18.65,1,5.0,2,0.0,2,95076,caxias do sul,SP
f419677537694f0462a91990df6ca44f,6,6,220.5,36.75,6,78.78,13.13,0,4.0,6,0.16666666666666666,6,09750,sao bernardo do campo,SP
f41ce2e25237f9092cd8e6e7516c7a2f,27,28,2030.9,72.53214285714286,10,331.7,11.846428571428572,5,4.296296296296297,27,0.0,26,07013,guarulhos,SP
f435898e493ba0356019a0b1cb8b55b1,10,12,649.76,54.14666666666667,5,230.92000000000002,19.243333333333336,1,4.555555555555555,9,0.0,9,81720,curitiba,PR
f43827dd686be3a4a80e00aa299990fb,1,2,95.54,47.77,1,30.2,15.1,1,2.0,1,0.0,1,15055,sao jose do rio preto,SP
f44b6f775a2b390380e0e30b5c9d3eee,10,10,2930.0,293.0,10,258.24,25.824,2,4.888888888888889,9,0.0,9,03057,sao paulo,SP
f44bdc12aa39f5271f0b95f66cd4c289,5,7,357.5,51.07142857142857,4,74.57,10.652857142857142,1,4.333333333333333,3,0.3333333333333333,3,12914,braganca paulista,SP
f45122a9ab94eb4f3f8953578bc0c560,187,200,22078.29,110.39145,89,3325.84,16.6292,8,3.9945054945054945,182,0.0782122905027933,179,13419,piracicaba,SP
f457c46070d02cadd8a68551231220dd,199,234,19093.0,81.59401709401709,23,3714.22,15.872735042735043,1,4.02906976744186,172,0.07100591715976332,169,87047,maringa,PR
f46490624488d3ff7ce78613913a7711,83,91,5802.85,63.767582417582425,35,1747.82,19.206813186813186,1,3.6626506024096384,83,0.125,80,07194,guarulhos,SP
f4a04f7be452aa3bb31760bf00055dd0,18,18,1312.1,72.89444444444445,8,241.85,13.43611111111111,1,4.666666666666667,18,0.05555555555555555,18,09010,santo andre,SP
f4aba7c0bca51484c30ab7bdc34bcdd1,110,117,3009.79,25.724700854700853,12,1547.71,13.228290598290599,2,3.94392523364486,107,0.06542056074766354,107,01031,sao paulo,SP
f4c4daa86e30c7e5a553a8d518ac03a5,20,20,6301.91,315.0955,20,369.29,18.4645,2,3.7,20,0.05555555555555555,18,85801,cascavel,PR
f4ce8ca9fa7157e3b33f536ac9a4487d,4,4,409.6,102.4,3,97.53,24.3825,2,4.75,4,0.0,4,16306,penapolis,SP
f4db9b37944bcb8873e6b456ee190bbf,21,22,3409.78,154.99,8,500.16,22.734545454545454,2,4.571428571428571,21,0.09523809523809523,21,08599,itaquaquecetuba,SP
f524ad65d7e0f1daab730ef2d2e86196,1,2,578.0,289.0,1,31.5,15.75,1,1.0,1,1.0,1,99300,soledade,RS
f52c2422904463fdd7741f99045fecb6,12,13,567.79,43.676153846153845,10,177.01,13.616153846153846,3,4.25,12,0.08333333333333333,12,09230,santo andre/sao paulo,SP
f5403d3f50089112c4eed37928b7f622,2,2,190.8,95.4,2,32.4,16.2,2,1.0,2,,0,15600,fernandopolis,SP
f543ba3c973276f519d89d59bd46cead,2,2,258.0,129.0,1,164.04000000000002,82.02000000000001,1,2.0,2,,0,15030,sao jose do rio preto,SP
f593898ec748b7a8cb81fc04edafd98a,20,23,2813.04,122.30608695652174,8,728.08,31.655652173913044,4,3.6315789473684212,19,0.16666666666666666,18,13920,pedreira,SP
f5a590cf36251cf1162ea35bef76fe84,117,122,53201.78,436.0801639344262,63,4239.16,34.747213114754096,3,4.230769230769231,117,0.10619469026548672,113,09720,sao bernardo do campo,SP
f5b44895715ddfe3087dc414f30268f3,19,19,378.8,19.936842105263157,17,275.64,14.50736842105263,1,4.0,19,0.05263157894736842,19,18017,sorocaba,SP
f5b84683a9bf9e1df748cf40f601b39c,1,1,83.9,83.9,1,9.07,9.07,1,5.0,1,0.0,1,01127,sao paulo,SP
f5f1f2c5f923f36ad79ea1d07185ddc9,12,13,1912.15,147.08846153846156,6,203.68,15.667692307692308,1,3.25,12,0.1,10,19820,taruma,SP
f5f2ab9bdb6b30c14c61be68c5ed37da,18,18,2134.6800000000003,118.59333333333335,14,339.87,18.881666666666668,3,4.277777777777778,18,0.1111111111111111,18,13660,porto ferreira,SP
f5f46307a4d15880ca14fab4ad9dfc9b,9,10,1422.94,142.294,6,231.38,23.137999999999998,3,4.111111111111111,9,0.1111111111111111,9,89165,rio do sul,SC
f5fea3ffed6c2e889bab72705557c63a,3,3,1059.9,353.3,3,268.28,89.42666666666666,1,3.6666666666666665,3,1.0,1,21240,rio de janeiro,RJ
f6122bc84774df1b372bdb3bb88ddb9f,3,3,4799.87,1599.9566666666667,1,74.49000000000001,24.830000000000002,1,3.6666666666666665,3,0.3333333333333333,3,06436,barueri,SP
f615fe7efbef0f4f08fd3086bc7a3e60,23,24,2359.27,98.30291666666666,18,389.69,16.237083333333334,4,4.45,20,0.10526315789473684,19,12940,atibaia,SP
f61c63d13f7cd800549d5acdd390ae72,26,26,3072.3,118.16538461538462,11,429.39,16.515,4,4.0,26,0.07692307692307693,26,18185,pilar do sul,SP
f626e15b7314c267e4429010866f70e9,5,7,193.54999999999998,27.65,3,125.47,17.924285714285713,3,3.8,5,0.0,5,85960,marechal candido rondon,SP
f62d7bb4a613ec758a03342d46b580b2,32,32,24665.0,770.78125,2,2125.59,66.4246875,2,4.375,32,0.125,32,36570,vicosa,MG
f63d8f293af3a6454377546bd9dd19ff,17,28,1751.82,62.565,11,495.13,17.683214285714286,2,4.470588235294118,17,0.11764705882352941,17,18110,votorantim,SP
f650a9708fa1bab22bdd8d3a818cc415,5,5,507.75,101.55,4,86.83,17.366,1,3.4,5,0.0,4,88901,ararangua,SC
f664f98bfda2eaf266a23ff144e7a872,2,2,153.99,76.995,2,7.8100000000000005,3.9050000000000002,1,5.0,1,0.0,1,04001,sao paulo,SP
f67efa3f0b6761102a7f8c6b7b571f5d,31,32,5188.68,162.14625,9,841.49,26.2965625,4,4.586206896551724,29,0.0,29,82300,curitiba,PR
f680f85bee2d253556ac91be391d2c82,45,54,5183.92,95.99851851851852,10,893.42,16.544814814814814,2,4.333333333333333,45,0.022222222222222223,45,06365,carapicuiba,SP
f682e0f848abafc6f41e0d4e868c66ef,2,2,269.98,134.99,2,34.02,17.01,1,3.5,2,0.5,2,07600,mairipora,SP
f7315bb81aea4ddca2d39e249a801c98,2,2,379.8,189.9,1,50.28,25.14,1,4.5,2,0.5,2,07082,guarulhos,SP
f7496d659ca9fdaf323c0aae84176632,26,27,5087.57,188.4285185185185,16,844.9399999999999,31.29407407407407,2,4.56,25,0.08333333333333333,24,04156,sao paulo,SP
f76a3b1349b6df1ee875d1f3fa4340f0,24,24,4160.79,173.36625,6,588.19,24.50791666666667,1,3.391304347826087,23,0.391304347826087,23,03275,sao paulo,SP
f7720c4fa8e3aba4546301ab80ea1f1b,60,78,2083.45,26.710897435897433,28,1335.52,17.12205128205128,3,4.232758620689655,58,0.05263157894736842,57,81350,curitiba,PR
f783a638e9c6af4a7d0dbfde811e7a81,5,5,849.8,169.95999999999998,4,153.1,30.619999999999997,2,4.0,5,0.2,5,03063,sao paulo,SP
f789d2c4f2c2eb38fc4373e7a4b35264,44,49,4864.24,99.27020408163264,28,869.0,17.73469387755102,2,4.3076923076923075,39,0.05128205128205128,39,36010,juiz de fora,MG
f7ba60f8c3f99e7ee4042fdef03b70c4,219,230,68395.0,297.3695652173913,9,4341.01,18.87395652173913,2,4.242990654205608,214,0.1596244131455399,213,09628,sao bernardo do campo,SP
f7c31656c19db6275a8acadca289f426,1,1,61.56,61.56,1,16.19,16.19,0,3.0,1,0.0,1,14940,ibitinga,SP
f7ccf836d21b2fb1de37564105216cc1,70,74,2787.4,37.667567567567566,23,1123.04,15.176216216216215,2,3.830769230769231,65,0.10606060606060606,66,14940,ibitinga,SP
f7df46c1e0ec44eed5c6726478da4a17,3,3,429.70000000000005,143.23333333333335,2,57.739999999999995,19.246666666666666,1,1.0,3,,0,93336,novo hamburgo,RS
f805b96fa705ba7995a221f1749dc141,7,7,2744.44,392.0628571428571,6,242.43,34.63285714285714,1,4.428571428571429,7,0.0,7,87013,maringa,PR
f80edd2c5aaa505cc4b0a3b219abf4b8,119,128,9108.2,71.1578125,23,3000.74,23.44328125,6,4.178571428571429,112,0.05454545454545454,110,03431,sao paulo,SP
f8201cab383e484733266d1906e2fdfa,10,10,889.0,88.9,4,255.82999999999998,25.583,1,4.1,10,0.2,10,88137,palhoca,SC
f84a00e60c73a49e7e851c9bdca3a5bb,90,99,5949.9400000000005,60.100404040404044,22,2001.82,20.22040404040404,2,3.8202247191011236,89,0.11494252873563218,87,20756,rio de janeiro,RJ
f84fa566034f5e8e880a07ec624c56af,91,102,5093.79,49.93911764705882,8,1232.91,12.087352941176471,3,4.211111111111111,90,0.1348314606741573,89,13330,indaiatuba,SP
f88adb15807168d3c43d71021090ce4a,3,3,488.8,162.93333333333334,2,52.26,17.419999999999998,2,3.3333333333333335,3,0.0,3,13660,porto ferreira,SP
f8d5c7085db9a4ad2b8c1ffbeb2798c8,6,6,263.0,43.833333333333336,5,100.41,16.735,1,5.0,6,0.0,6,04104,sao paulo,SP
f8db351d8c4c4c22c6835c19a46f01b0,667,724,50525.6,69.78674033149171,146,12554.2,17.340055248618786,19,4.269230769230769,650,0.05263157894736842,646,13324,salto,SP
f8e2c1b59cd4225a3e4fd0d013a76b93,2,3,219.8,73.26666666666667,2,44.63,14.876666666666667,1,5.0,2,0.0,2,14021,ribeirao preto,SP
f8f35af4634605e6693c17cc3ffff5a8,1,1,90.0,90.0,1,16.39,16.39,1,5.0,1,0.0,1,37400,campanha,MG
f90f77ef2799a27f80d90c425ca944f7,1,1,70.0,70.0,1,19.46,19.46,1,5.0,1,0.0,1,86020,londrina,PR
f918546be4bec7104d117789ba758b2b,20,23,1483.0,64.47826086956522,3,347.15,15.093478260869563,1,3.85,20,0.2,20,05634,sao paulo,SP
f9244d45189d3a3605499abddeade7d5,21,21,15731.43,749.1157142857143,11,875.99,41.71380952380952,3,4.285714285714286,21,0.0,20,03029,sao paulo,SP
f92d8c817434bd2d84d4e9c61322b7fa,5,5,174.84,34.968,3,50.769999999999996,10.154,1,4.6,5,0.2,5,18048,sorocaba,SP
f97e2b0650c2068227e1d366140eb62f,16,21,3654.0,174.0,7,1011.98,48.18952380952381,2,4.0,15,0.0625,16,13830,santo antonio de posse,SP
f9903dd0f812c7e771fcad47b6fff231,10,15,1684.8500000000001,112.32333333333334,9,416.63,27.775333333333332,3,3.375,8,0.0,8,89070,blumenau,SC
f9a02f1922d1de564392e656d82b3fda,1,1,125.9,125.9,1,11.49,11.49,1,4.0,1,,0,08502,ferraz de vasconcelos,SP
f9bbdd976532d50b7816d285a22bd01e,2,2,268.0,134.0,2,30.369999999999997,15.184999999999999,1,5.0,2,0.0,1,05319,sao paulo,SP
f9d010e39375d9c91dce3f40b73a2f84,4,5,1212.0,242.4,2,138.14,27.627999999999997,1,3.5,4,0.25,4,12600,lorena,SP
f9ec7093df3a7b346b7bcf7864069ca3,9,9,519.2,57.6888888888889,9,118.93,13.214444444444446,5,5.0,8,0.125,8,05138,sao paulo,SP
f9eda05b67bef472deaddbba84aca289,1,1,185.0,185.0,1,51.79,51.79,1,1.0,1,,0,88870,orleans,SC
f9eedec3129e8cc6b6429c42d0808c5b,2,2,789.8,394.9,2,43.35,21.675,1,4.5,2,0.0,2,22793,"rio de janeiro, rio de janeiro, brasil",RJ
f9f68daa2af419d38f745478bcb3da1a,2,2,22.4,11.2,1,28.96,14.48,1,3.0,2,0.0,1,13180,sumare,SP
fa14641f57b655e933124a9ea49cd7a5,7,7,359.92999999999995,51.41857142857142,6,83.06,11.865714285714287,3,4.571428571428571,7,0.0,7,01310,sao paulo,SP
fa18c782a4866d313cadab567097f8f1,1,1,58.99,58.99,1,19.65,19.65,1,1.0,1,,0,31535,belo horizonte,MG
fa1a9dec3a9940c072684a46728bf1fc,55,60,6674.0,111.23333333333333,35,1201.71,20.0285,1,4.235294117647059,51,0.0,51,88820,icara,SC
fa1c13f2614d7b5c4749cbc52fecda94,585,586,194042.03,331.12974402730373,289,10042.7,17.137713310580207,5,4.353251318101933,569,0.10424028268551237,566,13170,sumare,SP
fa3a0b5aabb344b9a92e3524b0202123,7,7,1789.0,255.57142857142858,3,164.41,23.487142857142857,1,4.142857142857143,7,0.14285714285714285,7,83020,sao jose dos pinhais,SP
fa40cc5b934574b62717c68f3d678b6d,307,340,16055.87,47.22314705882353,16,4530.9,13.326176470588234,3,4.473333333333334,300,0.06354515050167224,299,02310,sao paulo,SP
fa5fdc4e4bb6bd1009ad0e4ac4096562,1,1,161.99,161.99,1,32.86,32.86,1,5.0,1,0.0,1,09111,santo andre,SP
fa74b2f3287d296e9fbd2cc80f2d1cf1,11,11,2459.89,223.62636363636364,5,175.79000000000002,15.980909090909092,1,2.3636363636363638,11,0.4,5,19023,presidente prudente,SP
fa7ad8ae9bcb2c4493fdf38e96b1d74f,1,2,88.0,44.0,1,23.7,11.85,1,1.0,1,,0,13920,pedreira,SP
fa8d335d68129e464e60c1826a683e96,1,1,139.9,139.9,1,34.78,34.78,1,4.0,1,0.0,1,95660,tres coroas,RS
fac1a9017ade7bdc94058fc1c969f355,9,10,2010.84,201.084,9,212.07,21.207,2,4.666666666666667,9,0.0,9,01126,sao paulo,SP
fac35d150712afb921ec59ac5f39bb11,5,6,696.0,116.0,2,104.64,17.44,2,4.4,5,0.0,5,38650,bonfinopolis de minas,MG
fad44952713764836814be105382aee5,32,32,5129.0,160.28125,1,507.88,15.87125,1,4.354838709677419,31,0.03225806451612903,31,21340,rio de janeiro,RJ
fadb07c842a2aef5d5a676b85f220e71,7,7,398.75,56.964285714285715,6,171.62,24.517142857142858,2,4.714285714285714,7,0.0,7,15052,sao jose do rio preto,SP
fb3cfbc8a86f5d7fbb4d36b8df63f60d,10,15,1007.3000000000001,67.15333333333334,7,217.76,14.517333333333333,1,4.333333333333333,9,0.0,9,21825,rio de janeiro,RJ
fb503a924a0b9db19d83dd0ac6dbef8c,1,1,13.9,13.9,1,17.92,17.92,1,5.0,1,0.0,1,96020,pelotas,RS
fb8904a8ea99f8831b64ce27db2c1765,2,2,278.0,139.0,2,24.36,12.18,1,4.5,2,0.5,2,09550,sao caetano do sul,SP
fb89df7f89fd1b8f03fa2acca1ba7364,22,25,2220.0,88.8,10,467.43,18.6972,1,3.8636363636363638,22,0.09090909090909091,22,85853,foz do iguacu,PR
fbc14c0cf93505ef89f64665ffa4a7b5,18,18,12227.82,679.3233333333333,16,531.11,29.50611111111111,5,4.125,16,0.058823529411764705,17,14150,serrana,SP
fc0b214b59a83615fea981c6424a02ae,1,1,159.9,159.9,1,12.14,12.14,1,5.0,1,0.0,1,09380,maua,SP
fc38b5dceee1a730fad8853453437fbd,5,5,119.2,23.84,5,58.81,11.762,2,4.6,5,0.0,5,13073,campinas,SP
fc4751cfe3b279c419615b9b00c1abb4,1,1,453.7,453.7,1,17.35,17.35,1,5.0,1,0.0,1,86047,londrina,PR
fc59392d66ef99377e50356ee4f3b4e1,5,5,519.99,103.998,5,86.97,17.394,3,3.6,5,0.0,5,40243,salvador,BA
fc5a0d7a310a7a41abf86a458585ff2b,2,2,162.8,81.4,2,27.36,13.68,1,2.5,2,0.0,1,03655,sao paulo,SP
fc6295add6f51a0936407ead70c1001d,1,4,160.0,40.0,4,70.52,17.63,1,1.0,1,0.0,1,04101,sao paulo,SP
fc906263ca5083d09dce42fe02247800,114,119,4497.7,37.79579831932773,17,1885.58,15.845210084033614,3,4.389380530973451,113,0.0,111,31030,belo horizonte,MG
fc908879b9ca1bd65419e54e50432d38,4,4,119.19999999999999,29.799999999999997,2,52.68,13.17,1,5.0,4,0.0,4,04558,sao paulo,SP
fc99f99385ae90f66f01733856fb88c9,1,1,89.9,89.9,1,21.12,21.12,1,1.0,1,,0,18550,boituva,SP
fcb5ace8bcc92f75707dc0f01a27d269,62,73,8318.63,113.95383561643834,43,954.7,13.078082191780823,11,3.9,60,0.034482758620689655,58,07032,guarulhos,SP
fcba71d4d5db057f43249145e4eb1e27,3,3,494.55,164.85,3,53.72,17.906666666666666,1,4.666666666666667,3,0.0,3,13481,limeira,SP
fcdd820084f17e9982427971e4e9d47f,16,27,4783.99,177.1848148148148,5,881.75,32.657407407407405,2,3.9375,16,0.125,16,14075,ribeirao preto,SP
fce62094ffe6a4009188ec44e681dfdd,4,11,2969.7,269.97272727272724,3,482.93,43.902727272727276,3,4.0,4,0.25,4,04674,sao paulo,SP
fcf16b7a8697e559f0123190bb30177d,3,7,1052.8,150.4,1,499.77,71.39571428571428,1,3.3333333333333335,3,0.6666666666666666,3,03679,sao paulo,SP
fd312b6bf05efac6c3772d5b52205d8a,2,4,118.69999999999999,29.674999999999997,2,45.62,11.405,1,5.0,2,0.0,2,18111,votorantim,SP
fd386aa7bed2af3c7035c65506c9b4a3,69,76,2304.15,30.31776315789474,41,1012.02,13.316052631578946,14,4.3538461538461535,65,0.1076923076923077,65,04208,sao paulo,SP
fd435faa3c0422b60440ea3480d0e77c,1,1,749.0,749.0,1,133.87,133.87,1,5.0,1,0.0,1,58073,joao pessoa,PB
fdaaf5bfda82b7b80535610c831b8d09,10,15,2588.9,172.59333333333333,12,259.42,17.294666666666668,2,4.2,10,0.1,10,15015,sao jose do rio preto,SP
fdb9095204a334cd8872252ffec6f2db,46,61,8156.0,133.70491803278688,14,1133.37,18.57983606557377,1,4.166666666666667,45,0.06666666666666667,45,03331,sao paulo,SP
fde0cc9ea29c8ccfc0a2c22256a58c71,35,35,3922.0,112.05714285714286,9,999.27,28.550571428571427,3,4.485714285714286,35,0.02857142857142857,35,81650,curitiba,PR
fdf736c18c589ed030e058312203e1b2,1,1,30.0,30.0,1,14.51,14.51,1,5.0,1,0.0,1,37704,pocos de caldas,MG
fe19dce63ae80346207c6c55713d1023,1,1,49.9,49.9,1,21.82,21.82,1,5.0,1,0.0,1,38010,uberaba,MG
fe1b067411b8c5066e962aa146ccee03,8,8,847.78,105.9725,2,143.1,17.8875,2,4.625,8,0.0,8,19020,presidente prudente,SP
fe1bbc5feda5c8979a8a1b3b2512d5a6,9,10,724.72,72.47200000000001,7,137.53,13.753,1,3.888888888888889,9,0.1111111111111111,9,38680,arinos,MG
fe2032dab1a61af8794248c8196565c9,294,306,65959.61,215.55428104575162,70,4721.34,15.42921568627451,2,4.4070175438596495,285,0.09027777777777778,288,13030,campinas,SP
fe26f3ecb51a15e6d8335cd92da42562,7,7,2708.96,386.9942857142857,7,262.59000000000003,37.51285714285715,1,4.428571428571429,7,0.14285714285714285,7,04365,sao paulo,SP
fe49ee029e61e789a1f3a5525f57ba8d,17,17,2527.5899999999997,148.68176470588233,11,224.85,13.226470588235294,6,4.0588235294117645,17,0.0625,16,06018,osasco,SP
fe4cd9461203cee790d36792420b310f,3,3,391.15,130.38333333333333,2,54.379999999999995,18.126666666666665,1,4.0,3,0.0,3,35300,caratinga,MG
fe701d88b67eaca109dffd464d1be9f9,11,11,1548.9,140.8090909090909,3,239.04,21.73090909090909,1,4.0,11,0.1,10,24900,marica,RJ
fe8055980a4ff7f64ed889c2b5926929,3,3,196.70000000000002,65.56666666666668,2,53.28,17.76,2,4.666666666666667,3,0.0,3,81925,curitiba,PR
fe87f472055fbcf1d7e691c00b1560dc,6,6,1085.8,180.96666666666667,4,130.16,21.69333333333333,1,4.5,6,0.16666666666666666,6,13085,campinas,SP
fe9d9cf8631285d5982c6e2cf27fb114,1,1,69.9,69.9,1,23.64,23.64,1,4.0,1,0.0,1,36200,barbacena/ minas gerais,MG
feb793c88d836c3a75efa4b5a3465d70,1,1,466.0,466.0,1,64.17,64.17,1,5.0,1,0.0,1,03165,sao paulo,SP
febab0275244b9a49a623f0bd613ca2f,109,129,7272.42,56.3753488372093,45,3016.75,23.385658914728683,3,4.435643564356436,101,0.05102040816326531,98,13920,pedreira,SP
fec6275253471ace26d209bbaa64cd0f,9,10,2840.0,284.0,2,355.66999999999996,35.56699999999999,1,4.555555555555555,9,0.0,9,28605,nova friburgo,RJ
fec6912baad85d41729669edd6b4d3b8,1,1,210.0,210.0,1,51.97,51.97,1,1.0,1,,0,14110,ribeirao preto,SP
fec8cd45395b3cb0c2b173d7739706a1,4,4,1280.0,320.0,3,96.94,24.235,1,3.75,4,0.0,4,12270,jambeiro,SP
fedaedd3ca31d56ab33e92035e4b361c,1,1,39.9,39.9,1,10.96,10.96,1,4.0,1,0.0,1,24310,niteroi,RJ
fedf2c1386e137f296b3bbf3b635e69d,2,5,131.74,26.348000000000003,2,79.16,15.831999999999999,2,3.5,2,0.0,2,03410,sao paulo,SP
ff063b022a9a0aab91bad2c9088760b7,94,96,12076.5,125.796875,9,1984.77,20.6746875,3,4.384615384615385,91,0.03296703296703297,91,09171,santo andre,SP
ff1e15b778c700abdd4d239b81ac466d,7,7,414.3,59.18571428571429,2,114.86,16.408571428571427,2,4.571428571428571,7,0.0,7,81260,curitiba,PR
ff1fb4c404b2efe68b03350a8dc24122,46,49,6771.0,138.18367346938774,21,895.95,18.28469387755102,6,4.162790697674419,43,0.16279069767441862,43,08710,mogi das cruzes,SP
ff314fa6033cc68ec451c47aee2d6ba4,2,2,537.9,268.95,2,32.44,16.22,0,5.0,2,0.0,2,05424,sao paulo,SP
ff4e2d38692ce827b1a4f4b8196e680d,11,11,518.9,47.17272727272727,3,150.28,13.661818181818182,2,4.2727272727272725,11,0.0,11,03319,sao paulo,SP
ff4ea69c2a729e83e63c7579e4ef8170,9,9,7017.0,779.6666666666666,4,171.62,19.06888888888889,1,4.5,8,0.0,8,07071,guarulhos,SP
ff69aa92bb6b1bf9b8b7a51c2ed9cf8b,20,20,21940.8,1097.04,13,1754.4,87.72,2,3.65,20,0.25,20,08140,sao paulo,SP
ff82e8873fba613f2261a9acc896fd84,4,4,124.6,31.15,3,58.93,14.7325,2,3.5,4,0.0,4,35900,itabira,MG
ffa6adafb71b807dc13159e26431354c,18,18,2669.9,148.32777777777778,10,537.08,29.83777777777778,5,3.7777777777777777,18,0.0,17,86030,londrina,PR
ffad1e7127fb622cb64a900751590acd,10,15,884.3,58.95333333333333,8,206.53,13.768666666666666,2,4.8,10,0.0,10,13465,americana,SP
ffc470761de7d0232558ba5e786e57b7,28,31,1649.01,53.19387096774194,15,438.12,14.132903225806452,8,4.444444444444445,27,0.037037037037037035,27,07091,guarulhos,SP
ffcfefa19b08742c5d315f2791395ee5,1,1,69.9,69.9,1,9.62,9.62,1,1.0,1,,0,80045,curitiba,PR
ffdd9f82b9a447f6f8d4b91554cc7dd3,18,20,2101.2,105.05999999999999,12,727.46,36.373000000000005,2,4.333333333333333,18,0.0,18,80030,curitiba,PR
ffeee66ac5d5a62fe688b9d26f83f534,14,14,1839.8600000000001,131.41857142857143,3,419.69,29.977857142857143,1,4.214285714285714,14,0.14285714285714285,14,15130,mirassol,SP
fffd5413c0700ac820c7069d66d98c89,60,61,9062.3,148.5622950819672,29,2833.74,46.45475409836065,3,3.981818181818182,55,0.1509433962264151,53,13908,amparo,SP
ffff564a4f9085cd26170f4732393726,20,20,1426.3,71.315,15,344.56,17.228,6,2.1,20,0.0,8,13070,campinas,SP
